Time,TWE_set,TEI,TWEI,TEO,TWEO,TCI,TWCI,TCO,TWCO,TSI,TSO,TBI,TBO,Cond Tons,Cooling Tons,Shared Cond Tons,Cond Energy Balance,Evap Tons,Shared Evap Tons,Building Tons,Evap Energy Balance,kW,COP,kW/Ton,FWC,FWE,TEA,TCA,TRE,PRE,TRC,PRC,TRC_sub,T_suc,Tsh_suc,TR_dis,Tsh_dis,P_lift,Amps,RLA%,Heat Balance,Heat Balance%,Tolerance%,Unit Status,Active Fault,TO_sump,TO_feed,PO_feed,PO_net,TWCD,TWED,VSS,VSL,VH,VM,VC,VE,VW,TWI,TWO,THI,THO,FWW,FWH,FWB,TEI-TEO,TCO-TCI,fault level,Label,Condition block
3.575,50,62.28,62.3,63.2,63.1,64.28,64.2,65.14,65,66.18,67.78,64.75,65.76,1.38e-46,1.67e-46,2.58e-46,5.63e-46,1.1999999999999999e-46,2e-46,1.31e-46,4.5e-46,1.68e-45,4.21e-46,1.68e-45,3.87e-45,3.1e-45,0.3,0,63,61.5,63.1,61.6,0,80.8,17.8,71.1,8,0,0,0,0,0,23.27,1,29,103.7,85.3,57.1,0,1,0,0,0,100,100,57,56,0,65.23,70.15,67.01,71.33,8.15e-46,7.26e-46,8.76e-46,-0.92,0.8599999999999994,Normal,100,1
23.57,50,62.24,63.3,63.16,63.3,64.32,65.3,65.1,64.7,66.14,67.82,64.75,65.76,5.29,7.071,11.47,23.83,5.175,8.861,5.659,19.69,1.68e-45,18.2,3.25e-46,163.6,134,0.3,0.5,63,61.5,65.2,64.6,0,80.8,17.8,71.1,5.9,3.1,0,0,-0.4048,-2.176,23.27,1,29,103.3,85.3,56.6,0,0,0,0,0,100,100,57,56,30,65.27,70.15,67.87,70.96,34.74,43.89,37.2,-0.92,0.7800000000000011,Normal,100,2
33.57,50,62.52,64.8,63.25,63.7,64.57,65.1,65.1,65.4,66.14,67.49,64.71,65.64,5.547,10.85,14.17,30.56,6.132,12.43,7.909,26.47,1.68e-45,21.56,2.74e-46,251,203.7,0,0,64.7,63.8,64.5,63.6,0,81.2,16.7,71.1,6.6,0.5,0,0,2.057,10.55,23.27,6,0,103.1,85.3,59.1,0,0.4,0.9,0,0,100,100,57,56,30,65.27,69.95,68.4,68.87,55.63,189.8,30.77,-0.73,0.5300000000000011,Normal,100,2
43.57,50,63.01,64.4,63.49,64.7,64.69,64.5,65.14,64.7,65.89,66.75,64.55,65.31,4.873,8.157,9.385,22.42,4.236,9.377,6.825,20.44,1.68e-45,14.89,3.97e-46,260.8,213.3,0.6,0,63.9,62.7,64.1,63.1,0,81.3,17.6,70.9,7,0.9,0,0,-2.241,-13.08,23.27,6,0,102.8,85.3,58.6,0,0,0,0,0,100,100,57,56,30,65.39,69.01,67.01,67.73,54.15,163.8,35.75,-0.48,0.4500000000000028,Normal,100,2
53.58,50,63.38,64.4,63.78,64.2,64.77,65,65.1,65,65.77,66.18,64.42,65.11,3.626,7.446,4.6,15.67,3.531,5.775,6.138,15.44,1.68e-45,12.42,4.76e-46,267.2,214.7,0.1,0,63.9,62.7,64.9,64.1,0,81.5,17.3,70.9,6,0.9,0,0,-0.3331,-2.613,23.27,6,0,102.8,85.4,58.1,0,0,0.4,0,0,100,100,57,56,30,65.15,68.02,66.6,66.99,62.09,147.3,128.6,-0.4,0.3299999999999983,Normal,100,2
63.57,50,63.59,65,63.86,64.4,64.86,65,65.1,65,65.6,65.94,64.42,65.07,2.735,5.666,3.718,12.12,2.43,5.039,5.768,13.24,1.68e-45,8.545,6.92e-46,269.3,214.6,0,0,64.5,63.6,64.1,63.1,0,81.7,17,70.9,7,0.5,0,0,-1.073,-11.15,23.27,6,0,102.5,85.4,59.1,0,0.2,0.6,0,0,100,100,57,56,30,64.82,67.37,66.11,66.5,53.32,138.4,148.4,-0.27,0.2399999999999948,Normal,100,2
73.57,50,63.92,65.1,64.06,64.7,64.81,64.8,65.1,64.7,65.4,65.57,64.5,65.07,3.206,3.38,1.886,8.472,1.332,3.942,5.036,10.31,1.68e-45,4.683,1.26e-45,270.2,214.6,0.4,0,64.4,63.5,64.5,63.6,0,81.8,17.4,70.9,6.4,0,0,0,-6.59,-58.46,23.27,6,0,102.5,85.4,59.1,0,0,0.3,0,0,100,100,57,56,30,64.49,66.67,65.98,66.17,37.18,120.9,175.6,-0.14,0.289999999999992,Normal,100,2
83.58,50,64.16,65,64.27,64.8,64.9,65,65.06,64.8,65.36,65.36,64.55,65.07,1.82,3.374,0.04219,5.236,0.9714,2.49,4.693,8.154,1.68e-45,3.415,1.68e-45,269.7,215.7,0.3,0,64.4,63.5,64.1,63.1,0,81.8,17.4,71.1,6.4,0,0,0,-2.882,-45.05,23.27,6,0,102.5,85.3,59.1,0,0,0.3,0,0,100,100,57,56,30,64.29,66.1,65.78,65.97,44.65,112.6,210,-0.11,0.1599999999999966,Normal,100,2
93.58,50,64.37,65,64.43,64.8,64.9,64.8,65.06,64.8,65.28,65.24,64.63,65.07,1.82,2.453,0.4167,3.856,0.5995,1.743,3.932,6.275,1.68e-45,2.108,1.68e-45,269.7,214.3,0,0,64.8,63.8,64.9,64.1,0,81.8,17.3,70.9,6.2,0,0,0,-2.883,-45.05,23.27,6,0,102.5,85.3,59.1,0,0,0.3,0,0,100,100,57,56,30,64.16,65.73,65.62,65.8,37.55,94.38,227.9,-0.06,0.1599999999999966,Normal,100,2
103.6,50,64.49,65.1,64.6,64.8,64.9,64.8,65.02,64.8,65.2,65.16,64.71,65.11,1.363,1.999,0.4185,2.943,0.9617,1.008,3.554,5.523,1.68e-45,3.381,1.68e-45,270.4,213.5,0.5,0.1,64.5,63.6,64.9,64.1,0,82,17.5,71.1,6.2,0.3,0,0,-1.277,-26.64,23.27,6,0,102.3,85.3,59.1,0,0,0.5,0,0,100,100,57,56,30,64.08,65.45,65.66,65.72,35.19,85.29,246.3,-0.11,0.1199999999999903,Normal,100,2
113.6,50,64.61,65.3,64.68,64.8,64.94,64.8,65.06,65,65.15,65.12,64.75,65.15,1.353,1.068,0.4161,2.005,0.6035,0.6488,3.588,4.84,1.68e-45,2.122,1.68e-45,268.5,215.5,0.2,0,64.8,64,64.9,64.1,0,82,17.2,71.1,6,0.1,0,0,-1.242,-26.1,23.27,6,0,102.7,85.3,59.1,0,0.2,0.3,0,0,100,100,57,56,30,64.2,65.2,65.58,65.64,25.63,86.11,252.9,-0.07,0.1200000000000045,Normal,100,2
123.6,50,64.73,65.3,64.76,65,64.94,65,65.02,64.8,65.11,65.08,64.83,65.15,0.8935,1.066,0.414,1.545,0.2335,0.6448,2.832,3.711,1.68e-45,0.8211,1.68e-45,268,214.1,0.3,0,64.7,63.8,64.9,64.1,0,82,17.1,71.1,6.2,0,0,0,0,0,23.27,6,0,102.7,85.3,59.6,0,0,0.3,0,0,100,100,57,56,30,64.49,65.08,65.58,65.6,25.58,67.98,252.5,-0.03,0.0799999999999983,Normal,100,2
133.6,50,64.82,65.3,64.84,65,64.98,65,65.06,65,65.11,65.04,64.91,65.23,0.9006,0.6135,0.879,0.6351,0.2345,0.647,2.845,3.726,1.68e-45,0.8246,1.68e-45,270.1,215,0.3,0,64.7,63.8,64.5,63.6,0,81.8,16.9,70.9,6.6,0,0,0,0,0,23.27,6,0,102.7,85.4,59.6,0,0,0.2,0,0,100,100,57,56,30,64.86,64.99,65.53,65.56,14.72,68.27,254.6,-0.02,0.0799999999999983,Normal,100,2
143.6,50,64.9,65.3,64.92,65,65.02,65,65.06,65.1,65.15,65.08,65,65.27,0.4388,1.072,0.8765,0.6345,0.2329,0.6416,2.454,3.329,1.68e-45,0.8189,1.68e-45,269.6,213,0.3,0,64.8,64,64.5,63.6,0,82,17.2,70.9,6.2,0,0,0,0,0,23.27,6,0,102.8,85.4,60.1,0,0.1,0.2,0,0,100,100,57,56,30,65.19,65.08,65.58,65.56,25.73,58.9,254.2,-0.02,0.0400000000000062,Normal,100,2
153.6,50,65.02,65.4,65.01,65.1,65.02,65,65.1,65.1,65.15,65.08,65.04,65.31,0.8969,0.6109,0.8747,0.6332,0.131,0.2802,2.472,2.621,1.68e-45,0.4604,1.68e-45,269,214.5,0.2,0,64.9,64.1,64.5,63.6,0,82,17.1,71.1,6.6,0,0,0,0,0,23.27,6,0,102.8,85.4,59.6,0,0,0.3,0,0,100,100,57,56,30,65.31,65.16,65.53,65.56,14.66,59.33,262.3,0.0099999999999909,0.0799999999999983,Normal,100,2
2574,49,60.48,60.5,50.39,50.3,85.49,85.1,95.07,94.8,92.34,77.32,59.63,60.61,105.6,30.09,165.6,-90.11,90.71,83.13,8.747,1.164,83.89,3.802,0.9248,264.6,215.8,8.2,6.1,42.1,37.2,100.9,126.1,10,46.8,4.8,124.7,23.8,88.5,100,96,31.51,8.487,5.11,20,0,116.4,111.3,143.9,106.5,9.5,10.4,70,0,100,46,49,56,28,55.81,79.49,66.52,63.47,30.5,68.88,131.8,10.089999999999996,9.579999999999998,Normal,100,3
3734,50,56.79,57.1,50.63,50.6,85.08,84.8,90.94,90.7,89.31,69.62,56.6,56.92,65.6,18.2,220.7,-173.3,54.87,53.19,2.83,1.154,57.36,3.363,1.045,269,213.9,7.8,3,42.8,37.9,93.7,111.7,6.8,48.7,5.8,129,35,74.2,67,64,19.65,8.52,8.015,20,0,117.6,112.7,142.4,103.4,5.9,6.5,44.58,0,100,25,49,56,20,56.1,80.76,58.66,57.82,17.71,67.93,204.1,6.159999999999997,5.859999999999999,Normal,100,4
3744,50,56.79,57.2,50.63,50.8,85.08,84.9,90.98,90.8,89.31,69.62,56.6,56.96,65.94,18.63,220.3,-173,55.23,53.54,3.217,1.529,57.34,3.387,1.038,268.5,215.3,7.7,3.5,42.9,38,94.3,112.7,6.3,48.5,5.6,128.7,34.7,74.7,67,64,19.7,8.498,8.015,20,0,117.8,112.7,140.4,101.4,6,6.6,44.75,0,100,25,49,56,23,56.1,80.76,58.66,57.86,18.13,77.2,203.2,6.159999999999997,5.900000000000006,Normal,100,4
3754,50,56.79,57.1,50.63,50.6,85.12,84.8,90.98,90.8,89.35,69.58,56.6,56.96,65.47,18.17,221.2,-173.9,55.06,53.38,3.207,1.524,57.34,3.376,1.041,268.5,214.7,7.7,3.3,42.9,38,93.7,112.2,6,48.7,5.6,128.7,35.3,74.2,67,64,20.74,9.011,8.015,20,0,117.8,112.9,141.9,102.9,5.6,6.5,44.92,0,100,25,49,56,20,56.1,80.76,58.7,57.82,17.68,76.96,203.7,6.159999999999997,5.859999999999999,Normal,100,4
3764,50,56.79,57.1,50.63,50.8,85.08,84.9,90.98,90.8,89.35,69.58,56.6,56.96,65.99,18.19,221.4,-173.6,55.17,53.49,3.213,1.527,57.34,3.383,1.039,268.7,215.1,7.9,3.5,42.9,38,94.3,112.7,6.6,48.5,5.6,128.7,34.2,73.7,67,64,19.29,8.315,8.015,20,0,117.6,112.7,142.4,102.9,5.9,6.3,45.08,0,100,25,49,56,23,56.1,80.8,58.66,57.82,17.67,77.11,203.8,6.159999999999997,5.900000000000006,Normal,100,4
3774,50,56.79,56.9,50.63,50.6,85.08,85.1,90.94,90.8,89.31,69.58,56.6,56.96,65.4,18.15,220.5,-173.2,54.89,53.21,3.197,1.519,57.42,3.361,1.046,268.1,214,7.7,3.2,42.9,38,94,112.2,6.6,48.7,5.8,128.7,34.4,74.2,67,64,20.48,8.906,8.015,20,0,117.8,112.9,140.9,101.7,5.9,6.3,45.25,0,100,25,49,56,23,56.1,80.8,58.7,57.86,17.63,76.72,203.4,6.159999999999997,5.859999999999999,Normal,100,4
3784,50,56.79,57.1,50.59,50.6,85.12,84.8,90.94,90.8,89.31,69.58,56.56,56.96,64.8,18.11,220,-173.3,55.44,53.39,3.574,1.524,57.34,3.399,1.034,267.6,214.7,7.5,3.3,43.1,38.2,94,112.2,6.3,48.7,5.8,128.7,34.7,74.2,67,64,24.44,10.73,8.015,20,0,117.6,112.7,143.4,104.9,5.9,6.5,45.42,0,100,25,49,56,20,56.1,80.84,58.7,57.86,17.56,85.77,202.6,6.199999999999996,5.819999999999993,Normal,100,4
3794,50,56.79,56.9,50.63,50.8,85.08,84.8,90.94,90.7,89.31,69.58,56.6,56.92,65.22,18.1,219.9,-172.7,54.9,53.23,2.832,1.154,57.41,3.362,1.046,267.4,214,7.9,3.3,43.1,38.2,94,112.2,6.8,48.5,5.6,128.7,35,75.2,66,63,21.14,9.22,8.116,20,0,117.6,112.9,140.9,101.6,5.9,6.1,45.59,0,100,25,49,56,20,56.1,80.84,58.7,57.86,17.55,67.97,202.7,6.159999999999997,5.859999999999999,Normal,100,4
3804,50,56.79,56.9,50.59,50.6,85.08,84.9,90.94,90.8,89.31,69.62,56.56,56.92,65.01,18.04,218.7,-171.7,55.89,53.82,3.233,1.167,57.38,3.425,1.027,266.5,216.4,8,3.2,42.8,37.9,94,112.2,6.6,48.5,5.6,129,35,74.5,67,64,25.33,11.08,8.015,20,0,117.6,112.7,140.4,102.6,5.9,6.5,45.75,0,100,25,49,56,23,56.1,80.8,58.74,57.86,17.53,77.6,200.9,6.199999999999996,5.859999999999999,Normal,100,4
3814,50,56.79,56.9,50.59,50.6,85.08,84.8,90.98,90.8,89.35,69.58,56.56,56.96,65.78,18.13,220.6,-173,55.58,53.53,3.583,1.528,57.43,3.403,1.033,267.8,215.2,7.5,3.3,43.1,38.2,94,112.2,6.8,48.5,5.6,128.7,34.4,74.2,67,64,21.58,9.331,8.015,20,0,117.8,112.9,142.4,103.1,5.8,6.3,45.92,0,100,25,49,56,20,56.1,80.84,58.74,57.9,17.58,85.99,202.9,6.199999999999996,5.900000000000006,Normal,100,4
3824,50,56.79,56.9,50.63,50.4,85.12,84.9,90.98,90.7,89.35,69.62,56.6,56.96,65.03,18.04,219.2,-172.2,55.43,53.74,3.228,1.534,57.33,3.4,1.034,266.6,216.1,7.5,3.3,42.9,38,94,112.2,6.3,48.5,5.4,128.7,34.7,74.2,67,64,23.59,10.32,8.015,20,0,117.8,112.9,140.4,101.6,5.8,6.3,56.09,0,100,25,49,56,23,56.1,80.88,58.74,57.86,17.47,77.48,201.3,6.159999999999997,5.859999999999999,Normal,100,4
3834,50,56.79,56.9,50.59,50.4,85.12,84.9,90.98,90.7,89.35,69.62,56.6,56.96,65.58,18.2,221.1,-173.7,56.01,54.31,3.24,1.54,57.34,3.435,1.024,268.9,216.9,7.5,3.3,43.1,38.2,94,112.2,6.3,48.7,5.8,128.7,34.7,74,67,64,23.72,10.29,8.015,20,0,117.8,112.9,140.4,103.4,5.8,6.7,56.26,0,100,25,49,56,23,56.1,80.92,58.74,57.9,17.59,77.77,202.8,6.199999999999996,5.859999999999999,Normal,100,4
3844,50,56.79,57.1,50.63,50.8,85.12,84.9,90.98,90.7,89.39,69.66,56.6,56.96,65.45,17.71,220.7,-172.9,55.15,53.46,3.212,1.526,57.46,3.374,1.042,268.4,215,7.5,3.6,43.1,38.2,94.3,112.7,6.8,48.7,5.6,128.7,34,74.5,67,64,21.21,9.218,8.015,20,0,117.8,112.9,140.9,102.1,5.8,6.5,46.42,0,100,25,49,56,23,56.1,80.96,58.74,57.9,17.09,77.08,203.4,6.159999999999997,5.859999999999999,Normal,100,4
3854,50,56.83,56.9,50.63,50.6,85.16,84.8,90.98,90.7,89.39,69.66,56.6,56.96,64.85,17.66,220.1,-173,56,53.93,3.24,1.17,57.46,3.427,1.026,267.8,216.9,7.7,3.3,43.1,38.2,94,112.2,6.3,48.7,5.6,128.7,35,74.5,67,64,26.34,11.55,8.015,20,0,117.8,112.9,141.4,102.7,5.8,6.3,46.59,0,100,25,49,56,20,56.14,81,58.86,57.9,17.05,77.75,202.2,6.199999999999996,5.820000000000007,Normal,100,4
3864,50,56.79,57.1,50.63,50.8,85.12,84.8,90.98,90.8,89.35,69.66,56.6,57,65.32,18.13,219.7,-172.6,55.29,53.6,3.588,1.898,57.41,3.386,1.038,267.8,215.5,7.7,3.7,42.9,38,94.5,113.2,6.2,48.5,5.6,129,34.2,74.5,67,64,22.14,9.64,8.015,20,0,117.8,112.9,142.4,102.9,5.9,6.5,46.76,0,100,25,49,56,20,56.1,80.96,58.9,57.94,17.5,86.1,202.5,6.159999999999997,5.859999999999999,Normal,100,4
3874,50,56.79,57.1,50.63,50.6,85.12,84.9,90.98,90.8,89.39,69.66,56.6,56.96,65.27,17.66,220,-172.4,55.25,53.56,3.218,1.529,57.35,3.387,1.038,267.6,215.4,7.5,3.2,43.1,38.2,94,112.2,6.6,48.5,5.4,129,34.4,74.7,67,64,22.11,9.636,8.015,20,0,117.8,112.9,140.9,102.4,5.7,6.5,46.93,0,100,25,49,56,23,56.14,80.92,58.94,57.94,17.1,77.19,202.5,6.159999999999997,5.859999999999999,Normal,100,4
3884,50,56.83,57.1,50.59,50.6,85.12,84.9,90.98,90.8,89.35,69.66,56.6,57,65.51,18.18,220.4,-173,55.83,53.78,3.575,1.525,57.42,3.419,1.028,268.6,214.8,7.7,3.7,43.1,38.2,94.3,112.7,6.6,48.5,5.4,128.7,34.4,75,67,64,23.4,10.16,8.015,20,0,117.6,112.9,140.9,102.1,5.9,6.3,47.09,0,100,25,49,56,23,56.14,80.92,58.98,57.98,17.6,85.77,203,6.239999999999995,5.859999999999999,Normal,100,4
3894,50,56.83,57.1,50.63,50.6,85.16,85.1,90.98,90.8,89.39,69.66,56.6,57,65.15,17.75,221.2,-173.8,55.81,53.75,3.598,1.535,57.45,3.416,1.029,269,216.1,7.5,3.5,43.1,38.2,94.3,112.7,6.3,48.5,5.6,129,34.7,74.2,67,64,24.59,10.73,8.015,20,0,117.8,112.9,140.4,126.7,5.7,6.5,47.26,0,100,25,49,56,23,56.14,80.96,59.02,57.98,17.16,82.91,203.7,6.199999999999996,5.820000000000007,Normal,100,4
3904,50,56.87,57.1,50.63,50.6,85.16,84.9,91.02,90.8,89.39,69.66,56.6,57,65.39,18.14,220.4,-173.2,55.71,53.3,3.568,1.156,57.46,3.409,1.031,268.1,214.3,7.7,3.2,43.1,38.2,94,112.2,6.6,48.7,5.6,128.7,34.4,73.5,67,64,23.44,10.2,8.015,20,0,118.1,112.9,142.9,104.1,5.9,6.3,47.43,0,100,25,49,56,23,56.14,80.96,59.02,58.02,17.54,85.59,203.3,6.239999999999995,5.859999999999999,Normal,100,4
6025,50,53.76,53.9,50.39,50.4,85.16,84.9,88.48,88.3,87.14,61.43,53.57,53.85,37.1,14.97,287.8,-265.6,30.33,28.64,2.488,0.7963,42.55,2.506,1.403,268.6,215.9,6.5,2,43.8,39,90.2,104.7,4.7,49.8,6.4,145.8,55.2,65.7,49,47,18.75,14.37,9.926,20,0,122.2,116,139.4,99.3,3.2,3.6,40,0,100,5,49,56,20,56.47,80.31,55.22,54.63,15.07,59.71,241.9,3.369999999999997,3.3200000000000074,Normal,100,5
6034,50,53.76,53.9,50.39,50.3,85.16,84.9,88.48,88.3,87.18,61.43,53.61,53.89,37.1,14.51,288.2,-265.6,30.24,28.92,2.48,1.161,42.54,2.499,1.407,268.6,215.2,6.6,1.9,43.8,39,90.2,104.7,4.4,49.8,6.2,145.4,55.6,65.7,49,47,18.43,14.13,9.926,20,0,122,116,141.4,101.3,3.5,3.5,40,0,100,5,49,56,20,56.43,80.31,55.22,54.63,14.58,59.53,241.7,3.369999999999997,3.3200000000000074,Normal,100,5
6255,50,53.68,53.8,50.35,50.1,85.16,85.1,88.48,88.3,87.18,61.39,53.49,53.85,37.11,14.52,288.8,-266.2,29.84,28.15,3.211,1.527,42.54,2.466,1.426,268.7,215,6.3,2.2,44,39.2,90.5,105.2,4.2,49.8,5.8,145.8,55.2,65.5,49,47,16.96,12.99,9.926,20,0,122.7,116.7,140.4,100.4,3.4,3.5,40,0,100,5,49,56,20,56.47,80.23,55.13,54.54,14.66,77.07,242.5,3.3299999999999983,3.3200000000000074,Normal,100,5
11800,50,52.9,53,50.18,50.3,75.17,75.2,77.96,77.9,76.78,58.69,52.67,53.07,30.98,13.07,201.5,-183.6,24.35,22.3,3.58,1.527,35.13,2.437,1.443,267.2,215.1,6,1.9,44.1,39.3,79.8,86.4,3.3,49.8,5.7,143.2,63.4,46.7,40,39,11.82,10.86,11.04,20,0,121.5,116,135,95,2.9,2.9,45,0,100,10,47,56,27.07,55.77,70.32,54.6,53.93,21.56,85.91,237.7,2.719999999999999,2.789999999999992,Normal,100,6
11800,50,52.86,53,50.14,50.3,75.17,75,77.96,77.9,76.78,58.73,52.71,53.07,30.88,13.03,200.4,-182.5,24.36,23.04,3.213,1.895,35.13,2.438,1.442,266.4,215.1,6,1.3,44,39.2,79.2,85.4,3.3,50,6,143,64,46.1,40,39,12.19,11.22,11.04,20,0,121.2,116.2,135.5,94.5,2.7,2.9,45,0,100,10,47,56,23.05,55.81,70.4,54.6,53.93,21.43,77.11,235.7,2.719999999999999,2.789999999999992,Normal,100,6
11800,50,52.9,53,50.14,50.1,75.17,75,77.96,77.9,76.78,58.73,52.67,53.07,30.97,13.07,201,-183.1,24.86,22.79,3.599,1.535,35.17,2.485,1.415,267.2,216.3,6,1.9,44.1,39.3,79.8,86.4,3.5,50,6,143.2,63.7,47.2,40,39,13.66,12.54,11.04,20,0,121.7,116.2,134.5,94.4,2.9,2.9,45,0,100,10,47,56,23.03,55.77,70.48,54.6,53.93,21.32,86.38,236.9,2.759999999999998,2.789999999999992,Normal,100,6
14500,50,56.01,56.1,49.9,49.8,65.31,65.3,70.95,70.4,69.49,65.16,55.7,56.1,63.05,16.3,48.4,-1.655,54.95,52.16,3.589,0.7949,42.5,4.546,0.7734,267.9,215.6,8,3.7,42,37.1,74.1,77.5,5.7,47.8,5.8,110.1,36,40.4,49,47,14.03,6.331,9.926,20,0,112.4,109.4,133.5,95.5,5.3,6.3,50,0,100,80,56,56,52,55.12,62.21,58.45,57.41,55.14,82.72,-20.79,6.109999999999999,5.640000000000001,Normal,100,7
14500,50,56.01,56.1,49.9,50,65.31,64.8,70.91,70.4,69.45,65.16,55.7,56.1,62.55,16.29,47.92,-1.654,54.89,52.1,3.585,0.7941,42.46,4.546,0.7735,267.7,215.4,8.2,3.7,41.6,36.7,74.1,77.5,5.8,47.8,6,110.3,35.7,40.8,49,47,15.51,7.051,9.926,20,0,112.2,109.6,132,94.8,5.3,6.3,50,0,100,80,56,56,45,55.12,62.17,58.41,57.41,55.42,86.01,-23.37,6.109999999999999,5.599999999999994,Normal,100,7
14500,50,55.97,56.1,49.9,50,65.31,65.1,70.91,70.4,69.45,65.16,55.66,56.1,62.45,16.26,47.84,-1.651,54.69,51.89,3.965,1.165,42.49,4.526,0.7769,267.3,216.1,8.2,3.5,41.6,36.9,74.1,77.5,5.5,47.8,6,110.1,36,40.9,49,47,15.23,6.938,9.926,20,0,112,109.4,131.5,93.6,5.3,6.1,50,0,100,80,56,56,48,55.12,62.13,58.45,57.41,55.65,91.38,-22.68,6.07,5.599999999999994,Normal,100,7
14600,50,56.01,56.1,49.9,49.8,65.31,65,70.87,70.6,69.45,65.16,55.7,56.1,62.18,15.85,47.98,-1.656,54.81,52.03,3.58,0.793,42.5,4.534,0.7754,268.1,215.1,8,3.5,41.8,36.9,74.1,77.5,5.7,47.8,5.8,110.1,36,41.1,49,47,16.62,7.601,9.926,20,0,112.2,109.4,133,94.8,5.5,6.1,50,0,100,80,56,56,48,55.12,62.13,58.41,57.41,54.25,85.89,-22.62,6.109999999999999,5.560000000000002,Normal,100,7
14600,50,56.01,56.1,49.9,49.8,65.27,65.1,70.87,70.6,69.45,65.16,55.7,56.1,62.4,15.79,47.8,-1.194,54.88,52.09,3.584,0.7939,42.52,4.537,0.7749,267.1,215.4,8.2,3.5,41.6,36.7,74.1,77.5,5.7,47.8,6,110.3,36,40.9,49,47,16.08,7.328,9.926,20,0,112.2,109.4,134,96.9,5.5,6.1,50,0,100,80,56,56,48,55.12,62.17,58.45,57.41,53.74,82.61,-23.96,6.109999999999999,5.6000000000000085,Normal,100,7
14600,50,55.97,56.1,49.9,49.8,65.31,65.1,70.91,70.8,69.45,65.16,55.7,56.1,62.74,16.34,48.06,-1.659,54.41,51.99,3.578,1.159,42.48,4.504,0.7806,268.5,215,8.2,3.5,41.8,36.9,74.1,77.5,5.7,48,6,110.3,36.2,40.6,49,47,13.18,5.976,9.926,20,0,112.2,109.6,131,93.9,5.7,6.1,50,0,100,80,56,56,48,55.12,62.25,58.45,57.41,54.95,82.46,-21.97,6.07,5.599999999999994,Normal,100,7
14600,50,55.97,56.1,49.9,50,65.31,65.3,70.87,70.6,69.49,65.2,55.7,56.1,62.34,15.44,48.1,-1.202,54.67,52.24,3.595,1.165,42.5,4.522,0.7775,268.8,216,8.3,3.8,41.5,36.6,74.4,78,5.7,47.8,6.2,110.1,35.7,40.8,49,47,15.54,7.091,9.926,20,0,112.4,109.6,133,95.4,5.5,6.1,50,0,100,80,56,56,52,55.12,62.29,58.45,57.41,51.62,82.85,-23.11,6.07,5.560000000000002,Normal,100,7
14600,50,55.97,56.1,49.9,50,65.27,65,70.91,70.8,69.49,65.2,55.7,56.1,62.99,15.83,47.9,-0.7396,54.59,52.16,3.589,1.163,42.56,4.51,0.7797,267.7,215.7,8.2,3.3,41.8,36.9,74.1,77.5,5.7,47.8,6,110.3,36,40.8,49,47,13.01,5.872,9.926,20,0,112.2,109.6,132,94.6,5.7,6.1,50,0,100,80,56,56,48,55.16,62.33,58.45,57.41,52.94,82.73,-23.8,6.07,5.640000000000001,Normal,100,7
14600,50,55.97,56.1,49.9,50,65.31,65.1,70.91,70.6,69.54,65.24,55.7,56.1,62.59,15.39,47.94,-0.7408,54.47,52.05,3.581,1.16,42.48,4.508,0.78,267.9,215.2,8.2,3.6,41.8,36.9,74.4,78,6,47.8,6,110.3,35.9,41.3,49,47,13.93,6.328,9.926,20,0,112,109.4,133,95,5.5,6.1,50,0,100,80,56,56,48,55.12,62.37,58.45,57.41,50.87,82.54,-22.92,6.07,5.599999999999994,Normal,100,7
14600,50,56.01,56.1,49.9,50,65.31,65.1,70.91,70.6,69.49,65.2,55.7,56.1,62.35,15.78,47.76,-1.193,55.09,52.28,3.598,0.7969,42.46,4.562,0.7707,266.8,216.2,8.5,4.1,41.5,36.6,74.7,78.4,5.7,47.8,6,110.3,35.1,41.1,49,47,16.93,7.723,9.926,20,0,112.2,109.2,131.5,93.8,5.6,6.1,50,0,100,80,56,56,48,55.16,62.33,58.49,57.41,52.77,79.79,-25.3,6.109999999999999,5.599999999999994,Normal,100,7
14600,50,55.97,56.1,49.9,49.8,65.31,65.1,70.87,70.8,69.49,65.2,55.7,56.1,62.3,15.43,48.07,-1.201,54.3,51.89,3.571,1.157,42.52,4.49,0.7831,268.6,214.5,8.4,3.3,41.8,36.9,74.1,77.5,6,47.8,6.2,110.1,36.2,40.6,49,47,14.42,6.585,9.926,20,0,112.2,109.4,132.5,94.5,5.7,6.1,50,0,100,80,56,56,48,55.16,62.29,58.45,57.41,51.88,82.3,-21.35,6.07,5.560000000000002,Normal,100,7
14600,50,56.01,56.1,49.9,49.8,65.31,65.1,70.91,70.6,69.54,65.2,55.66,56.14,62.45,15.35,48.29,-1.195,54.81,51.65,4.314,1.16,42.53,4.53,0.7761,267.3,215.1,8,3.8,41.8,36.9,74.1,78,5.7,47.8,6,110.3,36,40.9,49,47,15.66,7.132,9.926,20,0,112,109.4,131.5,93.5,5.5,6.3,50,0,100,80,56,56,48,55.16,62.33,58.41,57.41,51.34,103.5,-18.6,6.109999999999999,5.599999999999994,Normal,100,7
14600,50,55.97,56.3,49.9,49.8,65.31,65.3,70.87,70.6,69.54,65.2,55.7,56.1,62.11,14.92,48.38,-1.198,54.49,52.07,3.583,1.161,42.51,4.507,0.7801,267.8,215.3,8.2,3.5,41.8,36.9,74.1,77.5,6,47.8,6,110.3,36,40.6,49,47,15.71,7.196,9.926,20,0,112,109.4,133.5,95.5,5.3,6.3,50,0,100,80,56,56,52,55.16,62.37,58.45,57.37,49.62,79.45,-20.39,6.07,5.560000000000002,Normal,100,7
14700,50,56.01,56,49.94,50,65.31,65.1,70.91,70.8,69.54,65.2,55.7,56.1,62.73,15.42,48.51,-1.201,54.2,51.43,3.564,0.7894,42.51,4.483,0.7843,268.5,214.2,8,3.6,42,37.1,74.4,78,5.8,47.8,6.2,110.3,35.9,41.3,49,47,12.54,5.684,9.926,20,0,112.2,109.2,132,94.4,5.7,6,50,0,100,80,56,56,48,55.16,62.46,58.41,57.37,50.7,82.14,-16.16,6.07,5.599999999999994,Normal,100,7
14700,50,56.01,56.1,49.94,49.8,65.35,65.1,70.91,70.6,69.54,65.2,55.7,56.1,61.78,15.3,48.13,-1.646,54.51,51.72,3.584,0.7939,42.53,4.506,0.7802,266.4,215.4,8,3.6,41.8,36.9,74.4,78,6,47.8,5.8,110.3,35.9,40.9,49,47,16.97,7.811,9.926,20,0,112.2,109.2,133,95.4,5.7,6.3,50,0,100,80,56,56,48,55.12,62.46,58.45,57.37,50.02,79.48,-19.88,6.07,5.560000000000002,Normal,100,7
14700,50,55.97,56.1,49.94,50,65.35,65.1,70.95,70.8,69.49,65.2,55.7,56.1,62.46,16.27,47.85,-1.652,53.83,51.42,3.563,1.155,42.45,4.458,0.7886,267.3,214.1,8.2,3.3,41.6,36.7,74.1,77.5,5.5,47.8,6,110.1,36.2,40.9,49,47,12.09,5.504,9.926,20,0,112.2,109.4,130,92.1,5.7,6.1,50,0,100,80,56,56,48,55.16,62.37,58.45,57.37,54.09,79.02,-19.96,6.030000000000001,5.6000000000000085,Normal,100,7
14700,50,56.01,56.1,49.94,49.8,65.35,65.1,70.91,70.6,69.54,65.2,55.7,56.1,61.97,15.35,48.28,-1.651,54.41,51.62,3.577,0.7924,42.48,4.503,0.7808,267.2,215,8.5,3.5,41.8,36.6,74.1,77.5,5.7,47.8,6.3,110.1,36.2,40.8,49,47,15.89,7.291,9.926,20,0,112.2,109.4,133,95,5.3,6.1,50,0,100,80,56,56,48,55.2,62.33,58.41,57.37,51.61,82.45,-18.52,6.07,5.560000000000002,Normal,100,7
14700,50,56.01,56.1,49.94,49.8,65.31,65.1,70.95,70.6,69.54,65.2,55.66,56.1,63.2,15.88,48.52,-1.201,54.37,51.22,3.942,0.7919,42.5,4.498,0.7816,268.5,214.8,8.2,3.8,41.8,36.9,74.4,78,6,47.8,6,110.1,35.7,41.1,49,47,11.46,5.159,9.926,20,0,112,109.4,132.5,94.6,5.5,6.1,50,0,100,80,56,56,48,55.16,62.37,58.41,57.41,52.81,94.57,-14.97,6.07,5.640000000000001,Normal,100,7
14700,50,56.01,56.3,49.94,50,65.35,65.1,70.91,70.6,69.49,65.2,55.7,56.1,62.16,15.85,47.97,-1.656,54.49,51.7,3.583,0.7936,42.47,4.512,0.7793,268,215.3,8.2,3.8,41.8,36.9,74.4,78,5.8,47.8,6.2,110.1,35.7,40.6,49,47,15.5,7.092,9.926,20,0,112,109.4,134.5,96.6,5.3,6.5,50,0,100,80,56,56,48,55.16,62.37,58.41,57.37,52.7,82.58,-20.88,6.07,5.560000000000002,Normal,100,7
14700,50,56.01,56.3,49.94,50,65.35,65.1,70.91,70.8,69.54,65.24,55.66,56.1,62.41,15.46,48.16,-1.203,54.76,51.59,3.97,0.7976,42.49,4.532,0.7758,269.1,216.4,8.2,3.6,41.8,36.9,74.4,78,5.7,47.8,6,110.1,35.9,41.1,49,47,15.59,7.106,9.926,20,0,112.2,109.2,132,95.6,5.8,6.1,50,0,100,80,56,56,48,55.16,62.46,58.45,57.41,50.81,91.5,-19.17,6.07,5.560000000000002,Normal,100,7
14700,50,56.01,56.1,49.9,49.8,65.35,65.3,70.95,70.6,69.54,65.24,55.7,56.1,62.47,15.81,47.85,-1.196,55.14,52.34,3.601,0.7977,42.48,4.564,0.7704,267.4,216.4,8,3.5,42,37.1,74.1,77.5,5.5,47.8,6.2,110.1,36,40.6,49,47,16.72,7.612,9.926,20,0,112.2,109.2,133.5,95.6,5.5,6.1,50,0,100,80,56,56,52,55.16,62.46,58.45,57.41,51.99,83,-25.07,6.109999999999999,5.6000000000000085,Normal,100,7
14700,50,56.01,56.1,49.94,49.8,65.35,65.1,70.91,70.8,69.58,65.24,55.74,56.14,62.3,14.97,48.53,-1.201,54.55,52.13,3.587,1.162,42.51,4.512,0.7793,268.6,215.5,8.2,3.8,42,36.9,74.1,77.5,6,48,6.2,110.3,36.2,41.1,49,47,15.28,6.976,9.926,20,0,112.4,109.2,132.5,94.9,5.5,6.1,50,0,100,80,56,56,48,55.16,62.46,58.45,57.41,49.21,82.67,-19.92,6.07,5.560000000000002,Normal,100,7
14700,50,56.01,56.1,49.9,49.8,65.35,65,70.91,70.8,69.58,65.24,55.7,56.14,62.47,15.01,48.66,-1.204,54.87,52.08,3.951,1.161,42.51,4.538,0.7748,269.3,215.3,8.2,3.5,41.8,36.9,74.1,77.5,5.7,48,6,110.3,36,40.6,49,47,15.78,7.186,9.926,20,0,112.2,109.2,133,94.8,5.8,6.1,50,0,100,80,56,56,48,55.2,62.46,58.45,57.41,49.63,91.06,-18.9,6.109999999999999,5.560000000000002,Normal,100,7
14800,50,56.01,56.1,49.9,49.8,65.35,65,70.95,70.6,69.54,65.24,55.74,56.1,62.71,15.87,48.04,-1.2,54.93,52.5,3.22,0.7946,42.46,4.549,0.773,268.4,215.6,8.2,3.5,41.6,36.7,74.1,77.5,5.7,48,6.4,110.1,36.2,41.1,49,47,15.1,6.847,9.926,20,0,112.2,109.2,133,95.1,5.3,6.3,50,0,100,80,56,56,48,55.2,62.37,58.41,57.41,53.08,77.25,-24.96,6.109999999999999,5.6000000000000085,Normal,100,7
14800,50,56.01,56.1,49.94,49.8,65.35,65.1,70.91,70.8,69.54,65.24,55.74,56.14,62.22,15.41,48.01,-1.2,54.63,52.2,3.592,1.164,42.52,4.518,0.7783,268.3,215.8,8,3.8,41.8,37.1,74.1,77.5,5.7,48,6,110.3,36,41.3,49,47,15.83,7.235,9.926,20,0,112.2,109.4,132.5,94.8,5.7,6.1,50,0,100,80,56,56,48,55.16,62.29,58.45,57.41,51.82,82.79,-23.41,6.07,5.560000000000002,Normal,100,7
14800,50,56.01,56.1,49.9,50,65.31,65.1,70.91,70.6,69.54,65.2,55.7,56.1,62.83,15.45,48.59,-1.203,55,52.21,3.592,0.7957,42.51,4.549,0.7729,268.9,215.9,8,3.8,42,37.1,74.4,78,5.8,47.8,5.8,110.3,35.9,40.4,49,47,15,6.791,9.926,20,0,112.2,109.4,133,95.1,5.5,6.1,50,0,100,80,56,56,48,55.2,62.33,58.45,57.41,51.94,82.8,-20.04,6.109999999999999,5.599999999999994,Normal,100,7
14800,50,56.01,56.1,49.9,49.8,65.35,65.1,70.91,70.8,69.58,65.24,55.7,56.1,62.07,14.91,48.35,-1.197,54.9,52.1,3.585,0.7941,42.48,4.544,0.7738,267.6,215.4,8,3.6,41.8,36.9,74.4,78,5.7,48,6,109.8,36,40.8,49,47,17.26,7.91,9.926,20,0,112,109.4,131.5,93.3,5.7,6.3,50,0,100,80,56,56,48,55.16,62.42,58.41,57.41,49.31,86.02,-20.78,6.109999999999999,5.560000000000002,Normal,100,7
14800,50,55.97,56.1,49.9,50.1,65.31,65.1,70.91,70.8,69.58,65.24,55.7,56.1,62.51,14.91,48.34,-0.7399,54.62,52.19,3.591,1.164,42.51,4.517,0.7783,267.5,215.8,8,3.8,41.8,37.1,74.4,78,6,47.8,5.8,110.1,35.7,40.9,49,47,14.76,6.714,9.926,20,0,112,109.4,134,96,5.7,6.1,50,0,100,80,56,56,48,55.2,62.42,58.41,57.41,49.58,86.16,-21.31,6.07,5.599999999999994,Normal,100,7
14800,50,56.01,56.1,49.94,49.8,65.35,65.1,70.91,70.8,69.58,65.24,55.7,56.14,62.27,14.96,48.5,-1.201,54.66,51.86,3.963,1.165,42.5,4.522,0.7776,268.5,216,8.2,3.6,41.8,36.9,74.1,78,5.5,48,6.4,110.1,36,41.3,49,47,15.76,7.198,9.926,20,0,112.2,109.4,132.5,94.9,5.5,6.1,50,0,100,80,56,56,48,55.16,62.46,58.45,57.37,49.19,87.87,-18.58,6.07,5.560000000000002,Normal,100,7
14800,50,56.01,56.1,49.94,50,65.35,65.3,70.91,70.8,69.58,65.24,55.7,56.1,61.41,14.76,47.84,-1.184,54.45,51.66,3.58,0.793,42.47,4.507,0.7801,264.8,215.1,8.2,3.3,41.8,36.9,74.1,77.5,5.5,47.8,6,110.3,36.2,40.6,49,47,17.98,8.325,9.926,20,0,112,109.4,134,96,5.7,6.1,50,0,100,80,56,56,52,55.2,62.5,58.41,57.41,48.51,85.89,-21.13,6.07,5.560000000000002,Normal,100,7
14800,50,56.01,56.3,49.94,49.8,65.35,65.3,70.91,70.6,69.58,65.24,55.74,56.1,62.14,14.93,48.4,-1.198,54.66,52.23,3.226,0.7961,42.49,4.523,0.7773,267.9,216,8.4,3.5,41.6,36.7,74.4,77.5,6,47.8,6.2,110.3,35.7,40.8,49,47,16.2,7.414,9.926,20,0,112,109.4,133,95,5.5,6.3,50,0,100,80,56,56,52,55.16,62.46,58.45,57.41,49.09,74.34,-21.17,6.07,5.560000000000002,Normal,100,7
14800,50,56.01,56.1,49.94,49.8,65.31,65.1,70.91,70.6,69.58,65.24,55.74,56.14,62.97,15.02,48.69,-0.7454,54.79,52.35,3.603,1.167,42.53,4.529,0.7763,269.5,216.5,8.2,3.8,41.8,36.9,74.4,78,5.7,47.8,6,110.1,35.7,40.6,49,47,13.77,6.221,9.926,20,0,112.2,109.2,132,94,5.3,6.1,50,0,100,80,56,56,48,55.2,62.5,58.45,57.37,49.38,79.88,-20.25,6.07,5.599999999999994,Normal,100,7
14800,50,56.01,56.3,49.94,49.8,65.35,65.1,70.95,70.6,69.54,65.24,55.7,56.14,62.68,15.87,48.01,-1.2,54.44,51.65,3.947,1.16,42.47,4.508,0.78,268.3,215.1,8.2,3.5,41.8,36.9,74.1,77.5,6,47.8,5.8,110.1,35.7,40.4,49,47,13.5,6.128,9.926,20,0,112.2,109.2,134,96.4,5.5,6.3,50,0,100,80,56,56,48,55.24,62.37,58.45,57.41,53.36,90.96,-20.35,6.07,5.6000000000000085,Normal,100,7
14900,50,56.01,56.1,49.94,49.8,65.35,65.1,70.91,70.6,69.49,65.24,55.7,56.1,62.41,15.91,47.7,-1.203,54.18,51.41,3.563,0.7891,42.44,4.488,0.7834,269.1,214.1,8.2,3.8,41.8,36.9,74.1,78,5.5,48,6,110.1,36,41.1,49,47,13.52,6.161,9.926,20,0,112,109.4,133,95.4,5.6,6.1,50,0,100,80,56,56,48,55.2,62.25,58.45,57.41,54.14,82.11,-20.93,6.07,5.560000000000002,Normal,100,7
14900,50,56.01,56.1,49.94,50,65.35,65.1,70.91,70.6,69.54,65.2,55.7,56.14,62.25,15.42,48.49,-1.658,54.49,51.7,3.95,1.161,42.47,4.511,0.7795,268.4,215.3,8.2,3.5,41.8,36.9,74.1,77.5,5.8,47.8,6.2,110.3,35.9,40.8,49,47,15.17,6.933,9.926,20,0,112.2,109.4,134,96.4,5.5,6.1,50,0,100,80,56,56,48,55.16,62.25,58.41,57.41,52.14,94.76,-17.74,6.07,5.560000000000002,Normal,100,7
14900,50,56.01,56.1,49.94,50,65.31,65.1,70.91,70.8,69.54,65.2,55.7,56.1,62.59,15.39,48.4,-1.198,54.36,51.58,3.574,0.7917,42.46,4.501,0.7811,267.9,214.8,8.4,3.6,41.6,36.7,74.4,78,5.8,48,6.4,110.1,35.7,40.8,49,47,13.52,6.144,9.926,20,0,112.2,109,132.5,94.6,5.7,6.1,50,0,100,80,56,56,48,55.2,62.29,58.41,57.37,52.05,82.38,-17.58,6.07,5.599999999999994,Normal,100,7
14900,50,56.01,56.1,49.9,50,65.31,65,70.87,70.4,69.54,65.2,55.7,56.1,62.35,14.98,48.57,-1.202,54.84,52.05,3.582,0.7934,42.44,4.543,0.7739,268.8,215.2,8,3.5,42,37.1,74.1,77.5,5.5,47.8,6,110.1,36,40.6,49,47,16.04,7.318,9.926,20,0,112.2,109.2,132.5,94.9,5.5,6.1,50,0,100,80,56,56,48,55.2,62.37,58.41,57.41,50.1,85.94,-19.27,6.109999999999999,5.560000000000002,Normal,100,7
14900,50,56.01,56.3,49.9,49.8,65.31,65.1,70.91,70.8,69.54,65.2,55.7,56.1,62.63,15.4,48.43,-1.199,54.94,52.15,3.588,0.7948,42.47,4.548,0.773,268.1,215.6,8,3.6,41.6,36.7,74.4,78,6,48,6,110.1,35.9,41.1,49,47,15.42,7.002,9.926,20,0,112.2,109.4,134,96.4,5.5,6.3,50,0,100,80,56,56,48,55.2,62.42,58.41,57.37,51.2,82.7,-20.54,6.109999999999999,5.599999999999994,Normal,100,7
14900,50,56.01,56.1,49.94,50,65.35,65.1,70.91,70.6,69.54,65.2,55.7,56.1,62.2,15.4,48.45,-1.657,54.32,51.54,3.572,0.7912,42.5,4.494,0.7824,268.2,214.6,8.2,3.5,41.8,36.9,74.1,77.5,5.5,47.8,6,110.1,36.2,40.4,49,47,14.82,6.775,9.926,20,0,112.2,109.2,131.5,95.1,5.5,6.1,50,0,100,80,56,56,48,55.2,62.46,58.41,57.37,50.92,82.32,-17.1,6.07,5.560000000000002,Normal,100,7
14900,50,56.01,56.1,49.94,49.8,65.35,65.1,70.95,70.8,69.54,65.24,55.74,56.1,62.58,15.84,47.93,-1.198,54.37,51.95,3.208,0.7918,42.52,4.496,0.782,267.8,214.8,8,3.5,41.8,36.9,74.1,77.5,6,47.8,6,110.3,35.9,40.6,49,47,13.66,6.206,9.926,20,0,112.2,109.4,134,96,5.5,6.3,50,0,100,80,56,56,48,55.2,62.5,58.41,57.37,52.08,73.94,-22.45,6.07,5.6000000000000085,Normal,100,7
14900,50,56.01,56.1,49.94,50,65.35,65.3,70.95,70.6,69.54,65.24,55.7,56.1,62.7,15.87,48.02,-1.2,54.12,51.35,3.559,0.7882,42.51,4.476,0.7854,268.3,213.8,8.2,3.5,41.8,36.9,74.1,77.5,6,48,6.2,110.1,35.9,40.9,49,47,12.36,5.606,9.926,20,0,112,109.2,133.5,95.6,5.3,6.1,50,0,100,80,56,56,52,55.2,62.54,58.41,57.37,51.89,82.01,-18.58,6.07,5.6000000000000085,Normal,100,7
17000,50,53.6,53.8,50.27,50.3,62.44,62.3,65.59,65.4,64.62,59.38,53.53,53.81,35.31,10.86,58.69,-34.24,29.86,29.27,2.48,1.894,32.36,3.244,1.084,268.9,215.1,7.2,2.3,43.1,38.2,67.7,68,3.4,49.6,6.5,125.2,57.5,29.3,37,36,13.2,10.64,11.53,20,0,114.5,110.7,130,90.8,2.9,3.5,30,0,100,40,47,56,52,55.12,59.3,54.77,54.34,62.23,59.51,134.8,3.3299999999999983,3.1500000000000057,Normal,100,8
17000,50,53.6,53.8,50.27,50.3,62.44,62.3,65.59,65.4,64.58,59.34,53.49,53.77,35.51,11.38,59.03,-34.9,29.92,28.97,2.485,1.53,32.4,3.247,1.083,270.5,215.6,7.5,2.3,42.8,37.9,67.7,68,3.4,49.6,6.7,125.2,57.5,29.8,37,36,12.74,10.2,11.53,20,0,114.5,110.7,131,90.3,3.2,3.5,30,0,100,40,47,56,52,55.12,59.34,54.77,54.34,64.6,59.63,137.8,3.3299999999999983,3.1500000000000057,Normal,100,8
17000,50,53.6,53.8,50.31,50.4,62.44,62.3,65.59,65.4,64.62,59.38,53.49,53.81,35.37,10.88,58.79,-34.3,29.53,28.58,2.851,1.897,32.37,3.208,1.096,269.4,215.4,7.2,2,43.1,38.2,67.4,67.5,3.5,49.6,6.7,125.2,57.6,29.8,37,36,11.84,9.524,11.53,20,0,114.5,110.5,129,90.2,3.1,3.4,30,0,100,40,47,56,52,55.16,59.34,54.77,54.34,62.34,68.41,138.4,3.289999999999999,3.1500000000000057,Normal,100,8
17100,50,53.6,53.8,50.31,50.3,62.48,62.3,65.59,65.4,64.58,59.38,53.53,53.77,35,11.37,58.49,-34.85,29.73,29.14,2.129,1.539,32.38,3.228,1.089,270.1,216.8,7.2,2,42.9,38,67.4,67.5,3.4,49.6,6.5,125.2,57.8,29.3,37,36,13.82,11.23,11.53,20,0,114.7,110.7,130.5,91.7,3.2,3.5,30,0,100,40,47,56,52,55.12,59.34,54.77,54.34,64.51,51.1,135.6,3.289999999999999,3.1100000000000065,Normal,100,8
17100,50,53.64,53.6,50.31,50.3,62.48,62.5,65.59,65.4,64.62,59.34,53.53,53.81,35.15,10.95,59.65,-35.46,30.03,29.07,2.493,1.536,32.41,3.258,1.079,271.2,216.3,7.2,2.3,43.1,38.2,67.7,68,3.7,49.6,6.7,125.2,57.5,29.6,37,36,14.4,11.65,11.53,20,0,114.5,110.7,131,91,3.1,3.5,30,0,100,40,47,56,57,55.12,59.39,54.77,54.34,61.56,59.84,139.1,3.3299999999999983,3.1100000000000065,Normal,100,8
17100,50,53.64,53.8,50.31,50.3,62.48,62.3,65.63,65.6,64.62,59.38,53.53,53.81,35.45,11.36,58.93,-34.84,29.75,28.8,2.471,1.522,32.38,3.231,1.088,270,214.3,7.2,1.8,43.1,38.2,67.4,67.5,3.2,49.6,6.7,125.2,57.6,30,37,36,12.34,9.896,11.53,20,0,114.7,110.7,129,90,3.3,3.5,30,0,100,40,47,56,52,55.12,59.34,54.77,54.34,64.49,59.29,138,3.3299999999999983,3.1499999999999986,Normal,100,8
17100,50,53.6,53.8,50.31,50.4,62.48,62.2,65.59,65.3,64.58,59.38,53.49,53.81,34.98,11.36,58.44,-34.82,29.44,28.49,2.841,1.891,32.38,3.196,1.1,269.9,214.7,7.5,2.4,42.9,38,67.7,68,3.2,49.6,6.6,125.2,57.5,29.8,37,36,12.91,10.5,11.53,20,0,114.5,110.5,130,91,3.1,3.4,30,0,100,40,47,56,52,55.12,59.34,54.77,54.34,64.46,68.19,138.3,3.289999999999999,3.1100000000000065,Normal,100,8
17100,50,53.6,53.8,50.31,50.3,62.48,62.3,65.63,65.4,64.62,59.38,53.53,53.77,35.5,11.38,59,-34.88,29.51,28.92,2.114,1.528,32.35,3.207,1.096,270.4,215.2,7.4,2,42.9,38,67.4,67.5,3.4,49.6,6.7,125,57.8,29.8,37,36,11.3,9.05,11.53,20,0,114.5,110.7,129.5,89.7,3.2,3.5,30,0,100,40,47,56,52,55.12,59.26,54.77,54.34,65.85,50.73,137.8,3.289999999999999,3.1499999999999986,Normal,100,8
17100,50,53.64,53.6,50.27,50.4,62.48,62.2,65.59,65.3,64.58,59.38,53.49,53.77,34.87,11.32,58.26,-34.72,30.42,29.09,2.495,1.167,32.32,3.309,1.063,269.1,216.5,7.5,2.4,42.9,38,67.7,68,3.5,49.6,6.8,125.2,57.5,28.8,37,36,16.66,13.59,11.53,20,0,114.7,110.7,129,89.5,3,3.2,30,0,100,40,47,56,52,55.12,59.22,54.77,54.34,66.19,59.88,134.7,3.369999999999997,3.1100000000000065,Normal,100,8
17100,50,53.6,53.8,50.27,50.3,62.44,62.2,65.59,65.4,64.62,59.34,53.49,53.77,35.5,10.92,59.46,-34.88,29.98,29.03,2.49,1.534,32.37,3.257,1.079,270.4,216,7.3,2,42.8,37.9,67.7,68,3.7,49.5,7,125.2,57.5,29.5,37,36,12.98,10.4,11.53,20,0,114.7,110.7,130.5,91.3,3.1,3.7,30,0,100,40,47,56,52,55.07,59.22,54.77,54.34,63.18,59.76,138.4,3.3299999999999983,3.1500000000000057,Normal,100,8
17100,50,53.6,53.6,50.27,50.4,62.44,62.3,65.63,65.4,64.62,59.34,53.49,53.77,36.04,11.4,59.59,-34.96,29.84,28.89,2.478,1.526,32.37,3.241,1.085,271,215,7.3,2,43.1,38.2,67.4,67.5,2.8,49.6,6.5,125.2,57.8,29.3,37,36,10.57,8.344,11.53,20,0,114.7,110.7,131,91.7,3.2,3.2,30,0,100,40,47,56,52,55.12,59.26,54.81,54.34,65.99,59.46,139.6,3.3299999999999983,3.1899999999999977,Normal,100,8
17100,50,53.6,53.8,50.27,50.3,62.44,62.3,65.59,65.4,64.62,59.34,53.53,53.81,35.32,10.86,59.17,-34.71,30,29.42,2.491,1.903,32.33,3.263,1.077,269.1,216.2,7.4,2,42.9,38,67.4,67.5,3.4,49.6,6.5,125.2,57.6,30,37,36,13.62,10.97,11.53,20,0,114.7,110.7,129,90,3.1,3.5,30,0,100,40,47,56,52,55.07,59.26,54.77,54.34,62.26,59.79,135.3,3.3299999999999983,3.1500000000000057,Normal,100,8
17100,50,53.64,53.8,50.27,50.3,62.44,62.2,65.59,65.4,64.62,59.38,53.49,53.77,35.46,10.91,58.93,-34.38,30.11,28.8,2.47,1.156,32.31,3.277,1.073,270.1,214.3,7.6,2.3,42.8,37.9,67.4,67.5,3.4,49.6,6.8,125,57.6,29.8,37,36,13.52,10.84,11.53,20,0,114.7,110.7,131.5,92.5,3.1,3.4,30,0,100,40,47,56,52,55.12,59.3,54.77,54.34,62.49,59.28,138.1,3.369999999999997,3.1500000000000057,Normal,100,8
20500,45,52,52,45.84,45.8,85.37,85.3,91.39,91,89.19,64.3,51.16,52.17,67.17,24.53,277.9,-235.2,55.4,47.81,9.122,1.534,59.63,3.267,1.076,267.9,216,5.5,3.8,40.1,35.1,94.3,113.7,6.3,43.9,3.8,127.1,33.1,78.4,70,67,18.23,7.719,7.715,20,0,116.4,111.6,139.4,102.7,5.7,6.4,60,0,100,20,49,56,30,55.69,78.26,58.04,55.2,26.08,77.01,221.8,6.159999999999997,6.019999999999996,Normal,100,9
20500,45,52,52,45.84,45.6,85.37,85.3,91.39,91.2,89.19,64.3,51.16,52.17,67.1,24.5,277.6,-235,55.07,47.53,9.068,1.525,59.57,3.25,1.082,267.6,214.7,5.5,3.3,40.1,35.1,94.5,113.2,6.5,44.1,3.8,126.8,32.9,78.1,70,67,17.29,7.33,7.715,20,0,116.2,111.6,139.9,103.6,6.1,6.2,60,0,100,20,49,56,30,55.73,78.3,58.04,55.2,26.05,76.55,221.8,6.159999999999997,6.019999999999996,Normal,100,9
20500,45,51.96,52,45.84,45.8,85.37,85.1,91.35,91.2,89.23,64.3,51.16,52.13,66.7,23.61,278.3,-235.2,54.63,47.46,8.689,1.522,59.79,3.212,1.095,267.9,214.4,5.7,3.3,40.1,35.1,94.5,113.2,6.5,43.9,3.5,127.1,32.3,78.1,70,67,17.34,7.395,7.715,20,0,116.4,111.8,138.5,102.6,5.9,6.2,60,0,100,20,49,56,26,55.69,78.42,58.04,55.2,24.92,73.35,222.2,6.119999999999997,5.97999999999999,Normal,100,9
20500,45,52,52,45.84,45.8,85.37,85.1,91.39,91.2,89.23,64.26,51.16,52.13,67.47,24.18,280,-236.7,55.02,47.48,8.693,1.157,59.66,3.243,1.084,269.1,214.5,5.5,3.3,40.1,35.1,94.5,112.7,6.3,43.9,3.8,127.1,32.3,77.6,70,67,15.9,6.703,7.715,20,0,116.2,111.8,140.4,104.3,5.9,6.4,60,0,100,20,49,56,26,55.69,78.47,58.04,55.2,25.48,73.39,223.5,6.159999999999997,6.019999999999996,Normal,100,9
20500,45,51.96,52,45.84,45.8,85.37,85.3,91.39,91.2,89.19,64.26,51.16,52.13,67.37,24.6,279.2,-236.4,54.94,47.73,8.738,1.531,59.76,3.232,1.088,268.7,215.6,5.3,3.6,40.3,35.3,94.8,113.7,6.3,43.9,3.6,127.1,32,77.9,70,67,16.05,6.776,7.715,20,0,116.4,111.8,139.9,104,6.1,6.4,60,0,100,20,49,56,30,55.73,78.38,58.04,55.2,26.06,73.76,222.8,6.119999999999997,6.019999999999996,Normal,100,9
20500,45,51.96,51.9,45.8,45.6,85.37,85.1,91.39,91,89.19,64.3,51.16,52.09,67.07,24.49,277.4,-234.9,54.61,47.5,8.266,1.149,59.55,3.225,1.09,267.5,212.9,5.3,3.5,40.3,35.3,94.5,113.2,6.3,43.9,3.6,127.1,32.3,77.9,70,67,15.77,6.687,7.715,20,0,116.2,111.8,139,105.5,5.7,6.3,60,0,100,20,49,56,26,55.73,78.42,58.04,55.16,25.9,68.79,221.7,6.160000000000004,6.019999999999996,Normal,100,9
22500,45,48.85,48.8,45.31,45.1,85.25,84.9,88.93,88.5,87.59,58.12,48.74,48.98,41.23,14.97,330,-303.7,31.74,30.79,2.116,1.162,45.33,2.462,1.428,268.7,215.4,4.1,2.5,41.3,36.3,90.7,105.7,4.6,44.8,3.6,139.7,48.7,69.9,52,50,11.96,8.251,9.553,20,0,119.2,113.6,138.5,101.6,3.6,3.5,30,0,100,5,49,56,20,55.93,80.64,50.1,49.71,14.55,50.79,243.6,3.539999999999999,3.680000000000007,Normal,100,10
22500,45,48.85,48.8,45.27,45.3,85.21,85.1,88.93,88.7,87.59,58.12,48.74,49.02,41.87,15.04,331.4,-304.5,32.02,31.07,2.477,1.526,45.34,2.483,1.416,269.8,214.8,4.1,2,41.2,36.3,91,105.7,4.9,44.8,3.5,139.4,48.4,69.4,52,50,10.72,7.28,9.553,20,0,119.2,113.6,139.4,102.3,3.8,3.5,30,0,100,5,49,56,20,55.98,80.59,50.1,49.71,14.66,59.44,244.5,3.5799999999999983,3.720000000000013,Normal,100,10
22600,45,48.85,49,45.27,45.3,85.25,85.1,88.89,88.5,87.55,58.16,48.74,49.02,41.03,15.07,331.1,-305.2,31.74,30.8,2.455,1.512,45.32,2.463,1.428,270.4,213,4.1,2.2,41.2,36.3,90.7,105.7,4.4,44.8,3.8,139.7,49,69.4,52,50,12.66,8.773,9.553,20,0,119,113.3,138,100.8,3.6,3.7,30,0,100,5,49,56,20,55.93,80.55,50.1,49.71,14.69,58.92,245.2,3.5799999999999983,3.640000000000001,Normal,100,10
22600,45,48.85,48.8,45.27,45.3,85.25,84.8,88.89,88.5,87.55,58.16,48.74,49.02,40.94,15.04,330.4,-304.5,32.1,31.15,2.483,1.53,45.36,2.489,1.413,269.8,215.4,4,2,41.2,36.4,91,106.2,4.9,44.6,3.3,139.4,48.7,69.1,52,50,14.28,9.92,9.553,20,0,119.2,113.3,138,100.9,3.6,3.5,30,0,100,5,49,56,17,55.93,80.47,50.1,49.71,14.71,59.6,244.3,3.5799999999999983,3.640000000000001,Normal,100,10
22600,45,48.89,49,45.27,45.3,85.25,84.8,88.93,88.5,87.55,58.16,48.74,49.02,41.16,15.41,328.5,-302.8,32.5,31.18,2.486,1.163,45.29,2.523,1.394,268.2,215.6,3.9,2.2,41.2,36.3,90.7,105.7,4.4,44.8,3.8,139.7,48.7,69.6,52,50,14.84,10.25,9.553,20,0,119.2,113.3,137.5,100.1,3.7,3.9,30,0,100,5,49,56,17,55.93,80.43,50.1,49.71,15.09,59.66,242.8,3.619999999999997,3.680000000000007,Normal,100,10
22600,45,48.85,49,45.27,45.1,85.21,84.9,88.89,88.7,87.55,58.12,48.74,48.98,41.23,14.97,329.5,-303.2,32.07,31.12,2.113,1.161,45.35,2.486,1.414,268.7,215.2,4.3,2,41,36.1,90.7,105.7,4.6,44.8,3.8,140,48.7,69.4,52,50,13.14,9.063,9.553,20,0,119.2,113.3,139,101.6,3.8,3.7,30,0,100,5,49,56,20,55.93,80.43,50.1,49.71,14.67,50.72,243.3,3.5799999999999983,3.680000000000007,Normal,100,10
22600,45,48.85,49,45.27,45.3,85.25,85.1,88.85,88.5,87.55,58.12,48.74,48.98,40.4,14.55,330.2,-304.4,32.2,31.24,2.122,1.166,45.35,2.496,1.409,269.2,216,4.3,2,41,36.1,90.7,105.7,4.4,44.8,3.8,139.7,48.7,69.6,52,50,16.52,11.63,9.553,20,0,119,113.6,139,101.8,3.4,3.7,30,0,100,5,49,56,20,55.93,80.47,50.1,49.71,14.23,50.93,243.8,3.5799999999999983,3.5999999999999943,Normal,100,10
22600,45,48.85,48.8,45.27,45.1,85.29,85.1,88.93,88.7,87.59,58.12,48.74,49.02,40.82,14.99,330.4,-304.5,31.85,30.91,2.464,1.518,45.33,2.471,1.423,269,213.7,3.9,2.1,41.2,36.3,90.7,106.2,4.9,44.8,3.8,139.4,48.7,70.1,52,50,13.8,9.612,9.553,20,0,119,113.6,139.4,102.2,3.8,3.5,30,0,100,5,49,56,20,55.98,80.55,50.1,49.71,14.64,59.14,243.8,3.5799999999999983,3.640000000000001,Normal,100,10
25000,44,56.34,56.5,45.43,45.1,75.34,75.4,85.7,85.3,83.05,73.67,55.46,56.47,115.4,29.51,104.5,-18.54,98.02,90.08,9.11,1.164,79.84,4.316,0.8145,267.5,215.7,7.2,6.2,38.2,33.4,91.5,107.2,9.5,41.7,3.7,112.7,21.4,73.8,95,91,18.58,4.577,5.533,20,0,113.6,110.1,140.4,106.6,10.1,11.1,70,30,100,70,53,56,47,55.44,70.52,63.16,59.87,46.97,66.39,36.87,10.910000000000004,10.36,Normal,100,11
25000,44,56.34,56.6,45.39,45.3,75.34,75.2,85.74,85.4,83.05,73.67,55.5,56.51,115.8,29.96,104.4,-18.53,97.95,90.4,9.069,1.525,79.71,4.32,0.8138,267.4,214.7,6.9,6.1,38.2,33.4,91.5,107.2,9.7,41.9,3.7,112.9,21.2,74,95,91,16.77,4.117,5.533,20,0,113.8,109.8,137.5,103.5,10.2,11.3,70,30,100,70,53,56,47,55.44,70.52,63.16,59.91,47.68,66.92,35.9,10.950000000000005,10.399999999999991,Normal,100,11
26400,44,50.69,50.9,44.7,44.6,74.97,74.9,80.7,80.5,78.67,61.8,49.76,50.94,64.38,22.85,189.5,-148,53.82,45.51,10.58,2.266,50.27,3.764,0.9341,269.6,215.6,5.5,3.3,39.1,34.2,83.8,93.3,5.7,42.9,3.8,116.4,32.6,60.1,57,55,13.15,5.807,8.971,20,0,112.7,109.2,136,100.7,5.6,6.3,80,0,100,25,48,56,41,55.36,68.52,57.84,54.46,41.68,75.2,204.9,5.989999999999995,5.730000000000004,Normal,100,12
26400,44,50.69,50.8,44.7,44.6,74.97,74.9,80.7,80.5,78.67,61.8,49.81,50.9,64.07,22.74,188.6,-147.2,53.94,45.98,9.86,1.903,50.25,3.774,0.9316,268.3,216,5.7,3.5,38.9,34,84,93.8,5.9,43,3.9,116.4,32.4,59.6,58,56,14.64,6.497,8.86,20,0,112.7,109.2,135,100,5.8,6.2,80,0,100,25,48,56,41,55.4,68.52,57.84,54.46,41.61,70.11,202.9,5.989999999999995,5.730000000000004,Normal,100,12
26400,44,50.69,50.9,44.7,44.6,74.93,75,80.7,80.7,78.67,61.8,49.76,50.9,64.69,22.79,189,-147.1,53.53,45.26,10.15,1.888,50.27,3.743,0.9392,269,214.4,5.7,3.1,38.9,34,83.8,93.3,5.9,43,3.9,116.7,32.4,59.5,58,56,11.03,4.851,8.86,20,0,112.7,109,135,100.2,5.8,6.3,80,0,100,25,48,56,41,55.36,68.52,57.88,54.46,41.58,71.31,204.6,5.989999999999995,5.769999999999996,Normal,100,12
26400,44,50.69,50.8,44.7,44.6,74.93,74.9,80.7,80.5,78.63,61.8,49.81,50.9,64.38,23.14,187.7,-146.4,53.76,45.83,9.828,1.896,50.43,3.748,0.9381,267.7,215.3,5.4,3.8,39.2,34.3,84,94.3,6.1,43,3.8,116.4,32.4,60.1,57,55,13.08,5.779,8.971,20,0,112.7,109.2,136,100.7,5.6,6.2,80,0,100,25,48,56,41,55.4,68.52,57.84,54.46,42.35,69.88,202.4,5.989999999999995,5.769999999999996,Normal,100,12
26400,44,50.69,50.8,44.7,44.6,74.97,74.9,80.7,80.5,78.67,61.8,49.81,50.9,63.87,22.67,188,-146.8,53.67,45.75,9.812,1.893,50.24,3.756,0.9361,267.5,214.9,5.5,3.3,39.1,34.2,83.8,93.3,5.9,42.9,3.7,116.4,32.9,60.1,57,55,14.37,6.401,8.971,20,0,112.7,109.2,135,100,5.5,6.2,80,0,100,25,48,56,41,55.36,68.52,57.88,54.46,41.35,68.93,202.4,5.989999999999995,5.730000000000004,Normal,100,12
26400,44,50.69,50.9,44.7,44.6,74.97,74.9,80.7,80.4,78.63,61.8,49.81,50.94,63.93,23.14,187.7,-146.9,53.77,45.84,10.2,2.264,50.23,3.764,0.9341,267.7,215.4,5.5,3.6,39.1,34.2,84,93.8,5.7,43,3.8,116.7,32.6,59,57,55,14.54,6.468,8.971,20,0,112.9,109,137,102.2,5.5,6.3,80,0,100,25,48,56,41,55.36,68.48,57.88,54.46,42.35,71.65,202.3,5.989999999999995,5.730000000000004,Normal,100,12
26400,44,50.69,50.8,44.7,44.8,74.93,74.9,80.74,80.4,78.67,61.8,49.76,50.94,65.28,23.3,189.4,-147.5,53.7,45.41,10.55,2.261,50.3,3.753,0.9368,269.6,215,5.7,3.9,39.1,34.2,84.3,94.3,5.9,42.9,3.8,116.4,32.1,60.1,57,55,9.557,4.164,8.971,20,0,112.7,109.2,135.5,100.2,5.5,6,80,0,100,25,48,56,41,55.4,68.48,57.84,54.46,42.78,75.02,205,5.989999999999995,5.809999999999988,Normal,100,12
26400,44,50.69,50.8,44.7,44.4,74.93,74.9,80.7,80.5,78.63,61.8,49.81,50.94,64.65,23.24,188.5,-147.1,53.34,45.47,10.12,2.246,50.26,3.731,0.9424,268.9,213.6,5.5,3.5,38.9,34,84,93.8,6.4,43,3.9,116.7,32.4,59.6,58,56,10.47,4.607,8.86,20,0,112.9,109,136,101.2,5.6,6.2,90,0,100,25,48,56,41,55.36,68.48,57.88,54.46,42.53,71.06,204,5.989999999999995,5.769999999999996,Normal,100,12
26400,44,50.73,50.8,44.7,44.6,74.97,74.9,80.74,80.5,78.67,61.8,49.81,50.9,64.93,23.34,189.7,-148.1,53.81,45.56,9.77,1.519,50.26,3.764,0.9341,270,214,5.7,3.3,39.1,34.2,83.8,93.3,5.9,43,3.6,116.4,32.7,59,57,55,11.17,4.894,8.971,20,0,112.9,109.2,136,101,5.6,6,80,0,100,25,48,56,41,55.36,68.48,57.88,54.46,42.71,68.64,205.2,6.029999999999994,5.769999999999996,Normal,100,12
26400,44,50.73,50.9,44.7,44.8,74.97,74.9,80.74,80.5,78.67,61.8,49.81,50.94,64.67,23.25,189,-147.6,53.99,45.71,10.17,1.891,50.29,3.774,0.9315,268.9,214.8,5.5,3.5,39.1,34.2,84.3,93.8,6.2,43,3.9,116.7,32.1,59.6,57,55,12.74,5.605,8.971,20,0,112.9,109.2,135.5,100.5,5.6,6.3,80,0,100,25,48,56,41,55.4,68.48,57.88,54.5,42.68,72.31,203.9,6.029999999999994,5.769999999999996,Normal,100,12
26500,44,50.73,50.9,44.7,44.6,74.97,74.7,80.74,80.5,78.67,61.8,49.81,50.9,64.82,23.3,189.4,-147.9,54,45.72,9.804,1.525,50.29,3.775,0.9314,269.6,214.8,5.7,3.5,38.9,34,84,93.8,6.4,43,3.9,116.4,32.4,60.3,58,56,12.24,5.371,8.86,20,0,112.9,109.2,135,100.2,5.6,6.1,80,0,100,25,48,56,38,55.4,68.48,57.84,54.46,42.77,69.71,204.5,6.029999999999994,5.769999999999996,Normal,100,12
26500,44,50.73,50.8,44.7,44.6,74.97,75,80.74,80.7,78.67,61.8,49.81,50.94,64.37,23.14,188.1,-146.9,53.61,45.39,10.1,1.878,50.33,3.745,0.9388,267.7,213.2,5.5,3.3,39.1,34.2,84,93.8,5.9,42.9,3.8,116.4,32.4,59.8,57,55,12.47,5.509,8.971,20,0,112.7,109,134.5,101.7,5.8,6.3,80,0,100,25,48,56,41,55.36,68.52,57.88,54.5,42.21,71.79,203.1,6.029999999999994,5.769999999999996,Normal,100,12
26500,44,50.73,50.9,44.7,44.6,74.97,74.9,80.7,80.5,78.67,61.8,49.81,50.94,64.14,22.76,188.8,-147.4,54.22,45.91,10.21,1.899,50.31,3.789,0.9279,268.6,215.7,5.5,3.3,39.1,34.2,84,93.8,6.2,43,4.1,116.7,32.4,59,57,55,15.44,6.848,8.971,20,0,112.9,109.2,136.5,101.4,5.8,6.3,80,0,100,25,48,56,41,55.4,68.52,57.88,54.5,41.65,72.62,203.3,6.029999999999994,5.730000000000004,Normal,100,12
26500,44,50.73,50.9,44.7,44.6,75.01,75,80.78,80.5,78.71,61.8,49.81,50.94,64.99,23.36,190.4,-148.7,53.66,45.43,10.11,1.879,50.25,3.754,0.9366,270.2,213.4,5.5,3.5,39.1,34.2,84,93.8,6.2,43,3.9,116.4,32.7,59.5,58,56,10.41,4.558,8.86,20,0,112.9,109,136,100.5,5.5,6.3,80,0,100,25,48,56,41,55.36,68.56,57.88,54.46,42.49,71,205.8,6.029999999999994,5.769999999999996,Normal,100,12
26500,44,50.73,50.8,44.7,44.6,75.01,74.9,80.78,80.7,78.71,61.8,49.85,50.94,64.56,23.21,189.1,-147.8,54.03,46.12,9.811,1.893,50.27,3.779,0.9303,268.5,214.9,5.6,3.3,39.2,34.3,84,93.8,5.9,42.9,3.7,116.4,32.4,58.8,57,55,13.25,5.837,8.971,20,0,112.9,109.2,135.5,101,5.7,6.2,80,0,100,25,48,56,41,55.36,68.56,57.88,54.5,42.21,69.76,203,6.029999999999994,5.769999999999996,Normal,100,12
26500,44,50.73,50.8,44.74,44.8,74.97,75,80.78,80.5,78.71,61.84,49.81,50.94,65.25,23.29,189.3,-147.4,53.68,45.39,10.18,1.893,50.29,3.753,0.9369,269.4,215,5.4,3.5,39.2,34.3,84,93.8,5.9,43,3.9,116.4,32.4,59.6,57,55,9.603,4.186,8.971,20,0,112.9,109.2,136,101,5.6,6.2,80,0,100,25,48,56,41,55.4,68.56,57.84,54.5,42.49,73.28,204.8,5.989999999999995,5.810000000000002,Normal,100,12
26500,44,50.73,50.9,44.7,44.6,75.01,75,80.74,80.7,78.71,61.8,49.81,50.94,64.22,22.79,189.5,-148,54.26,45.94,10.22,1.9,50.27,3.795,0.9265,269,215.8,5.5,3.3,39.1,34.2,84,93.8,6.1,43,3.8,116.7,32.7,60.6,58,56,15.26,6.758,8.86,20,0,112.9,109.2,136,101.5,5.7,6.3,80,0,100,25,48,56,41,55.4,68.6,57.88,54.5,41.45,72.67,203.7,6.029999999999994,5.72999999999999,Normal,100,12
26500,44,50.73,50.8,44.7,44.6,75.01,74.9,80.74,80.7,78.71,61.8,49.81,50.94,64.02,22.72,188.9,-147.6,54.46,46.11,10.26,1.908,50.26,3.81,0.9228,268.1,216.6,5.5,3.3,39.1,34.2,84,93.8,6.1,43,3.9,116.4,32.7,59.1,57,55,16.65,7.399,8.971,20,0,112.9,109,135.5,100,5.7,6.2,80,0,100,25,48,56,41,55.4,68.6,57.88,54.5,41.32,72.94,202.7,6.029999999999994,5.72999999999999,Normal,100,12
26500,44,50.73,50.8,44.7,44.8,75.01,75,80.74,80.7,78.67,61.8,49.81,50.94,63.8,23.1,187.8,-147.1,54.44,46.09,10.25,1.907,50.31,3.805,0.9241,267.2,216.6,5.6,3.6,39.2,34.3,84.3,94.3,5.7,42.9,4,116.4,32.6,59.6,57,55,17.42,7.766,8.971,20,0,112.9,109.2,136,101,5.8,6,80,0,100,25,48,56,41,55.36,68.56,57.84,54.5,42.01,73.81,201.6,6.029999999999994,5.72999999999999,Normal,100,12
26500,44,50.69,50.9,44.7,44.6,75.01,75,80.78,80.5,78.71,61.76,49.81,50.94,64.47,23.17,189.3,-148,53.5,45.61,10.15,2.253,50.27,3.742,0.9396,268.1,214.3,5.5,3.8,39.1,34.2,84.3,94.3,6.2,43,3.9,116.4,32.1,60.3,57,55,11.71,5.165,8.971,20,0,112.9,109.2,134.5,99.7,5.6,6.3,80,0,100,25,48,56,41,55.36,68.56,57.84,54.46,42.15,72.15,203.5,5.989999999999995,5.769999999999996,Normal,100,12
26600,44,50.73,50.8,44.7,44.6,75.01,74.9,80.78,80.7,78.71,61.8,49.81,50.94,64.54,23.2,189.1,-147.7,54.08,45.79,10.19,1.894,50.31,3.779,0.9303,268.4,215.1,5.4,3.3,39.2,34.3,84,93.8,5.7,43,3.8,116.4,32.4,59.6,57,55,13.53,5.962,8.971,20,0,112.7,109,135.5,100.4,5.8,6.4,80,0,100,25,48,56,41,55.36,68.56,57.84,54.5,42.19,73.32,203.4,6.029999999999994,5.769999999999996,Normal,100,12
26600,44,50.69,50.8,44.7,44.8,75.01,74.9,80.78,80.5,78.71,61.84,49.81,50.94,64.69,23.26,189,-147.6,53.7,45.77,10.18,2.261,50.37,3.748,0.938,269,215,5.5,3.3,39.1,34.2,83.8,93.3,6.2,43,3.8,116.7,32.1,59.6,57,55,11.7,5.144,8.971,20,0,112.7,109,136,100.7,5.8,6.2,80,0,100,25,48,56,41,55.4,68.56,57.8,54.46,42.43,73.3,203.9,5.989999999999995,5.769999999999996,Normal,100,12
26600,44,50.69,50.9,44.7,44.6,75.01,75,80.78,80.5,78.71,61.8,49.85,50.94,64.77,23.28,189.7,-148.3,53.55,46.02,9.791,2.255,50.3,3.743,0.9392,269.4,214.5,5.7,3.3,39.2,34,84,93.8,5.9,42.9,4.1,116.7,32.7,59.8,57,55,10.85,4.765,8.971,20,0,112.7,109,136.5,101.2,5.6,6.3,80,0,100,25,48,56,41,55.4,68.56,57.8,54.46,42.48,70.47,204,5.989999999999995,5.769999999999996,Normal,100,12
26600,44,50.73,50.8,44.74,44.6,75.01,74.9,80.74,80.7,78.71,61.84,49.81,50.94,64.23,22.79,189,-147.6,53.55,45.28,10.16,1.888,50.29,3.743,0.9392,269,214.5,5.4,3.3,39.2,34.3,84,93.8,5.9,43,3.9,116.4,32.4,59.5,57,55,12.74,5.64,8.971,20,0,112.7,109.2,136,100.9,5.8,6.2,80,0,100,25,48,56,41,55.4,68.56,57.8,54.46,41.59,73.1,204.6,5.989999999999995,5.72999999999999,Normal,100,12
26600,44,50.73,50.8,44.7,44.6,75.01,74.9,80.74,80.5,78.71,61.84,49.81,50.94,64.42,22.86,189.6,-148,53.64,45.42,10.1,1.879,50.28,3.751,0.9373,269.8,213.4,5.4,3.5,39.2,34.3,84,93.8,5.9,42.9,3.7,116.4,32.4,59.6,57,55,12.38,5.464,8.971,20,0,112.4,109.2,136,100.9,5.5,6.2,80,0,100,25,48,56,41,55.44,68.56,57.75,54.46,41.84,73.63,205.2,6.029999999999994,5.72999999999999,Normal,100,12
26600,44,50.73,50.9,44.7,44.6,75.01,74.9,80.78,80.7,78.71,61.84,49.81,50.94,64.68,23.25,189,-147.6,54.03,45.75,10.18,1.892,50.29,3.778,0.9308,269,214.9,5.7,3.6,38.9,34,84,93.8,5.9,43,4.1,116.4,32.7,60.1,58,56,12.83,5.643,8.86,20,0,112.7,109.2,137,101.7,5.7,6.3,80,0,100,25,48,56,41,55.44,68.56,57.75,54.42,42.55,73.26,203.9,6.029999999999994,5.769999999999996,Normal,100,12
26600,44,50.73,50.8,44.7,44.8,75.01,75,80.78,80.5,78.71,61.84,49.85,50.94,64.31,23.12,187.9,-146.7,54.06,46.14,9.816,1.894,50.28,3.781,0.93,267.4,215,5.4,3.8,39.2,34.3,84.3,94.3,6.1,43,3.8,116.7,32.1,59.5,57,55,14.26,6.308,8.971,20,0,112.9,109.2,136,101.2,5.5,6.2,80,0,100,25,48,56,41,55.4,68.56,57.75,54.46,42.17,71.53,201.8,6.029999999999994,5.769999999999996,Normal,100,12
29900,44,55.6,55.8,45.23,45.1,70.02,70,79.76,79.5,76.86,69.91,54.19,55.73,108,32.09,77.15,-1.19,93.11,80.4,13.88,1.162,68.37,4.788,0.7343,266.1,215.4,7.4,6,37.7,33,85.5,96.3,9.1,41.7,4,107.3,21.8,62.9,80,77,15.87,4.177,6.768,20,0,113.1,110.5,136.5,102.8,9.7,10.7,70,100,100,86.98,57,56,58,55.03,63.85,66.84,61.34,87.36,60.5,-11.21,10.370000000000005,9.740000000000007,Normal,100,13
30000,44,55.6,55.8,45.23,45.1,70.02,69.8,79.72,79.5,76.86,69.95,54.19,55.77,107.8,31.7,76.87,-0.7377,93.34,80.6,14.28,1.533,69.14,4.747,0.7407,266.7,215.9,7.4,6,37.7,33,85.5,96.3,9,41.9,4,107.3,21.8,63.1,81,77,18.18,4.796,6.768,20,0,113.1,110.7,136.5,102.7,9.7,10.7,70,100,100,86.85,57,56,55,54.99,63.89,66.84,61.3,85.52,61.79,-12.94,10.370000000000005,9.700000000000005,Normal,100,13
30000,44,55.56,55.6,45.23,45.1,70.02,69.8,79.72,79.5,76.86,69.95,54.19,55.73,108.2,31.81,77.12,-0.7401,92.91,80.55,13.9,1.533,68.74,4.752,0.7398,267.6,215.8,7.4,6,37.6,32.9,85.5,96.3,9,41.7,4,107.5,22,63.3,81,78,15.04,3.955,6.677,20,0,113.1,110.7,134.5,100.5,9.7,10.5,70,100,100,86.71,57,56,55,55.03,63.89,66.89,61.3,86.2,59.72,-11.89,10.330000000000004,9.700000000000005,Normal,100,13
30000,44,55.6,55.8,45.23,45.1,70.02,70,79.72,79.5,76.86,69.95,54.19,55.77,107.7,31.68,76.8,-0.7371,93.02,80.32,14.23,1.528,68.61,4.767,0.7376,266.5,215.2,7.2,6.2,37.7,33,85.7,96.8,9,41.9,4.3,107.1,21.8,62.8,81,78,16.85,4.447,6.677,20,0,113.1,110.5,136,102.6,9.7,10.9,70,100,100,86.58,57,56,58,54.99,63.85,66.89,61.3,85.85,61.13,-12.21,10.370000000000005,9.700000000000005,Normal,100,13
30000,44,55.56,55.8,45.19,45.1,69.97,69.8,79.72,79.5,76.86,69.95,54.19,55.77,108.2,31.67,76.77,-0.2822,93.47,81.07,14.3,1.904,68.73,4.781,0.7354,266.4,216.2,7.5,5.7,38,33.2,85.2,95.8,9.1,41.7,4.1,107.3,22.1,62.8,80,77,17.08,4.493,6.768,20,0,113.1,110.5,136.5,102.8,9.7,10.7,70,100,100,86.44,57,56,55,54.99,63.93,66.89,61.34,85.03,61.88,-14.92,10.370000000000005,9.75,Normal,100,13
30000,44,55.6,55.8,45.19,45.1,70.02,69.8,79.72,79.5,76.91,69.99,54.19,55.73,108.3,31.4,77.23,-0.2846,93.42,80.71,13.87,1.161,68.58,4.789,0.7341,268,215.3,7.4,6,37.7,33,85.5,96.3,9,41.7,4,107.1,21.8,62.8,81,78,16.1,4.225,6.677,20,0,112.9,110.5,136.5,102.8,9.5,10.7,70,100,100,86.31,57,56,55,54.99,63.97,66.89,61.34,83.92,60.01,-12.08,10.410000000000004,9.700000000000005,Normal,100,13
30000,44,55.6,55.8,45.23,45.1,70.06,69.7,79.72,79.5,76.86,69.95,54.19,55.73,107.3,31.68,76.81,-1.191,93.26,80.53,13.9,1.164,68.59,4.781,0.7354,266.6,215.8,7.1,6,38,33.2,85.5,96.3,8.7,41.7,3.7,107.3,21.6,62.6,80,77,19.22,5.094,6.768,20,0,112.9,110.3,134.5,104.3,9.7,10.7,70,100,100,86.17,57,56,55,55.03,63.89,66.89,61.34,85.86,60.15,-12.9,10.370000000000005,9.659999999999997,Normal,100,13
30000,44,55.6,55.8,45.23,45.1,70.02,69.8,79.72,79.7,76.86,69.95,54.15,55.77,107.2,31.52,76.42,-0.7334,92.84,79.8,14.57,1.525,69.15,4.72,0.7449,265.2,214.8,7.1,6.2,38,33.2,85.7,96.8,9,41.7,3.7,107.3,21.8,63.6,81,78,18.63,4.943,6.677,20,0,112.7,110.5,137,103.3,9.5,10.7,70,100,100,86.04,57,56,55,55.03,63.89,66.93,61.38,85.42,63.05,-11.71,10.370000000000005,9.700000000000005,Normal,100,13
30000,44,55.6,55.6,45.23,45.1,70.02,69.8,79.72,79.7,76.86,69.95,54.19,55.77,107.8,31.7,76.85,-0.7375,92.86,80.18,14.2,1.525,68.87,4.741,0.7416,266.7,214.8,7.1,5.8,37.7,33,85.5,96.3,9,41.7,3.7,107.3,21.8,63.3,81,78,16.33,4.309,6.677,20,0,112.9,110.3,135,101.6,9.9,10.5,70,100,100,85.91,57,56,55,54.99,63.93,66.93,61.38,85.11,61.48,-11.58,10.370000000000005,9.700000000000005,Normal,100,13
30000,44,55.6,55.8,45.23,45.1,70.02,70,79.72,79.5,76.86,69.95,54.23,55.77,107.9,31.71,76.89,-0.7379,92.7,80.41,13.81,1.523,68.86,4.734,0.7428,266.8,214.5,7.4,6,37.7,33,85.5,96.3,9.2,41.7,3.7,107.5,21.8,63.9,81,78,15.54,4.099,6.677,20,0,112.7,110.3,138,100.8,9.5,10.7,70,100,100,85.77,57,56,58,54.99,64.01,67.01,61.38,84.38,58.92,-12.22,10.370000000000005,9.700000000000005,Normal,100,13
30000,44,55.6,55.8,45.23,45.1,70.06,69.8,79.72,79.7,76.91,69.99,54.19,55.77,106.6,31.02,76.3,-0.7323,93.12,80.4,14.24,1.529,69.11,4.738,0.7421,264.8,215.4,7.4,5.8,37.7,33,85.5,96.3,9,41.9,4.2,107.1,21.8,63.3,81,78,21.76,5.806,6.677,20,0,112.9,110.3,135,126.8,9.9,10.7,70,100,100,85.64,57,56,55,54.99,64.01,67.01,61.38,82.53,60.75,-14.24,10.370000000000005,9.659999999999997,Normal,100,13
30100,44,55.6,56,45.23,45.3,70.06,70,79.76,79.5,76.95,69.99,54.19,55.77,107.6,31.19,77.16,-0.7362,93.39,80.64,14.28,1.534,68.96,4.761,0.7384,266.2,216.1,7.4,6,37.7,33,85.5,96.3,8.7,41.7,4,107.5,22,63.1,81,78,18.94,5.005,6.677,20,0,112.9,110.3,136.5,102.8,9.7,10.9,70,100,100,85.5,57,56,58,54.99,64.05,67.01,61.38,82.6,60.92,-11.97,10.370000000000005,9.700000000000005,Normal,100,13
30100,44,55.64,55.8,45.23,45.1,70.06,69.8,79.8,79.7,76.91,69.99,54.19,55.77,108.1,32.12,76.77,-0.7368,93.38,80.31,14.23,1.16,68.92,4.763,0.7381,266.4,215.2,7.4,6,37.7,33,85.7,96.8,9,41.9,4.2,107.3,21.6,63.3,80,77,16.99,4.469,6.768,20,0,112.9,110.3,135.5,104.8,9.7,10.7,70,100,100,85.37,57,56,55,54.99,64.01,67.01,61.42,85.46,61.12,-12.3,10.410000000000004,9.739999999999997,Normal,100,13
30100,44,55.64,55.8,45.23,45.3,70.06,70,79.8,79.7,76.91,69.99,54.23,55.77,108.3,32.16,76.88,-0.7378,93.42,80.71,13.87,1.16,69.37,4.735,0.7426,266.8,215.3,7.6,6,37.7,33,85.7,96.8,9.2,41.7,4,107.3,21.6,63.6,80,77,17.04,4.474,6.768,20,0,112.7,110.3,135.5,101.8,9.9,10.5,70,100,100,85.23,57,56,58,54.99,63.93,67.01,61.42,86.37,59.58,-13.31,10.410000000000004,9.739999999999997,Normal,100,13
30100,44,55.64,55.8,45.23,45.3,70.06,69.8,79.76,79.5,76.95,69.99,54.19,55.81,107.9,31.27,77.37,-0.7382,93.8,80.68,14.66,1.535,68.88,4.788,0.7343,266.9,216.2,7.5,6,37.6,32.9,85.5,96.3,9,41.9,4.3,107.3,21.8,63.9,81,78,19.3,5.087,6.677,20,0,112.4,110.1,135.5,102.3,9.7,10.7,70,100,100,85.1,57,56,55,54.99,63.93,67.01,61.42,83.96,62.99,-11.4,10.410000000000004,9.700000000000005,Normal,100,13
30100,44,55.64,55.8,45.23,45.1,70.06,70,79.76,79.7,76.95,69.99,54.23,55.81,107.8,31.25,77.33,-0.7378,94.14,81.34,14.34,1.54,68.52,4.831,0.7278,266.8,216.9,7.1,5.8,38,33.2,85.5,96.3,9.1,41.7,4,107.3,21.8,63.3,80,77,20.36,5.37,6.768,20,0,112.7,110.1,137,77.9,9.7,10.5,70,100,100,84.97,57,56,58,54.99,63.93,67.05,61.42,83.91,61.18,-13.84,10.410000000000004,9.700000000000005,Normal,100,13
30100,44,55.64,55.8,45.23,45.1,70.06,70,79.8,79.5,76.95,69.99,54.23,55.81,108.3,31.7,77.32,-0.7377,93.55,80.83,14.25,1.53,69.36,4.742,0.7414,266.7,215.6,7.6,6.2,37.7,33,85.7,96.8,9,41.7,4,107.3,21.6,62.8,81,78,17.59,4.619,6.677,20,0,112.4,110.1,136,102.2,9.5,10.5,70,100,100,84.83,57,56,58,54.99,63.93,67.05,61.42,85.12,60.8,-12.12,10.410000000000004,9.739999999999997,Normal,100,13
30100,44,55.64,55.8,45.27,45.1,70.06,69.8,79.76,79.5,76.91,69.99,54.19,55.81,108.1,31.78,77.05,-0.7394,93.4,80.27,14.66,1.534,68.99,4.76,0.7387,267.4,216.1,7.4,6.2,37.7,33,85.7,96.8,9.3,41.7,4,107.3,21.6,63.8,81,78,17.35,4.565,6.677,20,0,112.4,110.1,136,102.2,9.5,10.7,70,100,100,84.7,57,56,55,54.99,63.89,67.05,61.42,85.72,62.5,-11.21,10.369999999999996,9.700000000000005,Normal,100,13
30100,44,55.64,55.6,45.23,45.1,70.06,69.8,79.8,79.5,76.91,69.99,54.23,55.81,108.6,32.26,77.12,-0.7401,93.15,80.48,14.19,1.524,68.83,4.758,0.7389,267.6,214.7,7.6,6.2,37.7,33,85.7,96.8,9,41.7,4,107.5,21.6,63.3,81,78,14.36,3.759,6.677,20,0,112.7,110.1,135.5,101.7,9.7,10.5,70,100,100,84.56,57,56,55,54.99,63.85,67.05,61.42,87.44,60.54,-11.67,10.410000000000004,9.739999999999997,Normal,100,13
30100,44,55.64,55.8,45.23,45.1,70.06,69.8,79.76,79.5,76.91,69.95,54.19,55.77,107.7,31.66,77.22,-1.191,93.74,80.62,14.28,1.164,69.48,4.744,0.7412,266.4,216,7.4,6,37.7,33,85.5,96.3,9.2,41.9,4.2,107.3,21.6,63.1,81,78,20.42,5.392,6.677,20,0,112.4,110.1,136,102.3,9.7,10.7,70,100,100,84.43,57,56,55,54.99,63.81,67.09,61.42,86.21,60.48,-11.73,10.410000000000004,9.700000000000005,Normal,100,13
30100,44,55.64,56,45.23,45.1,70.06,70,79.8,79.5,76.91,69.95,54.19,55.77,108.4,32.18,77.38,-1.193,94.03,80.87,14.33,1.168,69.09,4.785,0.7348,267,216.7,7.5,5.7,37.6,32.9,85.5,95.8,9,41.7,4.1,107.5,21.8,62.9,81,78,18.66,4.897,6.677,20,0,112.2,110.1,134,100.8,9.5,10.9,70,100,100,84.3,57,56,58,54.99,63.81,67.09,61.42,87.62,60.66,-12.04,10.410000000000004,9.739999999999997,Normal,100,13
30200,44,55.64,55.8,45.23,45.1,70.06,70,79.8,79.5,76.91,69.99,54.19,55.77,108.9,32.34,77.29,-0.7418,94.39,81.18,14.38,1.172,68.83,4.821,0.7293,268.2,217.5,7.4,6.2,37.7,33,85.7,96.8,9,41.7,4.1,107.3,21.8,62.6,81,78,17.84,4.661,6.677,20,0,112.4,110.1,138.5,105.3,9.5,10.7,70,100,100,84.16,57,56,58,54.99,63.89,67.09,61.46,87.23,61.33,-13.48,10.410000000000004,9.739999999999997,Normal,100,13
30200,44,55.64,55.8,45.23,45.3,70.06,69.8,79.8,79.5,76.91,69.95,54.19,55.81,108.1,32.11,77.21,-1.19,93.5,80.42,14.61,1.53,69.01,4.764,0.7381,266.3,215.5,7.5,5.7,37.7,33,85.2,95.8,8.7,41.7,4.1,107.3,22.1,63.4,80,77,17.58,4.623,6.768,20,0,112.4,109.8,136,102,9.7,10.7,70,100,100,84.03,57,56,55,54.99,63.93,67.09,61.46,86.23,62.33,-11.07,10.410000000000004,9.739999999999997,Normal,100,13
31400,44,50.89,50.9,44.21,43.9,64.45,64.4,70.67,70.4,69.37,62.99,50.83,51.11,69.98,14.58,71.8,-16.4,59.76,59.18,2.471,1.888,46.07,4.56,0.771,269.9,214.4,6.4,4,37.7,33,74.4,78,6.3,42,4.4,130.3,30.5,45,53,51,10.14,4.122,9.433,20,0,109.8,107.3,132,98.8,6,6.8,33.13,0,100,65,51,56,48,55.07,62.33,52.1,51.68,48.22,59.3,47.46,6.68,6.219999999999999,Normal,100,14
31400,44,50.94,51.1,44.21,44.1,64.41,64,70.71,70.3,69.37,62.99,50.79,51.11,71.14,15.09,72.04,-16,60.33,59.01,2.847,1.528,46.12,4.6,0.7644,270.8,215.2,6.5,4,37.6,32.9,74.4,78,6,42.2,4.6,104.9,30.8,45.1,52,50,8.146,3.257,9.553,20,0,109.8,107.5,133.5,99.7,6.2,7,33.27,0,100,65,51,56,48,55.12,62.33,52.1,51.68,50.19,68.33,48.96,6.729999999999997,6.299999999999997,Normal,100,14
31400,44,50.89,51.1,44.21,44.1,64.41,64.4,70.67,70.4,69.37,62.99,50.83,51.06,70.52,14.6,71.88,-15.96,59.7,59.12,2.103,1.521,46.05,4.559,0.7713,270.2,214.2,6.4,4,37.7,33,74.4,78,6,42.2,4.5,104.9,30.8,45.5,53,51,8.02,3.235,9.433,20,0,109.6,107.3,132,98,6,7,33.41,0,100,65,51,56,48,55.12,62.33,52.1,51.68,48.54,50.47,47.97,6.68,6.260000000000005,Normal,100,14
31400,44,50.89,51.1,44.21,44.3,64.41,64.4,70.67,70.4,69.37,62.95,50.79,51.06,70.17,14.53,71.98,-16.34,59.95,59,2.479,1.527,46.1,4.572,0.769,268.9,215.1,6.5,3.7,37.6,32.9,74.1,77.5,6.3,42,4.3,79.3,30.8,45,53,51,10.17,4.122,9.433,20,0,109.8,107.3,131,98.3,6.2,6.6,33.55,0,100,65,51,56,48,55.07,62.37,52.1,51.68,47.76,59.51,48.51,6.68,6.260000000000005,Normal,100,14
31500,44,50.89,50.9,44.16,44.1,64.41,64.2,70.67,70.4,69.37,62.95,50.79,51.11,70.11,14.52,71.92,-16.33,60.28,59.33,2.845,1.893,46.08,4.6,0.7644,268.7,215,6.5,4,37.6,32.9,74.4,78,6.3,42.2,4.5,104.9,30.5,45,52,50,11.51,4.669,9.553,20,0,109.8,107.5,132,98,6.2,6.8,33.69,0,100,65,51,56,48,55.16,62.33,52.1,51.68,48.54,68.27,47.05,6.730000000000004,6.260000000000005,Normal,100,14
31500,44,50.89,50.9,44.21,44.1,64.41,64.2,70.71,70.3,69.37,62.99,50.83,51.06,71.17,15.1,72.08,-16.01,59.94,59.35,2.111,1.527,46.08,4.573,0.7688,271,215.1,6.4,3.8,37.6,33,74.1,77.5,5.8,42.2,4.3,104.7,30.8,45,53,51,6.565,2.623,9.433,20,0,109.6,107.3,131.5,97.7,5.9,6.8,33.83,0,100,65,51,56,48,55.12,62.33,52.1,51.68,50.21,50.67,47.84,6.68,6.299999999999997,Normal,100,14
31500,44,50.89,51.1,44.21,44.1,64.45,64.4,70.71,70.3,69.37,62.99,50.79,51.06,70.57,15.07,71.93,-16.43,60.12,59.17,2.486,1.531,46.07,4.588,0.7663,270.4,215.7,6.4,4.1,37.7,33,74.4,78,6.1,42,4.3,105.1,30.5,44.6,52,50,9.35,3.769,9.553,20,0,109.6,107.5,132.5,97.7,6.1,6.8,33.97,0,100,65,51,56,48,55.16,62.37,52.1,51.68,50.11,59.67,47.98,6.68,6.259999999999991,Normal,100,14
31500,44,50.89,51.1,44.21,44.1,64.45,64.2,70.71,70.3,69.37,62.99,50.83,51.11,70.19,14.99,71.55,-16.35,60.09,59.5,2.484,1.898,46.07,4.586,0.7667,269,215.6,6.5,3.8,37.6,32.9,74.1,77.5,6.1,42.2,4.6,104.9,30.5,45,53,51,10.53,4.267,9.433,20,0,109.8,107.3,131,97.2,5.9,7,34.11,0,100,65,51,56,48,55.12,62.37,52.15,51.72,49.57,59.63,45.3,6.68,6.259999999999991,Normal,100,14
31500,44,50.94,51.1,44.21,44.1,64.45,64.4,70.67,70.3,69.37,62.99,50.83,51.11,69.59,14.5,71.4,-16.31,60.29,59.34,2.478,1.526,46.05,4.603,0.7638,268.5,215,6.4,4.1,37.7,33,74.4,78,5.8,42,4.3,104.9,30.8,45.1,53,51,13.35,5.454,9.433,20,0,109.8,107.3,132,98.2,5.9,7,34.25,0,100,65,51,56,48,55.12,62.37,52.1,51.72,47.95,59.47,45.36,6.729999999999997,6.219999999999999,Normal,100,14
31500,44,50.89,51.1,44.25,44.1,64.41,64.2,70.67,70.3,69.37,62.99,50.83,51.11,70.4,14.58,71.76,-15.93,59.66,59.07,2.482,1.897,46.01,4.559,0.7713,269.8,215.4,6.5,4.1,37.6,32.9,74.4,78,6.3,42.2,4.6,104.9,30.5,45.1,53,51,8.256,3.336,9.433,20,0,109.6,107.3,132.5,98.8,5.9,7,34.39,0,100,65,51,56,48,55.12,62.37,52.1,51.72,48.19,59.57,47.69,6.640000000000001,6.260000000000005,Normal,100,14
31500,44,50.94,51.1,44.25,44.1,64.45,64.4,70.67,70.3,69.37,62.99,50.83,51.11,69.81,14.55,71.63,-16.37,59.99,59.04,2.481,1.528,46.1,4.576,0.7684,269.3,215.3,6.5,4.1,37.6,32.9,74.4,78,6.3,42,4.4,105.1,30.5,44.6,53,51,11.57,4.713,9.433,20,0,109.4,107.3,132.5,98.7,5.9,7,34.53,0,100,65,51,56,48,55.16,62.37,52.1,51.68,48.38,59.53,47.33,6.689999999999998,6.219999999999999,Normal,100,14
31500,44,50.94,51.1,44.25,44.1,64.45,64.2,70.67,70.3,69.37,62.99,50.83,51.11,69.61,14.51,71.42,-16.32,59.98,59.03,2.48,1.528,46.11,4.574,0.7687,268.5,215.2,6.5,4.3,37.6,32.9,74.4,78,6.3,42.2,4.6,104.9,30.5,45.5,53,51,12.28,5.017,9.433,20,0,109.6,107.3,132,98,6.1,7,34.66,0,100,65,51,56,48,55.16,62.33,52.15,51.68,48.51,59.52,46.57,6.689999999999998,6.219999999999999,Normal,100,14
31500,44,50.89,50.9,44.25,44.1,64.41,64.4,70.63,70.4,69.37,62.95,50.83,51.11,69.84,14.09,72.11,-16.37,59.97,59.38,2.495,1.907,46.07,4.577,0.7681,269.4,216.5,6.6,4,37.7,33,74.4,78,6.3,42,4.3,104.9,30.5,45,53,51,11.39,4.64,9.433,20,0,109.4,107.3,131,97,6.2,6.6,34.8,0,100,65,51,56,48,55.16,62.37,52.15,51.72,46.86,59.88,47.54,6.640000000000001,6.219999999999999,Normal,100,14
31500,44,50.94,50.9,44.21,44.1,64.45,64.4,70.67,70.4,69.37,62.99,50.83,51.11,69.9,14.57,71.72,-16.39,60.28,59.33,2.477,1.526,46.09,4.598,0.7647,269.6,215,6.5,4,37.6,32.9,74.4,78,6.1,42.2,4.5,104.9,30.5,45.1,53,51,12.27,4.993,9.433,20,0,109.6,107.1,131.5,97.3,6.2,6.8,34.94,0,100,65,51,56,48,55.16,62.37,52.15,51.72,48.43,59.45,46.58,6.729999999999997,6.219999999999999,Normal,100,14
31600,44,50.94,51.1,44.21,44.1,64.45,64.4,70.63,70.3,69.37,62.99,50.83,51.11,69.7,14.16,71.98,-16.45,60.54,59.58,2.488,1.533,46.04,4.623,0.7605,270.6,215.9,6.6,3.8,37.7,33,74.1,77.5,6.3,42,4.4,104.9,30.7,45.1,53,51,13.84,5.648,9.433,20,0,109.4,107.3,131.5,97.5,6.1,6.8,35.08,0,100,65,51,56,48,55.12,62.37,52.15,51.72,46.81,59.71,46.62,6.729999999999997,6.179999999999993,Normal,100,14
31600,44,50.89,51.1,44.25,44.1,64.41,64.2,70.67,70.4,69.37,62.99,50.83,51.11,70.19,14.53,71.54,-15.89,59.66,59.08,2.482,1.897,46.04,4.557,0.7716,269,215.4,6.4,3.7,37.7,33,74.1,77.5,6.3,42.2,4.6,104.9,30.8,44.8,53,51,9.03,3.659,9.433,20,0,109.4,107.3,132,98.2,6.2,7,35.22,0,100,65,51,56,48,55.16,62.37,52.19,51.72,48.32,59.57,46.87,6.640000000000001,6.260000000000005,Normal,100,14
31600,44,50.94,50.9,44.25,44.1,64.45,64.2,70.63,70.4,69.37,62.99,50.83,51.06,69.62,14.15,71.91,-16.43,60.16,59.2,2.119,1.164,46.03,4.596,0.7651,270.4,215.9,6.5,4,37.6,32.9,74.4,78,6.6,42,4.4,105.1,30.4,45,53,51,12.74,5.206,9.433,20,0,109.6,107.3,132.5,98.8,6.2,6.8,35.36,0,100,65,51,56,48,55.16,62.37,52.19,51.72,47.03,50.86,47.77,6.689999999999998,6.179999999999993,Normal,100,14
31600,44,50.94,51.1,44.25,44.1,64.41,64.4,70.67,70.4,69.37,62.99,50.83,51.11,70.64,14.62,72,-15.99,59.63,58.68,2.465,1.519,46.11,4.546,0.7734,270.7,213.9,6.4,4,37.7,33,74.1,78,6,42,4.5,105.1,30.8,45,53,51,7.401,2.98,9.433,20,0,109.6,107.1,133.5,99.7,6.2,7,35.5,0,100,65,51,56,48,55.16,62.37,52.19,51.72,48.63,59.17,50.08,6.689999999999998,6.260000000000005,Normal,100,14
31600,44,50.94,50.9,44.21,44.1,64.41,64.2,70.63,70.3,69.37,63.03,50.87,51.15,70.2,14.17,71.57,-15.53,60.22,59.64,2.475,1.891,46.09,4.594,0.7653,270.8,214.8,6.4,4.1,37.7,33,74.4,78,6.1,42,4.4,104.9,30.5,45,53,51,10.99,4.454,9.433,20,0,109.4,107.1,132,98.3,6.1,6.8,35.64,0,100,65,51,56,48,55.16,62.37,52.19,51.76,47.11,59.41,45.14,6.729999999999997,6.219999999999999,Normal,100,14
31600,44,50.94,51.1,44.21,44.1,64.45,64.4,70.67,70.4,69.37,63.03,50.83,51.15,69.71,14.53,71.06,-15.88,60.46,59.51,2.853,1.899,46.18,4.603,0.7639,268.9,215.6,6.4,4,37.7,33,74.4,78,5.8,42.2,4.5,105.1,30.8,45.4,53,51,13.67,5.579,9.433,20,0,109.4,107.1,131.5,97.5,6,7,35.78,0,100,65,51,56,48,55.16,62.37,52.19,51.72,48.3,68.46,43.72,6.729999999999997,6.219999999999999,Normal,100,14
31600,44,50.94,50.9,44.25,44.1,64.45,64.4,70.63,70.4,69.37,63.03,50.87,51.15,69.31,14.08,71.12,-15.9,59.97,59.38,2.48,1.895,46.15,4.569,0.7696,269.1,215.2,6.5,4.3,37.6,32.9,74.7,78.4,6.3,42.2,4.5,105.1,30.4,44.5,53,51,13.31,5.463,9.433,20,0,109.4,107.1,130.5,96.7,6.2,6.8,35.92,0,100,65,51,56,48,55.16,62.37,52.19,51.72,46.82,59.52,44.42,6.689999999999998,6.179999999999993,Normal,100,14
31600,44,50.94,51.1,44.25,44.1,64.45,64.4,70.67,70.4,69.37,62.99,50.87,51.11,69.87,14.56,71.69,-16.38,59.89,59.3,2.11,1.526,46.12,4.566,0.7701,269.5,214.9,6.6,4,37.6,32.9,74.4,78,6.4,42,4.3,104.9,30.7,45.1,53,51,11.02,4.486,9.433,20,0,109.4,107.3,132,97.8,6,6.8,36.06,0,100,65,51,56,48,55.16,62.42,52.19,51.76,48.14,50.64,46.57,6.689999999999998,6.219999999999999,Normal,100,14
31600,44,50.94,51.1,44.25,44.1,64.45,64.2,70.67,70.4,69.37,62.99,50.87,51.15,69.73,14.53,71.54,-16.35,59.8,59.22,2.473,1.889,46.11,4.56,0.7711,269,214.6,6.4,4,37.7,33,74.4,78,6,42,4.4,104.9,31,45.1,53,51,11.22,4.576,9.433,20,0,109.4,107.1,131.5,97.5,6.2,7,36.2,0,100,65,51,56,48,55.2,62.42,52.19,51.76,48.32,59.36,46.33,6.689999999999998,6.219999999999999,Normal,100,14
31600,44,50.94,50.9,44.25,44.3,64.45,64.4,70.67,70.4,69.37,63.03,50.83,51.11,69.93,14.57,71.29,-15.93,59.92,58.97,2.478,1.526,46.1,4.569,0.7694,269.7,215,6.5,4,37.6,32.9,74.4,78,6.1,42,4.4,104.9,30.7,45.1,53,51,10.91,4.437,9.433,20,0,109.4,107.1,132.5,99,6,6.8,36.34,0,100,65,51,56,48,55.16,62.42,52.19,51.76,48.18,59.46,46.62,6.689999999999998,6.219999999999999,Normal,100,14
31700,44,50.94,51.1,44.25,44.1,64.45,64.4,70.71,70.4,69.37,62.99,50.83,51.11,70.53,15.06,71.89,-16.43,60.72,59.75,2.511,1.547,46.15,4.626,0.7601,270.3,217.9,6.7,4.3,37.6,32.9,74.7,78.4,6.4,42.2,4.8,105.1,30.2,45.1,53,51,11.66,4.702,9.433,20,0,109.4,107.1,133,99.3,6.2,7,36.48,0,100,65,51,56,48,55.16,62.37,52.19,51.76,50.08,60.25,45.63,6.689999999999998,6.259999999999991,Normal,100,14
31700,44,50.94,51.1,44.25,44.1,64.41,64.4,70.67,70.3,69.37,63.03,50.83,51.11,70.31,14.56,71.21,-15.46,60.11,59.15,2.485,1.531,46.07,4.587,0.7665,269.5,215.7,6.5,4.4,37.6,32.9,74.7,78.4,6.1,42,4.4,105.1,30.2,45.3,53,51,10.19,4.122,9.433,20,0,109.2,107.1,132.5,97.8,5.9,6.8,36.62,0,100,65,51,56,48,55.16,62.37,52.19,51.72,48.4,59.65,45.63,6.689999999999998,6.260000000000005,Normal,100,14
31700,44,50.98,51.1,44.25,44.1,64.45,64.2,70.67,70.3,69.37,62.99,50.83,51.11,70.21,14.63,72.04,-16.46,59.82,58.51,2.458,1.15,46.13,4.559,0.7712,270.8,213.3,6.4,4,37.7,33,74.4,78,6,42.2,4.6,104.9,30.8,45.1,52,50,9.581,3.881,9.553,20,0,109.4,107.3,133,99.2,6.2,7,36.76,0,100,65,51,56,48,55.16,62.37,52.19,51.76,48.65,59,50.87,6.729999999999997,6.219999999999999,Normal,100,14
31700,44,50.94,50.9,44.25,44.1,64.45,64.4,70.67,70.4,69.37,62.99,50.83,51.11,69.93,14.57,71.75,-16.39,59.99,59.04,2.481,1.528,46.15,4.571,0.7693,269.7,215.3,6.4,4,37.6,32.9,74.4,78,6.1,42.2,4.5,105.1,30.7,44.6,53,51,11.23,4.569,9.433,20,0,109.4,107.1,132.5,98.5,6,6.8,36.9,0,100,65,51,56,48,55.2,62.37,52.19,51.76,48.73,59.54,47.76,6.689999999999998,6.219999999999999,Normal,100,14
33500,45,48.11,48.2,44.86,44.9,64.65,64.5,67.92,67.8,66.83,55.21,48,48.32,37.04,12.35,131.5,-106.8,29.17,28.22,2.85,1.897,33.79,3.035,1.158,271.5,215.4,4.5,2.5,40.3,35.3,70.3,71.5,3.5,44.4,4.3,123.5,52.9,36.4,39,38,6.12,4.699,11.2,20,0,112.2,108.8,129,91.6,3.4,3.4,35,0,100,23,47,56,48,55.24,61.06,49.48,48.97,50.89,68.41,213.3,3.25,3.269999999999996,Normal,100,15
33600,45,48.15,48.2,44.86,44.8,64.65,64.7,67.92,67.8,66.83,55.21,47.96,48.32,36.87,12.3,130.9,-106.3,29.5,27.81,3.214,1.528,33.82,3.067,1.147,270.3,215.2,4.7,2.1,40.1,35.1,69.9,71,3.7,44.4,4.1,123.2,53.1,35.7,39,38,7.922,6.112,11.2,20,0,112.4,108.8,129,92.7,3.3,3.4,35,0,100,23,47,56,48,55.2,61.11,49.52,49.02,49.95,77.15,212.8,3.289999999999999,3.269999999999996,Normal,100,15
33600,45,48.11,48.2,44.86,44.9,64.69,64.5,67.92,67.6,66.83,55.21,48,48.32,36.45,12.31,131.1,-106.9,29.01,28.06,2.835,1.887,33.8,3.017,1.165,270.6,214.2,4.8,2.7,40,35,70.3,71.5,3.9,44.3,4.2,123.2,53.2,35.7,39,38,7.645,5.966,11.2,20,0,112.2,108.8,129.5,93.2,3.1,3.3,35,0,100,23,47,56,48,55.24,61.06,49.52,49.02,50.71,68.03,212.6,3.25,3.230000000000004,Normal,100,15
33600,45,48.11,48.2,44.86,44.8,64.65,64.7,67.88,67.6,66.83,55.21,47.96,48.28,36.19,11.76,130.1,-105.7,28.89,27.58,2.823,1.515,33.79,3.006,1.17,268.7,213.4,4.7,2.7,40.1,35.1,70.3,71.5,3.7,44.4,4.3,123.2,52.9,36.4,39,38,8.121,6.383,11.2,20,0,112.4,109,130.5,92.7,3.2,3.4,35,0,100,23,47,56,48,55.2,61.06,49.52,49.06,48.12,67.76,211.7,3.25,3.2299999999999898,Normal,100,15
33600,45,48.11,48.2,44.86,44.8,64.65,64.5,67.88,67.6,66.83,55.21,48,48.32,36.37,11.82,130.8,-106.2,29.27,28.31,2.86,1.904,33.78,3.046,1.154,270,216.2,4.8,2.3,40.1,35.1,69.9,71,3.9,44.4,4.3,123.2,53.2,36.2,39,38,8.805,6.885,11.2,20,0,112.2,109,130,94.1,3.1,3.3,35,0,100,23,47,56,48,55.24,61.02,49.52,49.06,49.05,68.64,211.6,3.25,3.2299999999999898,Normal,100,15
33600,45,48.11,48.2,44.86,44.8,64.65,64.5,67.88,67.8,66.83,55.21,48,48.32,36.42,11.84,130.9,-106.4,29.06,28.11,2.839,1.89,33.79,3.024,1.163,270.4,214.6,4.5,1.7,40.1,35.3,69.9,71,4.1,44.4,4.1,123.2,53.3,35.2,39,38,7.919,6.185,11.2,20,0,112.4,109,128.5,92.4,3.3,3.4,35,0,100,23,47,56,48,55.2,61.06,49.52,49.06,48.43,68.15,212.3,3.25,3.2299999999999898,Normal,100,15
33600,45,48.15,48.2,44.86,44.8,64.65,64.5,67.92,67.6,66.83,55.21,48,48.28,36.92,12.31,131.1,-106.5,29.49,28.17,2.479,1.16,33.78,3.069,1.146,270.6,215.1,4.5,2.3,40.3,35.3,69.9,71,3.5,44.4,4.3,123.2,53.6,35.7,39,38,7.679,5.916,11.2,20,0,112.2,109,128,91.9,3.1,3.3,35,0,100,23,47,56,48,55.2,61.06,49.52,49.06,50.37,59.49,212.5,3.289999999999999,3.269999999999996,Normal,100,15
33600,45,48.11,48.2,44.86,44.8,64.69,64.7,67.88,67.6,66.79,55.21,48,48.32,35.8,12.25,129.9,-106.4,29.25,28.29,2.858,1.902,33.78,3.044,1.155,269.2,216,4.7,2.7,40.1,35.1,70.3,71.5,3.7,44.6,4.5,123.2,53.3,36.4,39,38,10.75,8.542,11.2,20,0,112.4,109,129.5,93.2,3.1,3.4,35,0,100,23,47,56,48,55.2,61.06,49.52,49.06,50.1,68.59,210.6,3.25,3.1899999999999977,Normal,100,15
33600,45,48.11,48.2,44.86,44.8,64.69,64.4,67.88,67.8,66.83,55.21,48,48.32,36.13,11.9,131.6,-107.4,29.13,28.18,2.847,1.895,33.76,3.034,1.159,271.7,215.2,4.7,2.7,40.3,35.1,69.9,71,3.7,44.4,4.3,123.2,53.6,36.4,39,38,9.148,7.201,11.2,20,0,112.2,109,129,93.2,3.3,3.4,35,0,100,23,47,56,48,55.24,61.06,49.52,49.06,49.01,68.32,213.5,3.25,3.1899999999999977,Normal,100,15
33600,45,48.11,48.2,44.86,44.8,64.69,64.7,67.88,67.8,66.83,55.21,48,48.32,36.15,11.9,131.7,-107.4,29.21,28.26,2.854,1.9,33.77,3.041,1.156,271.8,215.8,4.7,1.7,40.1,35.1,69.5,70.5,4.1,44.4,4.1,123.2,53.7,36.5,39,38,9.38,7.38,11.2,20,0,112.4,109,129,92.7,3.3,3.3,35,0,100,23,47,56,48,55.2,61.06,49.48,49.06,48.69,68.51,213.5,3.25,3.1899999999999977,Normal,100,15
33600,45,48.11,48,44.86,44.8,64.65,64.5,67.88,67.6,66.83,55.25,47.96,48.32,36.33,11.81,130.2,-105.7,29.04,27.73,3.204,1.889,33.76,3.025,1.162,269.7,214.5,4.8,3,40.1,35.1,70.6,72,3.1,44.4,4.3,123.2,53.7,36,39,38,8.125,6.361,11.2,20,0,112.7,109,128.5,92.4,3.1,3.1,35,0,100,23,47,56,48,55.2,61.06,49.52,49.06,48.32,76.9,212.3,3.25,3.2299999999999898,Normal,100,15
33700,45,48.11,48.2,44.86,44.8,64.65,64.5,67.88,67.6,66.83,55.25,48,48.32,36.31,11.8,130.1,-105.6,28.99,28.05,2.833,1.886,33.76,3.019,1.165,269.6,214.1,4.8,2.7,40.1,35,70.3,71.5,3.9,44.3,4.4,123.2,53.2,36.4,39,38,8.033,6.292,11.2,20,0,112.4,109,129.5,93.1,3.1,3.4,35,0,100,23,47,56,48,55.16,61.06,49.48,49.06,47.95,67.99,211.5,3.25,3.2299999999999898,Normal,100,15
33700,45,48.15,48.2,44.86,44.8,64.65,64.5,67.88,67.8,66.83,55.21,48,48.32,36.5,11.87,131.2,-106.6,29.22,27.92,2.82,1.513,33.76,3.043,1.155,271,213.2,4.8,2.5,40.1,35.1,70.3,71.5,3.5,44.4,4.3,123.2,52.9,36,39,38,8.189,6.381,11.2,20,0,112.4,109,129,92.9,3.1,3.4,35,0,100,23,47,56,48,55.2,61.06,49.52,49.06,48.54,67.68,213.3,3.289999999999999,3.2299999999999898,Normal,100,15
33700,45,48.11,48.2,44.86,44.9,64.65,64.5,67.88,67.6,66.83,55.21,48,48.32,36.46,11.85,131.1,-106.5,29.28,28.32,2.861,1.904,33.77,3.048,1.154,270.7,216.2,4.8,2.3,40.1,35.1,69.9,71,3.7,44.4,4.3,123.2,53.3,35.7,39,38,8.517,6.644,11.2,20,0,112.4,109,129,93.1,3.1,3.3,35,0,100,23,47,56,48,55.24,61.06,49.52,49.06,48.83,68.66,212.2,3.25,3.2299999999999898,Normal,100,15
33700,45,48.11,48.2,44.86,44.9,64.65,64.5,67.88,67.8,66.87,55.25,48,48.36,36.48,11.4,131.2,-106.1,29.03,28.08,3.202,2.254,33.77,3.022,1.163,270.8,214.4,4.7,2.7,40.1,35.1,70.3,71.5,4.1,44.4,4.3,123.2,52.9,36.5,39,38,7.567,5.899,11.2,20,0,112.4,109,129,92.7,3.3,3.4,35,0,100,23,47,56,48,55.24,61.06,49.52,49.1,46.95,76.86,212.9,3.25,3.2299999999999898,Normal,100,15
33700,45,48.11,48.2,44.86,44.8,64.65,64.5,67.88,67.6,66.83,55.21,48,48.32,36.43,11.84,131,-106.4,29.12,28.17,2.846,1.894,33.78,3.031,1.16,270.5,215.1,4.8,2.3,40.1,35.1,69.9,71,3.5,44.4,4.3,123.2,53.3,35.7,39,38,8.086,6.312,11.2,20,0,112.7,109,130,94.2,3.2,3.4,35,0,100,23,47,56,48,55.2,61.06,49.52,49.1,48.45,68.3,212.3,3.25,3.2299999999999898,Normal,100,15
33700,45,48.15,48.2,44.86,44.8,64.65,64.7,67.88,67.6,66.83,55.21,48,48.32,36.35,11.82,130.7,-106.2,29.49,28.17,2.846,1.527,33.77,3.07,1.145,269.9,215.1,4.7,2.3,40.1,35.1,69.9,71,3.9,44.4,4.3,123.2,52.9,35.9,39,38,9.637,7.539,11.2,20,0,112.7,109.2,130,94.2,2.9,3.4,35,0,100,23,47,56,48,55.24,61.06,49.52,49.06,48.69,68.3,211.7,3.289999999999999,3.2299999999999898,Normal,100,15
33700,45,48.15,48.2,44.86,44.8,64.65,64.4,67.84,67.8,66.83,55.25,48,48.32,36.05,11.41,130.8,-106.2,29.54,28.22,2.85,1.53,33.77,3.075,1.143,271.1,215.4,4.7,2.5,40.1,35.1,69.9,71.5,3.7,44.6,4.2,123.5,53.3,36.4,39,38,10.88,8.585,11.2,20,0,112.7,109,129.5,93.6,3.3,3.4,35,0,100,23,47,56,48,55.24,61.11,49.52,49.06,46.66,68.41,212.6,3.289999999999999,3.1899999999999977,Normal,100,15
33700,45,48.11,48.2,44.86,44.9,64.65,64.7,67.88,67.8,66.83,55.25,48,48.32,36.57,11.89,131.1,-106.4,29.2,28.25,2.854,1.899,33.78,3.04,1.157,271.5,215.7,4.8,2.1,40.1,35.1,69.9,71,3.7,44.4,4.3,123.2,53.6,35.7,39,38,7.864,6.116,11.2,20,0,112.4,109,127.5,91.4,3.1,3.4,35,0,100,23,47,56,48,55.24,61.11,49.52,49.1,48.64,68.49,213,3.25,3.2299999999999898,Normal,100,15
33700,45,48.11,48.2,44.86,44.9,64.65,64.5,67.88,67.8,66.83,55.25,48.05,48.32,36.31,11.8,130.1,-105.6,29.28,28.69,2.493,1.904,33.78,3.047,1.154,269.5,216.2,4.7,2.1,40.1,35.1,69.9,71,3.9,44.4,4.3,123.2,53.6,36,39,38,9.067,7.103,11.2,20,0,112.7,109.2,129,92.9,3.3,3.4,35,0,100,23,47,56,48,55.24,61.11,49.52,49.06,48.28,59.83,210.1,3.25,3.2299999999999898,Normal,100,15
33700,45,48.11,48.2,44.86,44.8,64.69,64.7,67.92,67.6,66.87,55.25,48,48.32,36.31,11.8,130.6,-106.1,29.19,28.23,2.852,1.898,33.77,3.039,1.157,269.6,215.6,4.8,2.1,40,35,70.6,71,4.2,44.4,4.4,123.5,52.9,35.9,39,38,8.716,6.827,11.2,20,0,112.7,109.2,129,93.2,3.3,3.4,35,0,100,23,47,56,48,55.28,61.06,49.52,49.06,48.97,68.45,211.3,3.25,3.230000000000004,Normal,100,15
33800,45,48.15,48.2,44.86,44.8,64.69,64.4,67.88,67.6,66.87,55.25,48,48.28,36.04,11.4,131.3,-106.6,29.39,28.08,2.471,1.156,33.76,3.061,1.149,271,214.4,4.5,2.3,40.1,35.1,69.9,71,3.7,44.4,4.3,123.5,53.3,36.4,39,38,10.39,8.199,11.2,20,0,112.9,109.2,130,93.9,3.1,3.6,35,0,100,23,47,56,48,55.28,61.11,49.48,49.06,46.98,59.29,213,3.289999999999999,3.1899999999999977,Normal,100,15
33800,45,48.11,48.2,44.86,44.8,64.69,64.5,67.88,67.6,66.87,55.25,48,48.32,35.9,11.36,130.8,-106.2,29.09,28.13,2.842,1.892,33.76,3.029,1.161,270,214.8,4.7,2.7,40.1,35.1,70.3,71.5,3.9,44.4,4.4,123.5,52.9,35.5,39,38,9.793,7.758,11.2,20,0,112.7,109.2,128.5,94.2,3.2,3.4,35,0,100,23,47,56,48,55.28,61.11,49.48,49.06,46.8,68.21,211.9,3.25,3.1899999999999977,Normal,100,15
33800,45,48.11,48.2,44.86,44.8,64.65,64.7,67.88,67.8,66.87,55.25,48,48.32,36.49,11.4,131.2,-106.1,29.05,28.1,2.838,1.889,33.76,3.025,1.162,270.9,214.5,4.7,2.5,40.1,35.1,70.3,71.5,4.1,44.4,4.4,123.2,52.9,36.5,39,38,7.599,5.924,11.2,20,0,112.7,109.2,129.5,93.2,3.1,3.4,35,0,100,23,47,56,48,55.28,61.11,49.48,49.06,46.96,68.12,212.9,3.25,3.2299999999999898,Normal,100,15
36500,40,49.83,49.8,40.19,40.1,80.13,81.8,89.13,89.6,86.65,68.43,49.03,49.96,100.4,27.68,203,-130.3,86.06,78.9,8.32,1.156,74.33,4.071,0.8637,267.5,214.3,3,5.7,37.1,32.4,95.3,114.7,10.2,37.8,0.9,115.3,20.3,82.3,86,82,24.03,6.81,6.317,20,0,112,108.4,131.5,98,7.4,9.7,50,0,100,23,49,56,40,56.02,74.37,54.97,53.11,36.2,107.3,163.5,9.64,9,Normal,100,16
43400,39,45.69,45.8,39.37,39.2,69.4,69.4,75.5,75.4,74.04,59.92,45.47,45.99,68.81,16.48,159.3,-107,56.47,54.42,4.667,2.62,49.4,4.019,0.8748,270.8,214.4,2.9,3.8,36.3,31.7,79.2,85.4,6.9,38.4,2.2,107.3,28.1,53.7,56,54,6.024,2.49,9.084,20,0,108.6,106.3,132,99.9,6,6.6,50,0,100,33,48,56,38.74,56.1,66.26,47.89,47.09,38.9,112,178.3,6.32,6.099999999999994,Normal,100,17
43500,39,45.74,45.9,39.37,39.1,69.4,69.4,75.5,75.2,74.04,59.92,45.47,45.95,68.66,16.44,159,-106.8,57.09,54.67,4.32,1.897,49.44,4.06,0.866,270.2,215.4,3.1,4,36.3,31.7,79.2,85.4,7.2,38.2,2,107.5,27.8,53.8,56,54,8.772,3.634,9.084,20,0,108.6,106.5,133,100.4,6,6.5,50,0,100,33,48,56,38.7,56.06,66.26,47.89,47.05,38.66,103.7,177.3,6.3700000000000045,6.099999999999994,Normal,100,17
43500,39,45.74,45.9,39.37,39.2,69.36,69.2,75.5,75.2,74.04,59.96,45.55,46.03,69.45,16.52,159.3,-106.3,57.3,55.6,4.336,2.641,49.36,4.081,0.8615,271.5,216.2,3,4,36.2,31.6,79.2,85.4,6.7,38.2,2,107.3,28.3,53.8,56,54,6.643,2.721,9.084,20,0,108.6,106.3,132,99.3,6,6.7,50,0,100,33,48,56,38.6,56.06,66.26,47.93,47.09,38.84,104.1,176.7,6.3700000000000045,6.140000000000001,Normal,100,17
45100,40,43.2,43.2,40.03,40.1,69.24,69.2,72.59,72.3,71.5,51.89,43.13,43.45,38.01,12.37,222.1,-196.5,28.41,27.83,2.849,2.264,36.53,2.734,1.286,271.9,215.3,2.7,2.4,37.2,32.5,74.7,78.4,4.1,39.8,2.6,124,49.3,45.7,42,40,2.778,2.079,10.89,20,0,112.7,109.2,130.5,96.5,3.3,3.3,30,0,100,15,48,56,32.67,56.38,65.36,44.53,44.18,33.06,68.38,237.8,3.1700000000000017,3.3500000000000085,Normal,100,18
45100,40,43.24,43.2,39.99,39.9,69.2,69.2,72.59,72.5,71.46,51.85,43.13,43.45,38.23,12.75,220.7,-195.2,28.96,28.01,2.831,1.884,36.52,2.788,1.261,270.1,213.9,2.7,2.2,37.2,32.5,74.7,78.4,3.5,39.9,2.7,124,49.9,45.5,42,40,3.928,2.922,10.89,20,0,112.4,109.2,132,98.5,3.3,3.3,30,0,100,15,48,56,32.65,56.38,65.36,44.53,44.18,34.08,67.94,235.8,3.25,3.390000000000001,Normal,100,18
45100,40,43.2,43.2,40.03,39.9,69.24,69.2,72.55,72.5,71.46,51.85,43.13,43.45,37.32,12.29,220.8,-195.7,28.44,27.85,2.852,2.266,36.55,2.736,1.285,270.2,215.5,2.7,1.9,37.2,32.5,74.7,78,4.1,39.8,2.4,124,49,45.3,42,40,5.333,4.065,10.89,20,0,112.7,109.2,130,96,3.5,3.3,30,0,100,15,48,56,32.64,56.38,65.4,44.53,44.18,32.71,68.45,236.1,3.1700000000000017,3.3100000000000023,Normal,100,18
50100,40,43.69,43.8,40.03,39.9,65.06,64.8,68.78,68.6,67.65,52.79,43.58,43.9,41.63,12.66,166.1,-137.1,32.82,31.87,2.849,1.896,36.27,3.181,1.105,268.3,215.3,2.5,2.3,37.4,32.7,70.9,72.5,4.5,39.8,2.6,115.7,45.1,40.3,42,40,5.303,3.624,10.89,20,0,109.6,107.1,128.5,95,3.8,3.9,25,0,100,22,47,56,60,59.37,62.29,45.18,44.72,104.1,68.38,216.8,3.6599999999999966,3.719999999999999,Normal,100,19
50100,40,43.65,43.8,40.03,39.9,65.06,65,68.78,68.6,67.65,52.83,43.58,43.9,41.57,12.64,165.4,-136.5,32.41,31.83,2.846,2.261,36.23,3.145,1.118,267.9,215,2.7,2.3,37.2,32.5,70.9,72.5,4.1,39.8,2.6,115.7,44.8,39.5,42,40,4.042,2.766,10.89,20,0,109.4,106.9,129,95.3,3.8,3.9,25,0,100,22,47,56,63,59.33,62.21,45.14,44.76,105.4,68.3,216.3,3.619999999999997,3.719999999999999,Normal,100,19
50100,40,43.65,43.8,40.03,39.9,65.02,64.8,68.78,68.6,67.65,52.79,43.54,43.9,42.24,12.71,166.7,-137.2,32.47,31.52,3.217,2.265,36.27,3.148,1.117,269.3,215.4,2.7,3,37.2,32.5,71.6,73.5,4.1,39.9,2.7,115.7,44.1,40.3,42,40,1.906,1.283,10.89,20,0,109.6,107.1,129.5,95.5,3.9,3.9,25,0,100,22,47,56,60,59.33,62.21,45.18,44.72,106,77.22,218.4,3.619999999999997,3.760000000000005,Normal,100,19
50100,40,43.65,43.6,40.03,39.9,65.02,65,68.74,68.4,67.61,52.79,43.54,43.9,41.72,12.69,166,-137,32.46,31.51,3.216,2.264,36.3,3.144,1.118,268.8,215.3,2.7,3.2,37.2,32.5,71.6,73.5,4.5,39.8,2.6,115.7,44.1,39.8,42,40,3.744,2.553,10.89,20,0,109.6,106.9,130.5,95.8,3.6,3.5,25,0,100,22,47,56,63,59.33,62.25,45.18,44.72,104.3,77.18,217.8,3.619999999999997,3.719999999999999,Normal,100,19
50100,40,43.65,43.8,39.99,39.9,65.02,65,68.74,68.6,67.65,52.79,43.54,43.9,41.42,12.15,165.3,-136,32.8,31.85,3.214,2.262,36.27,3.18,1.106,267,215.2,2.7,2.3,37.2,32.5,70.9,72.5,4.8,39.9,2.7,115.7,44.4,40.5,42,40,5.959,4.092,10.89,20,0,109.6,107.1,130.5,97,3.6,3.9,25,0,100,22,47,56,63,59.33,62.25,45.14,44.72,99.86,77.13,215.5,3.6599999999999966,3.719999999999999,Normal,100,19
50100,40,43.65,43.6,39.99,39.9,65.02,64.8,68.74,68.6,67.61,52.79,43.54,43.9,41.62,12.66,165.6,-136.6,32.88,31.92,3.221,2.268,36.26,3.188,1.103,268.2,215.7,2.7,2.6,37.2,32.5,71.2,73,4.5,39.8,2.6,115.7,44.4,39.8,42,40,5.529,3.778,10.89,20,0,109.8,106.9,129.5,96,3.6,3.7,25,0,100,22,47,56,60,59.33,62.25,45.14,44.72,104.1,77.31,216.5,3.6599999999999966,3.719999999999999,Normal,100,19
50200,40,43.65,43.6,40.03,40.1,64.98,64.8,68.78,68.4,67.61,52.79,43.5,43.9,42.7,13.17,166.3,-136.7,32.55,31.22,3.594,2.27,36.24,3.158,1.113,269.3,215.9,2.7,2.5,37.2,32.5,70.9,72.5,4.9,39.8,2.4,116,44.1,40.3,42,40,0.524,0.349,10.89,20,0,109.8,107.1,130,96.6,3.6,3.7,25,0,100,22,47,56,60,59.33,62.21,45.14,44.68,109.8,86.26,218.7,3.619999999999997,3.799999999999997,Normal,100,19
50200,40,43.65,43.8,40.03,39.9,65.02,65,68.74,68.6,67.61,52.79,43.54,43.86,41.93,12.75,166.8,-137.7,32.54,31.59,2.856,1.901,36.25,3.156,1.114,270.2,215.9,2.7,2,37.2,32.5,71.2,73,4.4,39.8,2.6,116,44.5,39.3,42,40,3.243,2.199,10.89,20,0,109.8,106.9,129,95.3,3.8,3.9,25,0,100,22,47,56,63,59.33,62.25,45.14,44.68,104.9,68.54,219.1,3.619999999999997,3.719999999999999,Normal,100,19
50200,40,43.61,43.8,40.03,39.9,65.02,64.8,68.74,68.6,67.61,52.75,43.5,43.9,41.72,12.69,166.4,-137.4,32,31.05,3.574,2.624,36.27,3.103,1.133,268.8,214.7,2.7,2.3,37.2,32.5,70.9,72.5,4.1,39.8,2.4,116,45.1,40.1,42,40,2.113,1.441,10.89,20,0,109.8,107.1,127.5,94.3,3.9,3.9,25,0,100,22,47,56,60,59.33,62.25,45.14,44.72,104.3,85.78,218.7,3.5799999999999983,3.719999999999999,Normal,100,19
50200,40,43.65,43.6,40.03,39.9,65.02,65,68.74,68.4,67.57,52.79,43.5,43.86,42.06,13.26,166.9,-138.1,32.48,31.16,3.219,1.898,36.25,3.15,1.116,271.1,215.5,2.7,3.2,37.2,32.5,71.6,73.5,4.1,39.8,2.7,116,44.8,40,42,40,2.57,1.738,10.89,20,0,109.6,107.3,128.5,95.3,3.4,3.7,25,0,100,22,47,56,63,59.33,62.29,45.14,44.72,107.5,77.26,220.5,3.619999999999997,3.719999999999999,Normal,100,19
50200,40,43.65,43.8,40.03,39.8,65.02,64.8,68.7,68.6,67.61,52.79,43.54,43.9,41.18,12.21,165.7,-136.7,32.32,31.37,3.202,2.254,36.26,3.134,1.122,268.3,214.4,2.6,3,37.2,32.5,70.9,72.5,4.2,39.8,2.6,116,44.8,40.8,42,40,5.102,3.524,10.89,20,0,109.8,107.3,129,95.3,3.8,4,25,0,100,22,47,56,60,59.33,62.25,45.14,44.72,100.4,76.85,217.5,3.619999999999997,3.680000000000007,Normal,100,19
50200,40,43.65,43.8,40.03,39.9,65.02,65,68.74,68.4,67.57,52.79,43.54,43.86,41.92,13.21,166.3,-137.6,32.19,31.25,2.825,1.881,36.26,3.122,1.126,270.1,213.6,2.8,2.5,37.1,32.4,70.9,72.5,4.4,39.8,2.6,116,45.1,40.5,42,40,2.074,1.407,10.89,20,0,109.8,107.3,131,97.6,3.6,3.9,25,0,100,22,47,56,63,59.37,62.25,45.14,44.72,110.2,67.81,219.4,3.619999999999997,3.719999999999999,Normal,100,19
50200,40,43.65,43.8,40.03,39.9,65.02,64.8,68.74,68.6,67.61,52.79,43.54,43.9,41.91,12.75,166.8,-137.6,32.26,31.31,3.197,2.25,36.2,3.133,1.122,270.1,214,2.7,2.6,37.2,32.5,71.2,73,4.5,39.8,2.6,116,44.5,40.5,42,40,2.264,1.536,10.89,20,0,110.1,107.3,130,96.8,3.8,3.9,25,0,100,22,47,56,60,59.37,62.25,45.14,44.72,106.3,76.72,219.4,3.619999999999997,3.719999999999999,Normal,100,19
50200,40,43.65,43.8,40.03,39.9,65.02,64.8,68.74,68.6,67.61,52.79,43.54,43.86,42.01,12.78,167.1,-137.9,32.4,31.45,2.844,1.893,36.22,3.145,1.118,270.7,214.9,2.9,2.5,37.2,32.5,71.2,72.5,4.5,39.8,2.6,116,44.5,40,42,40,2.455,1.662,10.89,20,0,110.1,107.1,130.5,96.5,3.7,3.7,25,0,100,22,47,56,60,59.37,62.25,45.14,44.72,106.6,68.25,219.8,3.619999999999997,3.719999999999999,Normal,100,19
50200,40,43.65,43.8,40.03,39.8,65.02,64.8,68.74,68.6,67.61,52.79,43.54,43.86,41.73,12.69,166,-137,32.53,31.57,2.855,1.901,36.24,3.156,1.114,268.9,215.8,2.6,2.3,37.2,32.5,70.9,72.5,4.5,39.8,2.6,115.7,45.1,41,42,40,3.893,2.654,10.89,20,0,109.8,107.3,128.5,94.5,3.6,3.9,25,0,100,22,47,56,60,59.33,62.25,45.14,44.72,104.4,68.52,217.8,3.619999999999997,3.719999999999999,Normal,100,19
50200,40,43.65,43.6,40.03,39.9,65.02,64.7,68.74,68.4,67.61,52.79,43.54,43.86,41.86,12.73,166.6,-137.4,32.24,31.3,2.83,1.884,36.26,3.127,1.124,269.8,213.9,2.7,2.2,37.2,32.5,70.6,72,4.1,39.8,2.6,115.7,45.1,40.1,42,40,2.445,1.661,10.89,20,0,110.1,107.3,129,95,3.6,3.7,25,0,100,22,47,56,60,59.37,62.25,45.14,44.68,106.2,67.92,219.1,3.619999999999997,3.719999999999999,Normal,100,19
50300,40,43.65,43.6,40.03,39.9,65.02,64.8,68.78,68.4,67.61,52.79,43.54,43.86,42.66,13.3,167.9,-138.5,32.43,31.48,2.846,1.895,36.23,3.147,1.117,271.9,215.1,2.5,2.2,37.4,32.7,71.2,72,4.4,39.8,2.4,115.7,44.8,39.5,42,40,0.2749,0.1833,10.89,20,0,109.8,107.1,129,95.8,3.4,3.7,25,0,100,22,47,56,60,59.33,62.29,45.14,44.72,107.8,68.31,220.9,3.619999999999997,3.760000000000005,Normal,100,19
50300,40,43.65,43.6,40.03,39.9,65.02,65,68.74,68.6,67.61,52.79,43.54,43.86,41.68,12.68,165.8,-136.8,32.57,31.61,2.858,1.903,36.27,3.157,1.114,268.6,216.1,2.7,2.6,37.1,32.4,71.2,73,4.4,39.8,2.6,115.7,44.8,40,42,40,4.241,2.895,10.89,20,0,110.1,107.3,129.5,95.8,3.8,3.7,25,0,100,22,47,56,63,59.33,62.33,45.14,44.72,101.4,68.6,217.4,3.619999999999997,3.719999999999999,Normal,100,19
50300,40,43.65,43.8,40.03,39.9,65.02,65,68.74,68.6,67.61,52.79,43.54,43.86,41.74,12.7,166.1,-137,32.36,31.41,2.84,1.891,36.27,3.136,1.121,269,214.6,2.5,2.6,37.4,32.7,71.2,73,4.1,39.8,2.6,115.7,44.8,40.6,42,40,3.285,2.238,10.89,20,0,110.1,107.1,128.5,95.3,3.8,3.9,25,0,100,22,47,56,63,59.37,62.33,45.14,44.68,102.9,68.15,218.1,3.619999999999997,3.719999999999999,Normal,100,19
50300,40,43.65,43.8,40.07,40.1,65.06,64.7,68.78,68.6,67.65,52.79,43.54,43.86,41.78,12.71,166.7,-137.6,31.98,31.04,2.839,1.89,36.25,3.102,1.133,269.3,214.6,2.9,2.3,37.2,32.5,70.9,72.5,4.1,39.8,2.6,116,45.1,40,42,40,1.795,1.222,10.89,20,0,110.1,107.1,129,95.5,3.9,3.7,25,0,100,22,47,56,60,59.37,62.33,45.14,44.72,103.1,68.14,219.1,3.5799999999999983,3.719999999999999,Normal,100,19
50300,40,43.65,43.8,40.03,39.9,65.02,65,68.78,68.6,67.65,52.79,43.54,43.86,42.17,12.69,166.4,-136.9,32.4,31.45,2.844,1.893,36.26,3.142,1.119,268.8,215,2.7,2.3,37.2,32.5,70.9,72.5,4.9,39.8,2.6,115.7,45.1,40.3,42,40,1.933,1.304,10.89,20,0,110.1,107.1,128.5,95,3.8,3.9,25,0,100,22,47,56,63,59.33,62.29,45.14,44.72,102.9,68.25,218,3.619999999999997,3.760000000000005,Normal,100,19
50300,40,43.65,43.8,40.03,39.9,65.02,64.8,68.78,68.4,67.65,52.79,43.54,43.86,42.29,12.72,166.9,-137.3,32.35,31.4,2.839,1.89,36.24,3.139,1.12,269.6,214.6,2.8,2.8,37.1,32.4,71.2,73,4.4,39.8,2.6,115.7,44.8,40.3,42,40,1.299,0.8734,10.89,20,0,110.1,107.3,129,96.1,3.6,3.7,25,0,100,22,47,56,60,59.37,62.25,45.14,44.72,106.1,68.14,218.8,3.619999999999997,3.760000000000005,Normal,100,19
50300,40,43.61,43.8,40.03,39.9,65.02,64.8,68.74,68.6,67.65,52.79,43.54,43.9,41.89,12.28,167.1,-137.5,31.89,31.31,3.196,2.614,36.27,3.092,1.137,270,214,2.7,2.6,37.2,32.5,71.2,73,4.5,39.9,2.7,115.7,44.5,40.5,42,40,1.111,0.7541,10.89,20,0,109.8,107.1,129,95.3,3.6,3.9,25,0,100,22,47,56,60,59.33,62.25,45.14,44.72,101,76.7,219.4,3.5799999999999983,3.719999999999999,Normal,100,19
50300,40,43.65,43.8,40.03,40.1,65.02,64.8,68.74,68.4,67.65,52.83,43.54,43.9,41.54,12.18,165.3,-135.9,32.46,31.51,3.217,2.264,36.25,3.149,1.116,267.7,215.4,2.7,2.8,37.2,32.5,71.2,73,4.4,39.8,2.6,116,44.5,40.3,42,40,4.344,2.975,10.89,20,0,110.1,107.5,128.5,95.3,3.4,3.9,25,0,100,22,47,56,60,59.37,62.29,45.18,44.72,100.1,77.2,216.7,3.619999999999997,3.719999999999999,Normal,100,19
50300,40,43.65,43.8,40.03,39.9,65.02,64.8,68.74,68.6,67.65,52.79,43.54,43.9,41.85,12.27,167,-137.4,32.4,31.45,3.211,2.26,36.26,3.142,1.119,269.7,215,2.5,2,37.4,32.7,70.6,72,4.2,39.8,2.6,116,45.1,40.5,42,40,3.041,2.067,10.89,20,0,110.1,107.5,131,95,3.8,3.7,25,0,100,22,47,56,60,59.37,62.29,45.14,44.72,100.9,77.06,218.9,3.619999999999997,3.719999999999999,Normal,100,19
50300,40,43.65,43.8,40.03,39.9,65.06,65,68.78,68.7,67.65,52.79,43.5,43.9,41.67,12.68,166.3,-137.3,32.32,31,3.568,2.254,36.28,3.132,1.123,268.5,214.4,2.7,1.9,37.2,32.5,70.6,72,4.9,39.8,2.6,115.7,44.4,40.3,42,40,3.387,2.311,10.89,20,0,110.3,107.3,129.5,95.8,3.9,3.9,25,0,100,22,47,56,63,59.37,62.33,45.14,44.68,102.8,85.64,218.5,3.619999999999997,3.719999999999999,Normal,100,19
50400,40,43.65,43.6,40.07,39.9,65.02,64.8,68.78,68.6,67.61,52.79,43.54,43.86,41.94,13.07,165.1,-136.2,32.18,31.22,2.857,1.902,36.28,3.119,1.127,267.3,215.9,2.8,2.6,37.2,32.4,70.9,72.5,4.4,39.8,2.5,116,44.8,40.5,42,40,1.967,1.334,10.89,20,0,110.3,107.3,129.5,95.8,3.8,3.7,25,0,100,22,47,56,60,59.37,62.33,45.14,44.72,106,68.56,216.8,3.5799999999999983,3.760000000000005,Normal,100,19
50400,40,43.65,43.8,40.07,39.9,65.06,64.8,68.78,68.6,67.65,52.79,43.54,43.86,41.72,12.69,166.5,-137.4,32.1,31.15,2.85,1.897,36.28,3.111,1.13,268.9,215.4,2.6,2.6,37.2,32.5,71.2,73,4.4,39.8,2.6,116,44.8,40.6,42,40,2.443,1.665,10.89,20,0,110.3,107.5,129,95,3.8,3.9,25,0,100,22,47,56,60,59.33,62.29,45.14,44.72,102.9,68.39,218.6,3.5799999999999983,3.719999999999999,Normal,100,19
50400,40,43.65,43.8,40.03,39.9,65.02,65,68.78,68.4,67.65,52.79,43.54,43.9,42.06,12.66,166,-136.6,32.48,31.53,3.218,2.265,36.26,3.15,1.116,268.1,215.5,2.5,2.8,37.4,32.7,71.2,73,4.5,39.8,2.6,115.7,44.5,40.3,42,40,2.553,1.726,10.89,20,0,110.1,107.3,129.5,96,3.4,3.9,25,0,100,22,47,56,63,59.37,62.29,45.18,44.72,104.1,77.24,217.2,3.619999999999997,3.760000000000005,Normal,100,19
50400,40,43.65,43.6,40.03,39.9,65.06,64.8,68.78,68.6,67.65,52.79,43.54,43.9,41.81,12.72,166.8,-137.7,32.29,31.34,3.199,2.252,36.26,3.131,1.123,269.4,214.2,2.7,3,37.2,32.5,71.2,73,4.5,39.8,2.6,116,44.8,40.8,42,40,2.798,1.904,10.89,20,0,110.1,107.5,130,96.8,3.8,3.7,25,0,100,22,47,56,60,59.37,62.33,45.18,44.68,103.1,76.79,218.8,3.619999999999997,3.719999999999999,Normal,100,19
50400,40,43.65,43.8,40.03,39.8,65.06,64.8,68.78,68.4,67.65,52.79,43.54,43.9,41.76,12.7,166.6,-137.6,32.46,31.51,3.216,2.264,36.28,3.146,1.118,269.1,215.3,2.7,2.8,37.4,32.7,71.2,73,3.9,39.8,2.6,115.7,44.8,41,42,40,3.577,2.436,10.89,20,0,110.1,107.5,128.5,95,3.6,3.9,25,0,100,22,47,56,60,59.37,62.29,45.18,44.72,104.5,77.2,218.2,3.619999999999997,3.719999999999999,Normal,100,19
50400,40,43.65,43.8,40.07,39.9,65.06,64.8,68.78,68.6,67.65,52.79,43.54,43.9,41.81,12.72,166.8,-137.7,32.25,31.29,3.232,2.275,36.27,3.126,1.125,269.5,216.4,2.7,2.6,37.2,32.5,71.2,73,4.5,39.8,2.4,116,44.8,40.5,42,40,2.649,1.802,10.89,20,0,110.3,107.3,129.5,95.5,3.8,3.9,25,0,100,22,47,56,60,59.33,62.29,45.14,44.72,103.1,77.57,218.9,3.5799999999999983,3.719999999999999,Normal,100,19
50400,40,43.65,43.8,40.07,39.9,65.02,65,68.74,68.6,67.65,52.79,43.54,43.9,41.79,12.25,166.7,-137.2,31.95,31,3.202,2.254,36.3,3.094,1.136,269.3,214.4,2.8,2.6,37.1,32.4,71.2,73,4.5,39.8,2.7,116,44.8,40.5,42,40,1.716,1.168,10.89,20,0,110.3,107.7,128,94.6,3.6,3.9,25,0,100,22,47,56,63,59.33,62.29,45.18,44.76,99.34,76.84,219.2,3.5799999999999983,3.719999999999999,Normal,100,19
50400,40,43.69,43.8,40.03,39.9,65.02,64.8,68.74,68.4,67.65,52.79,43.54,43.9,41.86,12.27,167,-137.4,32.45,31.14,3.179,1.875,36.29,3.144,1.118,269.7,212.8,2.8,2.2,37.1,32.4,71.2,72,4.5,39.8,2.5,116,44.8,39.6,42,40,3.202,2.176,10.89,20,0,110.3,107.5,129.5,96,3.6,3.9,25,0,100,22,47,56,60,59.33,62.33,45.18,44.72,98.15,76.3,219.4,3.6599999999999966,3.719999999999999,Normal,100,19
50400,40,43.65,43.6,40.03,40.1,65.06,65,68.74,68.4,67.65,52.83,43.58,43.9,41.31,12.25,166.2,-137.1,32.12,31.54,2.82,2.24,36.31,3.11,1.131,269.2,213.1,2.7,2.8,37.2,32.5,71.2,73,4.4,39.8,2.7,115.7,44.5,40.3,42,40,4.004,2.757,10.89,20,0,110.3,107.5,129,95.5,3.4,3.7,25,0,100,22,47,56,63,59.37,62.29,45.18,44.72,100.7,67.68,218.1,3.619999999999997,3.6799999999999926,Normal,100,19
50400,40,43.65,43.8,40.03,39.9,65.02,64.8,68.78,68.6,67.65,52.79,43.54,43.9,42.13,12.68,166.3,-136.8,32.58,31.62,3.228,2.272,36.29,3.156,1.114,268.6,216.1,2.7,2.6,37.2,32.5,71.2,73,4.4,39.9,2.6,116,44.8,40.3,42,40,2.683,1.811,10.89,20,0,110.3,107.3,130,96.5,3.8,3.9,25,0,100,22,47,56,60,59.37,62.29,45.18,44.76,104.2,77.47,217.5,3.619999999999997,3.760000000000005,Normal,100,19
50500,40,43.69,43.8,40.03,39.9,65.06,65,68.78,68.6,67.69,52.83,43.54,43.9,41.87,12.28,167.1,-137.5,32.7,31.38,3.204,1.889,36.29,3.168,1.11,269.8,214.5,2.9,2.3,37.2,32.5,70.9,72.5,4.2,39.6,2.5,116,44.8,40.5,42,40,4.035,2.74,10.89,20,0,110.3,107.5,128.5,94.8,3.8,3.9,25,0,100,22,47,56,63,59.37,62.29,45.14,44.72,100.9,76.89,219.2,3.6599999999999966,3.719999999999999,Normal,100,19
50500,40,43.69,43.8,40.03,39.8,65.02,64.8,68.74,68.6,67.69,52.83,43.58,43.9,41.7,11.77,166.4,-136.4,32.66,31.71,2.835,1.887,36.28,3.165,1.111,268.7,214.2,2.7,2.3,37.2,32.5,70.9,72.5,4.1,39.8,2.6,116,44.8,40.5,42,40,4.507,3.074,10.89,20,0,110.3,107.5,128.5,95,3.8,3.9,25,0,100,22,47,56,60,59.37,62.29,45.18,44.76,96.75,68.05,217.5,3.6599999999999966,3.719999999999999,Normal,100,19
50500,40,43.65,43.6,40.03,40.1,65.06,65,68.78,68.4,67.65,52.83,43.58,43.9,41.78,12.71,166.2,-137.2,32.41,31.82,2.845,2.26,36.3,3.139,1.12,269.2,215,2.7,2.2,37.2,32.5,71.2,72,4.4,39.8,2.6,115.7,44.8,39.5,42,40,3.35,2.28,10.89,20,0,110.3,107.5,128,94.5,3.6,3.7,25,0,100,22,47,56,63,59.41,62.25,45.18,44.72,107.5,68.29,217.7,3.619999999999997,3.719999999999999,Normal,100,19
50500,40,43.69,43.8,40.07,39.9,65.02,64.8,68.74,68.4,67.69,52.83,43.54,43.9,41.75,11.78,166.6,-136.6,32.31,31,3.202,1.888,36.29,3.13,1.123,269.1,214.4,2.7,2.8,37.2,32.5,71.2,73,3.9,39.8,2.6,116.2,45.6,40,42,40,3.099,2.111,10.89,20,0,110.5,107.5,130,96.6,3.6,3.9,25,0,100,22,47,56,60,59.37,62.29,45.18,44.76,96.88,76.84,219,3.619999999999997,3.719999999999999,Normal,100,19
50500,40,43.65,43.6,40.07,39.9,65.06,64.8,68.78,68.6,67.65,52.79,43.54,43.86,42.01,12.78,167.6,-138.4,31.91,30.96,2.833,1.886,36.27,3.093,1.137,270.7,214.1,2.7,3,37.2,32.5,71.6,73.5,4.2,39.9,2.7,116.2,45.1,39.8,42,40,0.772,0.5227,10.89,20,0,110.5,107.5,130,96.8,3.8,3.7,25,0,100,22,47,56,60,59.37,62.29,45.18,44.72,105.1,67.99,220.7,3.5799999999999983,3.719999999999999,Normal,100,19
2404,49,60.6,60.6,50.39,50.3,85.62,85.3,95.28,95.3,92.59,77.48,59.71,60.77,107,29.79,167.4,-90.11,91.83,83.88,9.484,1.532,85.33,3.784,0.9293,265.9,215.9,7.8,5.8,42.1,37.2,101.1,126.6,10.1,46.8,4.5,125,23.4,89.2,101,97,31.84,8.461,5.026,20,0,116.7,111.6,144.4,106.4,9.7,10.5,70,0,100,46,49,56,32,56.26,79.12,67.17,63.92,31.28,69.99,132.6,10.21,9.659999999999997,Normal,100,20
2414,49,60.6,60.8,50.43,50.1,85.62,85.4,95.32,95.2,92.59,77.44,59.67,60.73,107.4,30.21,167.6,-90.46,91.29,82.99,9.467,1.162,85.17,3.769,0.9329,265.6,215.5,8,5.7,42.1,37.2,100.9,126.1,10.3,46.6,4.3,124.7,23.7,89.4,101,97,28.59,7.572,5.026,20,0,116.7,111.3,146.4,109,9.9,10.7,70,0,100,46,49,56,32,56.26,79.16,67.13,63.88,31.66,69.86,134.1,10.170000000000002,9.699999999999989,Normal,100,20
2424,49,60.6,60.8,50.39,50.3,85.62,85.4,95.32,95.3,92.59,77.48,59.67,60.73,107.6,30.27,167.5,-90.2,91.47,83.18,9.447,1.159,85.07,3.78,0.9301,266.2,215,8.2,5.9,42.1,37.2,100.9,126.6,10.1,46.8,4.5,125,23.8,89.2,101,97,28.33,7.489,5.026,20,0,116.7,111.6,145.4,107.5,9.8,10.5,70,0,100,46,49,56,32,56.3,79.16,67.13,63.88,31.79,69.71,134,10.21,9.699999999999989,Normal,100,20
2434,49,60.6,60.8,50.39,50.3,85.66,85.4,95.36,95.3,92.59,77.48,59.67,60.73,107.3,30.64,167.1,-90.4,91.42,83.14,9.442,1.159,85.11,3.777,0.931,265.4,214.9,8.2,5.6,42.1,37.2,100.9,126.1,10.3,46.8,4.7,125,24.1,89.2,101,97,29.28,7.761,5.026,20,0,116.4,111.6,146.4,108.5,9.7,10.5,70,0,100,46,49,56,32,56.26,79.2,67.09,63.88,32.06,70.56,133.3,10.21,9.700000000000005,Normal,100,20
2444,49,60.6,60.6,50.39,50.3,85.62,85.3,95.36,95.2,92.59,77.48,59.67,60.73,108.1,30.75,167.6,-90.25,91.45,83.16,9.445,1.159,85.11,3.778,0.9306,266.3,215,8,6.1,42.1,37.2,101.3,127.1,10.1,46.8,4.7,124.7,23.4,89.2,101,97,26.47,6.963,5.026,20,0,116.7,111.6,143.4,108.7,9.8,10.7,70,0,100,46,49,56,32,56.3,79.24,67.09,63.88,32.17,70.59,134.2,10.21,9.739999999999997,Normal,100,20
2454,49,60.6,60.8,50.39,50.3,85.66,85.6,95.36,95.3,92.63,77.48,59.67,60.73,107.8,30.32,168.2,-90.79,92.4,84.03,9.543,1.171,85.03,3.821,0.9202,266.6,217.2,8,5.9,42.3,37.4,101.1,126.6,10.1,46.6,4.5,124.7,23.6,89.4,102,98,30.98,8.175,4.943,20,0,116.9,111.8,146.9,109.5,9.8,10.5,70,0,100,46,49,56,37,56.26,79.28,67.09,63.88,31.61,71.32,133.4,10.21,9.700000000000005,Normal,100,20
2464,49,60.6,60.6,50.39,50.3,85.66,85.4,95.36,95.2,92.63,77.48,59.67,60.73,107.4,30.21,167.6,-90.46,92.15,83.8,9.518,1.168,85.32,3.798,0.9259,265.6,216.6,8,6.1,42.3,37.4,101.3,127.1,10.1,46.8,4.5,125,23.7,89.2,101,97,31.79,8.421,5.026,20,0,116.7,111.6,144.9,107,9.8,10.3,70,0,100,46,49,56,32,56.26,79.28,67.09,63.88,31.49,71.13,132.8,10.21,9.700000000000005,Normal,100,20
2474,49,60.6,60.8,50.43,50.1,85.66,85.4,95.36,95.2,92.67,77.48,59.71,60.73,107.4,29.77,168.2,-90.5,91.76,83.78,9.145,1.168,85.21,3.786,0.9286,265.7,216.6,8.2,5.7,42.1,37.2,100.9,126.1,9.9,46.8,4.5,124.7,23.8,89.4,102,98,30.11,7.971,4.943,20,0,116.9,111.6,147.4,106,9.8,10.5,70,0,100,46,49,56,32,56.3,79.24,67.13,63.88,31.15,67.49,133.3,10.170000000000002,9.700000000000005,Normal,100,20
2484,49,60.6,60.8,50.39,50.1,85.66,85.4,95.36,95.2,92.63,77.48,59.67,60.73,107.7,30.31,168.2,-90.75,92.58,84.19,9.562,1.174,85.18,3.822,0.92,266.5,217.6,8,5.7,42.3,37.4,100.9,126.1,10.1,46.8,4.7,125,23.9,88.7,101,97,31.95,8.437,5.026,20,0,116.4,111.8,144.4,106.4,9.9,10.5,70,0,100,46,49,56,32,56.26,79.16,67.13,63.88,31.76,70.56,133.1,10.21,9.700000000000005,Normal,100,20
2494,49,60.6,60.8,50.39,50.3,85.62,85.6,95.36,95.2,92.59,77.48,59.67,60.73,108.1,30.73,167.5,-90.2,92.21,83.86,9.524,1.169,85.11,3.809,0.923,266.2,216.8,7.8,6.3,42.1,37.4,100.9,126.1,10.1,46.8,4.5,125,23.8,89.7,101,97,29.36,7.728,5.026,20,0,116.9,111.6,144.9,106.7,9.8,10.7,70,0,100,46,49,56,37,56.26,79.04,67.13,63.88,32.38,70.28,133,10.21,9.739999999999997,Normal,100,20
2504,49,60.56,60.6,50.39,50.1,85.66,85.4,95.32,95.2,92.59,77.48,59.71,60.73,107.2,30.29,167.6,-90.68,91.61,84.02,9.131,1.535,85.14,3.783,0.9293,266.3,216.2,8,5.7,42.1,37.2,100.9,126.1,10.1,46.8,4.5,125,23.8,88.9,101,97,30.37,8.059,5.026,20,0,116.7,111.8,144.4,108.9,9.8,10.5,70,0,100,46,49,56,32,56.26,79.04,67.13,63.88,31.91,67.38,132.8,10.170000000000002,9.659999999999997,Normal,100,20
2514,49,60.6,60.8,50.39,50.3,85.62,85.4,95.36,95.2,92.59,77.48,59.67,60.73,108.3,30.8,167.9,-90.39,91.87,83.54,9.488,1.165,85.07,3.797,0.926,266.8,215.9,8.2,5.9,42.1,37.2,101.1,126.6,9.9,46.8,4.7,124.7,24.1,89.4,101,97,27.31,7.173,5.026,20,0,116.7,111.6,144.9,106.9,9.8,10.5,70,0,100,46,49,56,32,56.26,79.04,67.13,63.88,32.45,70.02,134,10.21,9.739999999999997,Normal,100,20
3724,50,56.75,56.9,50.51,50.4,85.25,85.1,91.18,90.8,89.52,69.7,56.56,56.92,66.01,18.52,220.3,-172.9,56.11,54.41,3.225,1.532,57.92,3.406,1.032,266.9,215.8,7.7,3.5,42.9,38,94.3,112.7,6.7,48.3,5.4,128.7,34.4,74.7,67,64,23.11,9.959,8.015,20,0,117.8,112.9,144.9,105.9,5.7,6.3,54.41,0,100,25,49,56,23,56.38,80.72,58.7,57.86,18.26,77.39,201,6.240000000000002,5.930000000000007,Normal,100,21
3734,50,56.79,57.1,50.51,50.6,85.25,84.9,91.18,91,89.56,69.7,56.56,56.92,66.42,18.18,222.2,-174,56.35,54.29,3.217,1.161,58.01,3.415,1.03,268.6,215.4,7.5,3.3,42.9,38,94.3,112.7,6.7,48.3,5.2,128.7,34.2,74.5,67,64,22.59,9.674,8.015,20,0,117.8,112.9,144.4,105.2,5.9,6.7,44.58,0,100,25,49,56,23,56.38,80.76,58.74,57.86,17.9,77.22,203,6.280000000000001,5.930000000000007,Normal,100,21
3744,50,56.79,57.1,50.51,50.4,85.21,85.1,91.18,91,89.56,69.7,56.56,56.96,67.04,18.22,222.7,-173.9,56.87,54.79,3.618,1.543,58.1,3.441,1.022,269.2,217.3,7.5,3.7,43.1,38,94.3,112.7,6.5,48.5,5.6,128.5,34.4,75,67,64,22.34,9.478,8.015,20,0,117.8,112.9,141.9,102.6,5.9,6.7,54.75,0,100,25,49,56,23,56.43,80.76,58.74,57.9,17.97,86.83,203,6.280000000000001,5.970000000000013,Normal,100,21
3754,50,56.79,56.9,50.47,50.6,85.25,85.1,91.18,90.8,89.56,69.7,56.56,56.92,66.3,18.14,221.8,-173.6,57.06,54.99,3.237,1.168,58.04,3.456,1.017,268.1,216.7,7.3,3.5,43.1,38.2,94.3,112.7,6.7,48.5,5.6,128.7,34.2,74.7,67,64,25.56,10.96,8.015,20,0,118.1,112.9,144.4,105.6,5.9,6.5,44.92,0,100,25,49,56,23,56.43,80.76,58.78,57.86,17.89,77.68,201.6,6.32,5.930000000000007,Normal,100,21
3764,50,56.79,57.1,50.51,50.4,85.25,85.1,91.18,91,89.52,69.66,56.56,56.92,66.22,18.58,221.5,-173.9,56.37,54.32,3.219,1.162,57.95,3.421,1.028,267.8,215.5,7.5,3.3,42.9,38,94.3,112.7,6.6,48.5,5.4,128.7,34.2,74.7,67,64,23.31,10.01,8.015,20,0,117.8,112.7,144.9,106.2,5.9,6.7,55.08,0,100,25,49,56,23,56.43,80.76,58.74,57.9,18.32,77.25,202.1,6.280000000000001,5.930000000000007,Normal,100,21
3774,50,56.79,57.1,50.51,50.4,85.25,84.9,91.18,90.8,89.52,69.66,56.56,56.92,66.43,18.64,222.2,-174.4,56.4,54.34,3.22,1.162,57.9,3.425,1.027,268.6,215.6,7.3,3.2,43.1,38.2,94,112.2,6.2,48.5,5.4,128.7,34.7,74.2,66,64,22.63,9.688,8.015,20,0,117.8,112.9,142.4,103.6,5.9,6.7,55.25,0,100,25,49,56,23,56.38,80.68,58.74,57.9,18.41,77.29,202.9,6.280000000000001,5.930000000000007,Normal,100,21
3784,50,56.79,56.9,50.51,50.6,85.21,84.9,91.14,90.8,89.48,69.66,56.56,56.92,66.23,18.58,221.1,-173.4,56.22,54.17,3.21,1.159,58.06,3.405,1.033,267.8,214.9,7.5,3.5,42.9,38,94.3,112.7,6.2,48.5,5.6,128.5,34.4,75.2,67,64,22.87,9.82,8.015,20,0,117.8,112.7,145.4,106.6,5.9,6.5,45.42,0,100,25,49,56,23,56.43,80.68,58.78,57.9,18.39,77.04,202.2,6.280000000000001,5.930000000000007,Normal,100,21
3794,50,56.75,57.1,50.55,50.4,85.21,85.1,91.14,90.8,89.48,69.66,56.52,56.92,66.2,18.57,221,-173.4,55.11,53.07,3.552,1.515,58.04,3.338,1.053,267.7,213.4,7.3,3.5,43.1,38.2,94.3,112.7,6.5,48.5,5.4,128.7,34.2,74.5,67,64,19.05,8.183,8.015,20,0,117.8,112.9,144.4,105.1,5.7,6.7,55.59,0,100,25,49,56,23,56.43,80.64,58.78,57.9,18.41,85.24,203.4,6.200000000000003,5.930000000000007,Normal,100,21
3804,50,56.75,56.9,50.51,50.4,85.21,85.1,91.14,90.8,89.48,69.7,56.52,56.92,66.41,18.63,221.2,-173.5,55.81,53.76,3.573,1.524,57.85,3.392,1.037,268.5,214.7,7.5,3.5,42.9,38,94.3,113.2,6.5,48.5,5.6,128.5,34.2,75.2,67,64,20.58,8.814,8.015,20,0,117.8,112.9,143.9,104.7,6.1,6.5,55.75,0,100,25,49,56,23,56.43,80.59,58.78,57.9,18.5,85.76,203.3,6.240000000000002,5.930000000000007,Normal,100,21
3814,50,56.75,56.9,50.51,50.6,85.21,85.1,91.18,90.8,89.48,69.66,56.52,56.88,66.79,19.07,221.4,-173.7,55.97,53.91,3.217,1.162,57.92,3.397,1.035,268.2,215.3,7.7,3.5,42.9,38,94.3,112.7,6.7,48.3,5.4,128.5,34.4,74.7,67,64,19.88,8.464,8.015,20,0,117.8,112.9,143.4,104.6,5.9,6.3,45.92,0,100,25,49,56,23,56.43,80.59,58.78,57.9,18.93,77.2,202.9,6.240000000000002,5.970000000000013,Normal,100,21
3824,50,56.75,56.9,50.51,50.4,85.21,84.8,91.14,91,89.43,69.7,56.52,56.92,66.5,19.12,221.1,-173.7,55.79,53.74,3.572,1.524,58.02,3.381,1.04,268.9,214.6,7.5,3.3,42.9,38,94.3,112.7,6.7,48.5,5.6,128.5,34,74.7,67,64,20.36,8.71,8.015,20,0,118.1,112.9,142.9,103.6,6.1,6.5,56.09,0,100,25,49,56,20,56.43,80.59,58.78,57.9,18.98,85.73,203.5,6.240000000000002,5.930000000000007,Normal,100,21
3834,50,56.75,57.1,50.51,50.6,85.21,85.1,91.14,90.8,89.48,69.7,56.56,56.92,66.11,18.55,220.2,-172.7,55.89,54.21,3.212,1.527,57.95,3.391,1.037,267.3,215,7.5,3.3,42.9,38,94.5,112.2,6.7,48.3,5.4,128.5,34,74.2,67,64,22.03,9.478,8.015,20,0,117.8,112.7,144.9,105.6,5.8,6.7,46.26,0,100,25,49,56,23,56.38,80.59,58.78,57.9,18.39,77.1,201.5,6.240000000000002,5.930000000000007,Normal,100,21
3844,50,56.79,56.9,50.51,50.4,85.16,84.9,91.1,91,89.43,69.7,56.52,56.96,66.45,18.64,220.9,-173.1,56.45,54.02,3.959,1.532,58.03,3.42,1.028,268.7,215.7,7.5,3.3,43.1,38.2,94.3,112.7,6.5,48.5,5.4,128.5,34.2,75,66,63,22.84,9.776,8.116,20,0,118.1,112.9,142.4,103.6,6.1,6.3,56.42,0,100,25,49,56,23,56.43,80.59,58.78,57.9,18.51,95.01,203,6.280000000000001,5.939999999999998,Normal,100,21
3854,50,56.75,56.9,50.51,50.4,85.16,84.9,91.14,90.8,89.48,69.7,56.56,56.92,66.59,18.56,220.3,-172.3,56.18,54.49,3.229,1.534,57.96,3.408,1.032,267.4,216.1,7.5,4,42.9,38,94.8,113.7,6.7,48.3,5.2,128.5,33.7,74.5,67,64,21.36,9.122,8.015,20,0,118.1,112.7,144.4,101.7,5.7,6.7,56.59,0,100,25,49,56,23,56.43,80.59,58.86,57.9,18.42,77.49,201.3,6.240000000000002,5.980000000000004,Normal,100,21
3864,50,56.79,57.1,50.51,50.4,85.21,85.1,91.1,90.8,89.48,69.74,56.56,56.96,65.66,18.09,219.8,-172.2,56.3,54.24,3.582,1.528,57.97,3.415,1.03,267.4,215.2,7.7,3.3,42.9,38,94.3,112.7,6.5,48.3,5.4,128.7,34.2,74.7,67,64,25.05,10.85,8.015,20,0,118.1,112.9,144.9,105.6,6.1,6.5,56.76,0,100,25,49,56,23,56.43,80.68,58.9,57.94,17.91,85.96,201.4,6.280000000000001,5.890000000000001,Normal,100,21
3874,50,56.75,56.9,50.51,50.4,85.21,84.9,91.14,91,89.52,69.7,56.56,56.92,66.61,18.23,222.4,-174,56.22,54.52,3.231,1.535,57.96,3.411,1.031,269.3,216.3,7.5,3.3,42.8,37.9,94.3,112.7,6.8,48.5,5.6,128.5,34.2,74.5,67,64,21.43,9.152,8.015,20,0,118.1,112.9,142.9,104.1,6.2,6.5,56.93,0,100,25,49,56,23,56.43,80.72,58.94,57.94,18.01,77.51,203.3,6.240000000000002,5.930000000000007,Normal,100,21
3884,50,56.79,57.1,50.51,50.4,85.21,85.1,91.1,91,89.52,69.7,56.56,56.96,65.73,17.66,221,-172.9,56.7,54.63,3.607,1.538,57.99,3.438,1.023,267.7,216.7,7.3,3.3,43.1,38.2,94.3,112.7,7,48.3,5.4,128.5,34.2,74.5,67,64,26.22,11.35,8.015,20,0,117.8,112.7,145.4,103.7,5.9,6.7,57.09,0,100,25,49,56,23,56.43,80.72,58.98,57.94,17.44,83.13,201.5,6.280000000000001,5.890000000000001,Normal,100,21
3894,50,56.75,57.1,50.51,50.4,85.21,84.9,91.14,90.8,89.52,69.7,56.56,56.96,66.48,18.19,221.9,-173.6,56.26,54.56,3.603,1.906,57.96,3.413,1.03,268.8,216.4,7.5,3.5,42.9,38,94.3,112.7,6.6,48.5,5.4,128.5,34.4,74.7,67,64,22.02,9.42,8.015,20,0,118.1,112.9,144.9,106.1,5.9,6.7,57.26,0,100,25,49,56,23,56.43,80.72,59.02,57.98,17.97,83.03,202.7,6.240000000000002,5.930000000000007,Normal,100,21
3904,50,56.79,56.9,50.51,50.6,85.21,84.9,91.14,91,89.48,69.7,56.56,56.96,66.31,18.6,220.9,-173.2,56.3,54.24,3.582,1.528,57.99,3.414,1.03,268.1,215.2,7.3,3.3,42.9,38.2,94.3,112.7,6.5,48.3,5.2,128.5,33.9,74.5,67,64,22.79,9.774,8.015,20,0,118.1,112.9,143.9,105.2,5.9,6.5,47.43,0,100,25,49,56,23,56.47,80.72,59.11,58.02,18.41,79.43,202.3,6.280000000000001,5.930000000000007,Normal,100,21
5514,50,53.72,53.8,50.39,50.4,85.08,84.8,88.44,88.2,87.06,61.39,53.57,53.85,37.7,15.49,288.4,-266.2,29.8,28.48,2.474,1.158,42.42,2.47,1.424,269.6,214.7,6.4,2,44,39.2,90.2,104.7,4.7,49.6,5.6,145.4,55.2,65.5,49,47,14.63,11.04,9.926,20,0,120.4,114.5,142.4,102.1,3.4,3.4,40,0,100,5,49,56,17,56.67,79.98,55.09,54.54,15.95,59.38,243,3.3299999999999983,3.3599999999999994,Normal,100,22
6124,50,53.56,53.6,50.22,50.3,85.08,84.9,88.44,88.2,87.14,61.31,53.45,53.73,37.54,14.5,289,-265.9,29.98,29.02,2.49,1.533,42.49,2.481,1.417,268.5,216,6.2,2,44.1,39.3,90.5,104.7,4.7,49.8,5.5,145.8,54.9,65.5,49,47,15.93,12.07,9.926,20,0,122.2,116,142.4,102.3,3.3,3.3,40,0,100,5,49,56,20,56.75,80.14,54.89,54.42,14.88,59.75,241.5,3.3400000000000034,3.3599999999999994,Normal,100,22
6285,50,53.52,53.8,50.22,50.3,85.12,84.9,88.44,88.3,87.14,61.27,53.41,53.69,37.29,14.59,291.1,-268.4,29.54,28.58,2.484,1.53,42.48,2.445,1.438,270,215.4,6.3,1.7,44,39.2,90.5,105.2,4.7,49.6,5.8,145.4,55.3,65,49,47,15.22,11.61,9.926,20,0,122.5,116.4,141.9,101.6,3.4,3.5,40,0,100,5,49,56,20,56.79,80.31,54.89,54.34,14.89,59.61,243.5,3.3000000000000043,3.319999999999993,Normal,100,22
6305,50,53.52,53.8,50.22,50.1,85.12,84.8,88.4,88.2,87.1,61.31,53.37,53.69,36.68,14.53,289,-266.9,29.26,27.95,2.824,1.516,42.49,2.421,1.452,268.9,213.4,6.1,1.7,44,39.2,89.9,104.2,4.6,49.6,5.8,145.4,55.2,65,49,47,16.39,12.71,9.926,20,0,122.5,116.4,140.9,100.6,3.4,3.7,40,0,100,5,49,56,17,56.75,80.19,54.85,54.3,14.88,67.78,242.9,3.3000000000000043,3.280000000000001,Normal,100,22
6315,50,53.52,53.6,50.18,50.3,85.08,84.9,88.4,88,87.1,61.27,53.37,53.69,36.96,14.46,288,-265.5,29.5,28.19,2.812,1.509,42.46,2.443,1.439,267.6,212.5,6.3,2.3,44,39.2,89.9,104.2,4.1,49.6,5.6,145.4,55.2,66.2,49,47,16.22,12.48,9.926,20,0,122.5,116.4,141.9,101.9,3.1,3.3,40,0,100,5,49,56,20,56.75,80.14,54.85,54.34,14.83,67.49,241.4,3.3400000000000034,3.3200000000000074,Normal,100,22
6325,50,53.52,53.6,50.18,50.1,85.08,84.9,88.36,88.2,87.06,61.27,53.37,53.69,36.71,14.54,289.2,-267.1,29.88,28.56,2.849,1.529,42.45,2.475,1.42,269.1,215.3,6.3,2,43.8,39,90.2,104.7,4.4,49.6,5.6,145.8,55.2,66,49,47,18.44,14.29,9.926,20,0,122.7,116.4,142.4,127.9,3.3,3.5,40,0,100,5,49,56,20,56.79,80.14,54.85,54.34,14.94,68.37,242.6,3.3400000000000034,3.280000000000001,Normal,100,22
6335,50,53.52,53.6,50.18,50.3,85.12,84.9,88.36,88.2,87.1,61.27,53.37,53.69,36.28,14.09,289.9,-267.7,29.71,28.4,2.833,1.52,42.49,2.459,1.43,269.4,214.1,6.5,2,43.8,39,90.2,104.7,4.4,49.6,5.6,145.1,54.9,65,49,47,19.38,15.2,9.926,20,0,122.5,116.4,140.4,100.4,3.3,3.3,40,0,100,5,49,56,20,56.79,80.23,54.85,54.34,14.43,67.98,243,3.3400000000000034,3.239999999999995,Normal,100,22
6345,50,53.52,53.6,50.22,50.3,85.08,84.9,88.4,88.2,87.1,61.27,53.41,53.69,37.08,14.5,289,-266.4,29.29,28.34,2.463,1.517,42.48,2.424,1.451,268.5,213.6,6.2,2.2,44.1,39.3,90.5,105.2,4.9,49.8,5.7,145.8,55.3,66,49,47,15.09,11.57,9.926,20,0,122.7,116.4,143.4,103.3,3.4,3.3,40,0,100,5,49,56,20,56.75,80.23,54.85,54.34,14.83,59.11,242.1,3.3000000000000043,3.3200000000000074,Normal,100,22
6355,50,53.52,53.6,50.18,50.3,85.12,84.8,88.4,88.2,87.14,61.23,53.37,53.69,36.44,13.98,288.5,-266,29.75,28.44,2.836,1.522,42.5,2.461,1.429,267.2,214.3,6.3,2,44,39.2,90.2,104.7,4.4,49.5,5.5,145.8,55.2,65,49,47,18.97,14.8,9.926,20,0,122.5,116.7,142.4,101.9,3.4,3.5,40,0,100,5,49,56,17,56.75,80.27,54.81,54.34,14.27,68.07,240.8,3.3400000000000034,3.280000000000001,Normal,100,22
6365,50,53.52,53.6,50.22,50.3,85.04,84.8,88.4,88.3,87.1,61.23,53.37,53.69,37.11,14.34,286.1,-263.4,29.54,28.22,2.851,1.53,42.43,2.448,1.436,265.4,215.5,6.3,1.6,43.8,39,89.9,104.2,4.4,49.6,5.6,145.4,55.6,65.5,49,47,15.82,12.13,9.926,20,0,122.7,116.7,141.4,101.6,3.4,3.5,40,0,100,5,49,56,17,56.79,80.27,54.81,54.34,14.66,68.43,239.2,3.3000000000000043,3.3599999999999994,Normal,100,22
6375,50,53.52,53.4,50.22,50.3,85.04,84.9,88.4,88.2,87.1,61.27,53.37,53.69,37.46,14.47,288.4,-265.4,29.43,28.11,2.84,1.524,42.46,2.437,1.443,267.9,214.6,6.2,2.3,44.1,39.3,90.5,105.2,4.9,49.8,5.5,145.4,54.9,65.9,49,47,14.23,10.81,9.926,20,0,122.7,116.4,143.9,103.3,3.3,3.1,40,0,100,5,49,56,20,56.79,80.23,54.85,54.34,14.82,68.17,241.8,3.3000000000000043,3.3599999999999994,Normal,100,22
6485,49,53.52,53.6,50.22,50.1,85.08,83.5,88.44,87.7,87.14,61.27,53.37,53.69,37.55,14.51,289.5,-266.5,29.46,28.14,2.843,1.526,45.04,2.299,1.529,268.5,214.9,6.6,0.9,43.5,38.7,88.6,101.8,3.1,49.6,6.1,145.4,56.8,62.6,49,47,16.6,12.58,9.926,20,0,122.7,116.9,140.9,100.9,4.7,3.5,20,0,100,26.03,49,56,20,56.83,80.43,54.85,54.3,14.76,68.24,242.4,3.3000000000000043,3.3599999999999994,Normal,100,23
11500,50,52.66,52.8,49.94,50,75.13,75,77.96,77.8,76.74,58.57,52.43,52.83,31.45,13.53,202.4,-184.5,24.43,22.37,3.592,1.532,35.29,2.433,1.445,267.3,215.8,6.3,1.6,43.5,38.7,79.2,85.9,3,49.8,6.1,143,63.4,47.1,40,39,10.62,9.605,11.04,20,0,120.2,115.3,137,97.2,2.8,3,45,0,100,10,47,56,23.55,56.3,70.24,54.44,53.72,23.3,86.2,237.8,2.719999999999999,2.8299999999999983,Normal,100,24
11500,50,52.7,52.8,49.94,50,75.13,75,77.96,77.8,76.74,58.57,52.43,52.87,31.45,13.53,202.4,-184.5,24.69,22.28,3.944,1.526,35.3,2.46,1.429,267.3,214.9,6.2,2.3,43.6,38.8,80.1,86.9,3.5,49.6,6,143,63.5,47.6,40,39,11.56,10.46,11.04,20,0,120.4,115.3,137,97.2,2.8,3,45,0,100,10,47,56,23.54,56.26,70.19,54.4,53.77,23.3,94.65,237.9,2.760000000000005,2.8299999999999983,Normal,100,24
11600,50,52.66,52.8,49.94,50,75.13,75.2,77.96,77.9,76.74,58.52,52.43,52.83,31.23,13.44,201.5,-183.7,24.25,22.2,3.565,1.521,35.3,2.415,1.456,265.5,214.2,6.2,1.6,43.6,38.8,79.8,85.9,3.6,49.6,6,143.2,63.4,47.1,40,40,10.75,9.792,10.89,20,0,120.4,115.1,138,98.4,2.7,3,45,0,100,10,47,56,27.52,56.3,70.15,54.4,53.72,23.28,85.57,236.2,2.719999999999999,2.8299999999999983,Normal,100,24
11600,50,52.66,52.8,49.94,50,75.17,75,77.92,77.9,76.74,58.52,52.43,52.83,30.42,13.03,202.2,-184.8,24.32,22.27,3.576,1.525,35.31,2.422,1.452,266.3,214.9,6.3,1.6,43.5,38.7,79.5,85.9,3.5,49.6,6,143,63.7,47.4,40,39,13.87,12.97,11.04,20,0,120.2,115.1,136,96.2,2.9,2.8,45,0,100,10,47,56,23.5,56.3,70.19,54.4,53.72,22.5,85.83,237,2.719999999999999,2.75,Normal,100,24
11600,50,52.7,52.8,49.9,50,75.13,75,77.96,77.9,76.78,58.57,52.43,52.83,31.5,13.1,203.3,-184.8,25.06,22.65,3.577,1.159,35.31,2.495,1.409,267.8,214.9,6.4,1.3,43.6,38.8,79.2,85.4,3.5,49.6,5.8,143,63.5,47.1,40,39,12.68,11.45,11.04,20,0,120.7,115.3,138,98,2.9,2.8,45,0,100,10,47,56,23.49,56.3,70.28,54.4,53.72,22.49,85.85,237.9,2.8000000000000043,2.8299999999999983,Normal,100,24
11600,50,52.66,52.7,49.9,49.8,75.13,75.2,78,77.9,76.78,58.52,52.47,52.83,31.88,13.52,203.2,-184.8,24.73,23.05,3.215,1.528,35.29,2.464,1.427,267.1,215.2,6.4,1.9,43.6,38.8,79.8,86.4,3.8,49.5,6,143.2,63.2,47.4,42,39,10.18,9.085,11.04,20,0,120.7,115.1,138,97.7,2.7,2.7,45,0,100,10,47,56,27.47,56.3,70.32,54.4,53.72,23.15,77.17,236.8,2.759999999999998,2.8700000000000045,Normal,100,24
11600,50,52.7,52.8,49.94,50,75.13,75,77.92,78.1,76.78,58.57,52.47,52.83,30.87,12.57,202.1,-183.8,24.71,22.66,3.212,1.16,35.34,2.459,1.43,266.3,215,6.2,1.6,43.6,38.8,79.5,85.9,3.3,49.8,6.2,143,63.5,47.1,42,40,13.69,12.61,10.89,20,0,120.4,115.3,137,96.9,2.7,3,45,0,100,10,47,56,23.45,56.3,70.32,54.4,53.77,21.52,77.09,236.4,2.760000000000005,2.7900000000000063,Normal,100,24
11600,50,52.66,52.7,49.9,50,75.17,75,77.96,77.9,76.78,58.52,52.43,52.83,31.06,13.1,203.8,-185.9,24.82,22.76,3.595,1.533,35.3,2.472,1.422,267.9,216,6.2,1.6,43.8,39,79.5,85.9,3.3,49.6,6,143,63.7,47.6,40,39,13.37,12.24,11.04,20,0,120.7,115.3,138.5,99,2.9,2.7,45,0,100,10,47,56,23.44,56.3,70.32,54.4,53.72,22.44,86.29,238,2.759999999999998,2.789999999999992,Normal,100,24
11600,50,52.7,52.8,49.94,49.8,75.13,75.2,77.96,77.8,76.82,58.52,52.43,52.83,31.31,12.56,202.9,-184.2,24.67,22.26,3.574,1.158,35.34,2.455,1.432,266.2,214.7,6.2,1.6,43.6,38.8,79.5,85.9,3.3,49.6,6,143,63.5,47.1,40,39,11.99,10.89,11.04,20,0,120.7,115.3,136,96,2.9,3,45,0,100,10,47,56,27.42,56.3,70.32,54.4,53.72,21.51,85.77,237,2.760000000000005,2.8299999999999983,Normal,100,24
11600,50,52.66,52.8,49.9,50,75.17,75,77.96,77.9,76.78,58.52,52.43,52.83,30.68,12.94,201.3,-183.6,24.73,22.68,3.582,1.528,35.34,2.461,1.429,264.6,215.2,6.4,1.9,43.6,38.8,79.8,86.4,3.5,49.6,6,143,63.4,47.6,40,39,14.42,13.36,11.04,20,0,120.7,115.3,136,96.2,2.9,2.8,45,0,100,10,47,56,23.4,56.3,70.32,54.4,53.72,22.16,85.97,234.8,2.759999999999998,2.789999999999992,Normal,100,24
13200,49,58.43,58.6,49.49,49.3,69.97,70,78.37,78.1,75.72,69.95,57.01,58.56,92.7,29.25,63.73,-0.2808,80.41,67.67,13.9,1.165,58.76,4.811,0.7308,265.1,215.8,8.5,5.4,41,36.1,83.5,92.8,8.3,46.3,5.5,109.4,25.7,56.9,68,65,15.55,4.77,7.914,20,0,114.5,111.6,139,102.4,8.3,9.1,90,100,100,100,56,56,58,55.61,63.73,68.69,63.51,86.46,64.46,-16.38,8.939999999999998,8.400000000000006,Normal,100,25
13200,49,58.39,58.5,49.45,49.3,69.97,69.7,78.37,78.1,75.72,69.95,57.01,58.56,92.71,29.25,63.74,-0.2808,80.3,67.94,13.88,1.531,58.91,4.792,0.7337,265.1,215.5,8.3,5.2,41,36.1,83.5,92.8,8.3,46.4,5.4,109.2,25.9,56.7,68,65,15.28,4.687,7.914,20,0,114.5,111.8,139.4,102.7,8.3,9.2,90,100,100,100,56,56,55,55.61,63.73,68.65,63.51,86.47,64.88,-17.5,8.939999999999998,8.400000000000006,Normal,100,25
13200,49,58.43,58.5,49.45,49.3,69.97,69.8,78.32,78.1,75.76,69.95,57.01,58.56,92.35,28.37,64.26,-0.2811,80.09,67.46,13.79,1.155,58.86,4.784,0.7349,265.4,214,8.5,4.8,40.8,35.9,82.9,91.8,8.1,46.3,5.5,109.2,26.5,55.7,68,65,15.77,4.856,7.914,20,0,114.7,111.6,139.9,102.8,8.3,9.2,90,100,100,100,56,56,55,55.61,63.68,68.65,63.55,84.3,64.94,-13.24,8.979999999999997,8.349999999999994,Normal,100,25
13200,49,58.43,58.6,49.45,49.5,69.97,69.8,78.37,78.1,75.72,69.95,57.05,58.56,92.4,29.15,63.53,-0.2799,80.03,67.78,13.41,1.154,58.79,4.786,0.7346,264.3,213.9,8.5,4.8,40.8,35.9,82.9,91.8,7.5,46.3,5.5,109.2,26.3,55.9,68,65,15.32,4.714,7.914,20,0,114.7,111.6,138,101.3,8.4,9.3,80,100,100,100,56,56,55,55.61,63.6,68.65,63.55,87.5,63.17,-17.69,8.979999999999997,8.400000000000006,Normal,100,25
13200,49,58.43,58.6,49.45,49.3,69.97,70,78.32,78.1,75.72,69.91,57.05,58.56,92.05,28.73,64.05,-0.7316,80.67,68.31,13.52,1.163,58.79,4.825,0.7288,264.5,215.5,8.5,4.8,40.8,35.9,82.9,91.8,7.7,46.3,5.5,109.2,26.5,55.7,68,65,18.76,5.796,7.914,20,0,114.5,111.8,138,100.8,8.1,9.3,90,100,100,100,56,56,58,55.57,63.6,68.65,63.51,85.81,63.16,-17.62,8.979999999999997,8.349999999999994,Normal,100,25
13300,49,58.39,58.5,49.45,49.3,69.97,69.8,78.32,78.1,75.72,69.95,57.01,58.56,92.24,28.79,63.73,-0.2808,80.13,67.8,13.86,1.528,58.82,4.79,0.7341,265.1,215.1,8.5,5.4,40.8,35.9,83.5,92.8,8.3,46.3,5.5,109.4,25.9,56.9,68,65,16.25,5.012,7.914,20,0,114.5,111.6,140.4,103.8,8.4,9.2,90,100,100,100,56,56,55,55.61,63.64,68.69,63.51,85.98,64.24,-16.96,8.939999999999998,8.349999999999994,Normal,100,25
13300,49,58.43,58.6,49.45,49.3,69.97,70,78.32,78.1,75.72,69.95,57.01,58.56,92.07,28.74,63.61,-0.2803,80.75,68.01,13.9,1.165,58.66,4.84,0.7265,264.6,215.8,8.5,5.4,40.8,35.9,83.5,92.8,8.2,46.4,5.4,109.4,26.2,55.7,68,65,18.87,5.828,7.914,20,0,114.5,111.6,138.5,102.1,8.3,9.3,90,100,100,100,56,56,58,55.61,63.64,68.65,63.51,85.82,64.95,-18.33,8.979999999999997,8.349999999999994,Normal,100,25
13300,49,58.43,58.6,49.45,49.3,69.97,69.7,78.32,77.9,75.72,69.91,57.05,58.52,92.4,28.84,64.29,-0.7344,80.18,67.9,13.07,0.7903,58.85,4.79,0.734,265.5,214.2,8.3,4.8,41,36.1,83.5,91.8,8.3,46.3,5.3,109.2,25.9,55.7,68,65,15.87,4.886,7.914,20,0,114.2,111.3,139.9,103.2,8.3,9.3,90,100,100,100,56,56,55,55.57,63.64,68.69,63.51,85.69,60.59,-14.9,8.979999999999997,8.349999999999994,Normal,100,25
13300,49,58.39,58.6,49.45,49.3,69.97,69.7,78.28,78.1,75.72,69.91,57.01,58.56,92.02,28.41,64.34,-0.735,80.35,67.99,13.89,1.532,58.8,4.805,0.7318,265.8,215.7,8.5,5.4,41,36.1,83.5,92.8,7.4,46.3,5.5,109.4,25.9,55.9,68,65,17.79,5.497,7.914,20,0,114.5,111.3,139,101.8,8.3,9.3,90,100,100,100,56,56,55,55.57,63.6,68.69,63.51,84.85,64.41,-15.08,8.939999999999998,8.310000000000002,Normal,100,25
13300,49,58.43,58.6,49.49,49.3,69.97,69.8,78.28,78.1,75.68,69.91,57.01,58.52,91.77,28.79,63.72,-0.733,80.16,67.46,13.49,0.7938,58.68,4.803,0.732,265.1,215.2,8.3,4.8,41,36.1,82.9,91.8,8,46.1,5.3,109.4,26.3,55.9,68,65,17.84,5.53,7.914,20,0,114.2,111.6,140.9,101.6,8.4,9.3,90,100,100,100,56,56,55,55.57,63.56,68.73,63.55,86.41,62.56,-15.57,8.939999999999998,8.310000000000002,Normal,100,25
13300,49,58.43,58.6,49.41,49.3,69.97,69.8,78.28,78.1,75.68,69.91,57.01,58.56,92.06,28.88,63.92,-0.7354,80.66,68,13.82,1.158,58.66,4.835,0.7272,265.9,214.6,8.5,5.4,40.8,35.9,83.5,92.8,7.7,46.3,5.3,109.2,26.3,56.7,68,65,18.57,5.738,7.914,20,0,114.5,111.3,139.9,103.3,8.3,9.3,90,100,100,100,56,56,55,55.61,63.6,68.73,63.51,86.68,63.57,-16.98,9.020000000000003,8.310000000000002,Normal,100,25
13300,49,58.39,58.6,49.41,49.3,69.97,69.8,78.28,78.1,75.72,69.91,57.01,58.56,92.25,28.49,64.5,-0.7369,80.65,68.3,13.88,1.53,58.66,4.834,0.7273,266.4,215.5,8.5,5.4,41,36.1,83.5,92.8,7.9,46.3,5.5,109.2,25.9,55.7,68,65,17.87,5.51,7.914,20,0,114.2,111.3,138,101.1,8.3,9.3,90,100,100,100,56,56,55,55.57,63.64,68.73,63.55,84.63,64.36,-15.68,8.980000000000004,8.310000000000002,Normal,100,25
15000,50,55.97,56.1,49.86,49.8,65.35,65.1,70.91,70.6,69.62,65.24,55.7,56.1,62.06,14.46,48.8,-1.197,54.66,52.25,3.57,1.157,42.69,4.502,0.7809,267.6,214.5,8.6,3.5,41.2,36.3,74.1,77.5,6.1,47.8,6.8,110.5,36.4,41.9,49,47,16.68,7.644,9.926,20,0,112,109,134.5,97.9,5.5,6.2,50,0,100,80,56,56,48,55.69,62.54,58.04,57.16,50.65,85.68,-18.9,6.109999999999999,5.560000000000002,Normal,100,26
15000,50,55.93,56.1,49.86,49.8,65.35,65.3,70.91,70.6,69.58,65.24,55.74,56.06,62.01,14.9,48.31,-1.196,54.59,52.9,2.853,1.163,42.69,4.496,0.7821,267.4,215.7,8.6,3.5,41.2,36.3,74.1,77.5,5.7,47.7,6.5,110.5,36.4,41.9,49,47,16.58,7.604,9.926,20,0,111.8,109.2,133.5,95.9,5.3,6.3,50,0,100,80,56,56,52,55.73,62.46,58.08,57.16,53.16,68.48,-25.39,6.07,5.560000000000002,Normal,100,26
15000,50,55.93,56,49.86,50,65.39,65.3,70.91,70.6,69.58,65.24,55.74,56.06,61.96,15,48.62,-1.662,54.59,52.9,2.853,1.163,42.63,4.502,0.781,269.1,215.7,9,3.5,41.2,36.1,74.7,78.4,6.3,47.7,6.7,110.7,35.8,41.4,49,47,16.72,7.677,9.926,20,0,112,109.2,135.5,98.4,5.5,6,50,0,100,80,56,56,52,55.69,62.46,58.04,57.12,53.18,68.48,-23.66,6.07,5.519999999999996,Normal,100,26
15000,50,55.93,56.1,49.9,49.8,65.35,65.1,70.91,70.8,69.58,65.24,55.74,56.06,62.39,14.99,48.6,-1.203,54.05,52.37,2.845,1.159,42.79,4.442,0.7916,269,215,8.8,3.3,41.2,36.3,74.1,77.5,5.7,47.7,6.5,110.3,36.6,41.7,49,47,13.49,6.148,9.926,20,0,112,109.2,133,95.9,5.7,6.1,50,0,100,80,56,56,48,55.69,62.46,58.04,57.12,53.16,68.27,-20.86,6.030000000000001,5.560000000000002,Normal,100,26
15100,50,55.97,56.1,49.9,50,65.39,65.1,70.95,70.6,69.54,65.24,55.7,56.06,62.19,15.86,47.98,-1.656,54.56,52.13,3.22,0.7946,42.67,4.496,0.782,268.1,215.6,8.8,3.8,41,36.1,74.4,78,5.7,47.7,6.7,110.5,36.4,41.2,49,47,15.85,7.251,9.926,20,0,112,109.2,135,97.9,5.3,6.3,50,0,100,80,56,56,48,55.69,62.42,58.04,57.12,56.57,77.27,-23.19,6.07,5.560000000000002,Normal,100,26
15100,50,55.97,56.1,49.9,50,65.35,65.1,70.91,70.6,69.54,65.24,55.7,56.06,62,15.35,47.84,-1.195,54.72,52.29,3.229,0.797,42.68,4.508,0.78,267.3,216.2,8.8,3.7,41.2,36.1,74.4,78,6,47.7,6.7,110.5,36.3,41.4,49,47,17.08,7.836,9.926,20,0,111.8,109,134.5,97.4,5.5,6.3,50,0,100,80,56,56,48,55.69,62.33,58,57.12,55.46,77.5,-24.84,6.07,5.560000000000002,Normal,100,26
15100,50,55.97,56.1,49.86,49.8,65.31,65.1,70.91,70.6,69.54,65.24,55.7,56.06,62.56,15.38,47.92,-0.7405,54.87,52.45,3.216,0.7938,42.69,4.519,0.778,267.8,215.3,9,3.8,41,36.1,74.4,78,6,47.7,6.7,110.7,36.1,41.7,49,47,15.66,7.122,9.926,20,0,111.8,109.2,136,98.8,5.5,6.3,50,0,100,80,56,56,48,55.69,62.33,58,57.12,55.55,77.2,-25.31,6.109999999999999,5.599999999999994,Normal,100,26
15100,50,55.93,56.1,49.86,49.8,65.35,65.3,70.91,70.4,69.58,65.24,55.74,56.06,62.27,14.96,48.5,-1.201,54.48,52.79,2.848,1.161,42.69,4.487,0.7836,268.5,215.2,9.2,4,40.8,35.9,74.4,78,6,47.7,6.7,110.5,36.1,41.9,49,47,15.31,6.994,9.926,20,0,111.8,109,133.5,96.3,5.3,6.1,50,0,100,80,56,56,52,55.69,62.42,58.04,57.16,53.38,68.34,-23.73,6.07,5.560000000000002,Normal,100,26
15100,50,55.93,56,49.86,49.8,65.35,65.1,70.87,70.6,69.58,65.24,55.74,56.06,61.65,14.47,48.38,-1.198,54.54,52.85,2.851,1.162,42.67,4.494,0.7823,267.8,215.5,8.8,3.3,41,36.1,74.1,77.5,5.8,47.7,6.7,110.5,36.4,41.4,49,47,17.66,8.149,9.926,20,0,112,109,134,96.9,5.5,6.2,50,0,100,80,56,56,48,55.69,62.5,58.04,57.12,51,68.42,-24.73,6.07,5.52000000000001,Normal,100,26
15100,50,55.97,56.3,49.86,49.8,65.35,65.3,70.87,70.6,69.58,65.24,55.7,56.06,61.64,14.46,48.38,-1.197,54.68,52.27,3.205,0.7911,42.71,4.502,0.781,267.7,214.6,9,3.5,40.8,35.9,74.1,77.5,6.1,47.7,6.7,110.7,36.6,41.4,49,47,18.24,8.414,9.926,20,0,112,109.2,133.5,96.3,5.3,6.3,50,0,100,80,56,56,52,55.69,62.46,58,57.12,51.3,76.93,-21.55,6.109999999999999,5.52000000000001,Normal,100,26
15100,50,55.97,56.1,49.86,50,65.35,65.1,70.91,70.6,69.54,65.24,55.74,56.06,62.27,15.42,48.05,-1.201,54.73,52.68,2.842,0.7918,42.67,4.51,0.7795,268.5,214.8,9,3.5,41,36.1,74.1,77.5,6,47.7,6.5,110.7,36.1,41.4,49,47,16.17,7.385,9.926,20,0,111.8,109,136.5,99.8,5.6,6.1,50,0,100,80,56,56,48,55.69,62.46,58.04,57.12,54.68,68.2,-25.89,6.109999999999999,5.560000000000002,Normal,100,26
15100,50,55.93,56.1,49.86,49.8,65.35,65.1,70.91,70.8,69.54,65.24,55.7,56.06,62.1,15.38,47.92,-1.197,54.29,52.25,3.204,1.157,42.67,4.474,0.7859,267.7,214.5,9,3.3,41,36.1,74.1,77.5,5.7,47.8,6.7,110.7,36.6,41.2,49,47,15.24,6.979,9.926,20,0,112,109,135,97.8,5.7,6.1,50,0,100,80,56,56,48,55.69,62.42,58,57.12,54.87,76.9,-24.2,6.07,5.560000000000002,Normal,100,26
15100,50,55.97,56,49.86,50,65.35,65.1,70.91,70.6,69.54,65.24,55.7,56.06,61.83,15.31,47.71,-1.192,54.86,52.44,3.216,0.7937,42.63,4.525,0.777,266.6,215.3,9,3.5,41,36.1,74.1,77.5,6.1,47.7,6.5,110.7,36.4,41.7,49,47,18.13,8.34,9.926,20,0,111.8,108.8,135.5,98.3,5.5,6.2,50,0,100,80,56,56,48,55.69,62.37,58,57.12,54.96,77.18,-26.43,6.109999999999999,5.560000000000002,Normal,100,26
15100,50,55.97,56.1,49.86,50,65.31,65.1,70.91,70.8,69.54,65.24,55.7,56.06,62.83,15.45,48.13,-0.7438,54.65,52.24,3.204,0.7906,42.66,4.504,0.7806,268.9,214.5,8.6,3.3,41.2,36.3,74.1,77.5,5.7,47.7,6.7,110.7,36.4,41.9,49,47,13.9,6.291,9.926,20,0,111.8,109,132,94.9,5.7,6.3,50,0,100,80,56,56,48,55.69,62.37,58,57.12,55.45,76.89,-22.96,6.109999999999999,5.599999999999994,Normal,100,26
15200,50,55.93,56.1,49.86,49.8,65.31,65.3,70.87,70.6,69.54,65.24,55.74,56.06,61.76,14.84,47.65,-0.7364,54.36,52.68,2.842,1.158,42.68,4.478,0.7851,266.3,214.8,8.8,3.5,41.2,36.3,74.4,77.5,6,47.7,6.5,110.5,36.1,41.4,49,47,16.68,7.683,9.926,20,0,111.8,109,135,97.9,5.5,6.1,50,0,100,80,56,56,52,55.73,62.42,58.04,57.12,53.27,68.2,-28.08,6.07,5.560000000000002,Normal,100,26
15200,50,55.93,56.1,49.82,50,65.31,65.1,70.87,70.6,69.58,65.24,55.74,56.06,61.67,14.36,48.04,-0.7354,55,53.31,2.856,1.164,42.65,4.534,0.7755,265.9,215.8,8.8,3.8,41,36.1,74.4,78,5.8,47.7,6.5,110.7,36.1,41.9,49,47,19.2,8.856,9.926,20,0,111.8,108.8,133.5,96.3,5.5,6.1,50,0,100,80,56,56,48,55.69,62.46,58,57.12,50.94,68.54,-29.15,6.109999999999999,5.560000000000002,Normal,100,26
15200,50,55.93,56.1,49.86,49.8,65.35,65.3,70.87,70.6,69.58,65.24,55.7,56.06,61.75,14.49,48.46,-1.199,54.52,52.46,3.217,1.162,42.64,4.495,0.7822,268.2,215.4,8.8,3.5,41,36.1,74.1,77.5,5.7,47.8,6.6,110.5,36.4,41.2,49,47,17.22,7.931,9.926,20,0,111.8,109,134.5,98.6,5.3,6.3,50,0,100,80,56,56,52,55.69,62.5,58,57.12,51.07,77.21,-22.16,6.07,5.52000000000001,Normal,100,26
15200,50,55.93,56,49.86,49.8,65.31,65,70.87,70.6,69.58,65.24,55.7,56.06,62.48,14.55,48.67,-0.745,54.69,52.63,3.227,1.165,42.65,4.508,0.7799,269.4,216.1,8.8,3.7,41.2,36.3,74.1,77.5,6,47.7,6.7,110.5,36.3,41.4,49,47,15.27,6.95,9.926,20,0,111.6,109.2,133.5,96.3,5.3,6,50,0,100,80,56,56,48,55.69,62.5,58,57.12,51.3,77.46,-21.9,6.07,5.560000000000002,Normal,100,26
15200,50,55.93,56.1,49.86,49.8,65.35,65.3,70.87,70.8,69.54,65.24,55.7,56.06,61.46,14.88,47.78,-1.194,54.36,52.31,3.208,1.158,42.64,4.482,0.7844,266.9,214.8,8.8,3.3,41,36.1,74.1,77.5,6,47.8,6.8,110.3,36.4,41.9,49,47,17.67,8.178,9.926,20,0,111.8,109,134.5,96.9,5.5,6.3,50,0,100,80,56,56,52,55.69,62.42,58,57.08,53.08,76.99,-25.33,6.07,5.52000000000001,Normal,100,26
15200,50,55.93,56,49.86,50,65.35,65.1,70.87,70.8,69.54,65.24,55.7,56.06,61.62,14.92,47.9,-1.197,54.43,52.38,3.212,1.16,42.62,4.49,0.783,267.6,215.1,8.8,3.6,41.2,36.3,74.4,78,6,47.7,6.7,110.5,36.3,41.4,49,47,17.38,8.02,9.926,20,0,111.8,108.8,133.5,98.1,5.7,6.1,50,0,100,80,56,56,48,55.69,62.37,58,57.12,53.54,77.09,-25.06,6.07,5.52000000000001,Normal,100,26
15200,50,55.93,56,49.86,50,65.31,65.1,70.87,70.6,69.54,65.24,55.7,56.06,62.2,14.95,47.99,-0.7416,54.15,52.11,3.195,1.154,42.7,4.458,0.7886,268.2,213.9,9,3.8,41,36.1,74.4,78,5.7,47.7,6.5,110.7,36.4,41.7,49,47,14.4,6.583,9.926,20,0,111.8,109,134.5,97.4,5.5,6,50,0,100,80,56,56,48,55.69,62.33,58,57.12,53.98,76.69,-22.97,6.07,5.560000000000002,Normal,100,26
15200,50,55.93,56,49.86,49.8,65.31,65,70.87,70.6,69.54,65.2,55.74,56.02,62.07,14.91,48.35,-1.197,54.29,52.61,2.472,0.7913,42.61,4.48,0.7849,267.6,214.5,8.8,3.5,41,36.1,74.1,77.5,5.7,47.7,6.7,110.5,36.4,41.7,49,47,15.27,6.997,9.926,20,0,112,109,134.5,97.8,5.5,6.2,50,0,100,80,56,56,48,55.69,62.33,58,57.12,53.87,59.34,-23.57,6.07,5.560000000000002,Normal,100,26
15200,50,55.93,56,49.86,49.8,65.31,65.3,70.87,70.6,69.54,65.24,55.7,56.06,62.35,14.98,48.11,-0.7435,54.58,52.52,3.221,1.163,42.67,4.497,0.7818,268.8,215.6,9,3.5,41,36.1,74.1,77.5,6,47.7,6.7,110.5,36.6,41.4,49,47,15.33,6.993,9.926,20,0,111.6,108.8,133.5,97.8,5.3,6.2,50,0,100,80,56,56,52,55.69,62.33,58,57.12,54.11,77.3,-24.61,6.07,5.560000000000002,Normal,100,26
15200,50,55.93,56.1,49.86,49.8,65.31,65.1,70.87,70.8,69.54,65.24,55.7,56.06,62.31,14.97,48.08,-0.7429,54.58,52.53,3.221,1.163,42.68,4.496,0.7819,268.6,215.7,8.8,3.3,41,36.1,74.1,77.5,5.8,47.7,6.7,110.7,36.4,41.4,49,47,15.53,7.091,9.926,20,0,111.8,109,134,97.1,5.8,6.3,50,0,100,80,56,56,48,55.69,62.42,58,57.08,53.41,77.31,-24.86,6.07,5.560000000000002,Normal,100,26
15300,50,55.89,56,49.82,49.6,65.31,65.1,70.87,70.6,69.54,65.24,55.7,56.06,61.71,14.83,47.62,-0.7358,54.18,52.51,3.198,1.52,42.65,4.466,0.7872,266,214.1,8.8,3.5,41,36.1,74.1,77.5,6,47.7,6.8,110.3,36.4,41.4,49,47,16.2,7.468,9.926,20,0,111.6,109,133.5,96.4,5.5,6.2,50,0,100,80,56,56,48,55.69,62.42,57.96,57.08,52.9,76.74,-27.32,6.07,5.560000000000002,Normal,100,26
16600,50,53.52,53.6,50.1,50.1,62.52,62.3,65.67,65.4,64.66,59.34,53.41,53.69,35.48,11.37,59.9,-35.79,30.76,29.8,2.493,1.536,32.7,3.307,1.063,270.3,216.3,8.1,2.3,42,37.1,67.7,68,3.5,49.3,7.3,125,57.3,30.9,37,36,16.08,12.89,11.53,20,0,113.8,109.8,130,91.6,3.1,3.5,30,0,100,40,47,56,52,55.44,59.22,54.6,54.17,72.24,59.84,135.8,3.4200000000000017,3.1499999999999986,Normal,100,27
16600,50,53.52,53.6,50.1,50.1,62.52,62.3,65.71,65.4,64.66,59.34,53.41,53.64,35.85,11.8,59.75,-35.7,30.79,29.83,2.126,1.168,32.73,3.307,1.063,269.6,216.5,8.3,2.1,42,37.1,67.7,68,3.7,49.3,7.3,125,57.3,30.9,38,37,14.92,11.84,11.36,20,0,113.8,109.8,131,93.1,3.3,3.3,30,0,100,40,47,56,52,55.44,59.26,54.6,54.17,74.17,51.03,135,3.4200000000000017,3.1899999999999906,Normal,100,27
16600,50,53.56,53.6,50.1,50.1,62.52,62.5,65.71,65.4,64.66,59.34,53.41,53.69,36.03,11.86,60.04,-35.88,31,29.68,2.483,1.162,32.71,3.332,1.055,270.9,215.4,8.3,2.3,42,37.1,67.7,68,3.4,49.3,7.3,125.2,57.3,30.3,38,37,15.02,11.86,11.36,20,0,113.8,110.1,129.5,91.5,2.9,3.3,30,0,100,40,47,56,57,55.44,59.22,54.6,54.17,75.35,59.59,137,3.460000000000001,3.1899999999999906,Normal,100,27
16600,50,53.52,53.6,50.14,50.3,62.48,62.3,65.71,65.4,64.66,59.3,53.41,53.69,36.45,11.85,60.43,-35.83,30.45,29.49,2.498,1.539,32.7,3.274,1.074,270.6,216.7,8.3,2.3,42,37.1,67.7,68,3.7,49.3,7.1,125,57.3,30.9,38,37,11.61,9.061,11.36,20,0,113.8,109.8,131,93.1,2.9,3.3,30,0,100,40,47,56,52,55.44,59.22,54.6,54.17,75.25,59.96,138.5,3.3800000000000026,3.229999999999997,Normal,100,27
16600,50,53.52,53.6,50.1,50.3,62.52,62.3,65.67,65.4,64.7,59.38,53.41,53.69,35.33,10.87,59.65,-35.18,30.68,29.73,2.487,1.532,32.67,3.302,1.065,269.1,215.8,8.1,2.3,42,37.1,67.7,68,3.7,49.5,7.5,124.7,57.3,30.9,38,37,16.32,13.13,11.36,20,0,113.8,109.8,130.5,92.3,3.1,3.5,30,0,100,40,47,56,52,55.44,59.26,54.6,54.22,68.28,59.7,135,3.4200000000000017,3.1499999999999986,Normal,100,27
16600,50,53.52,53.8,50.14,50.3,62.52,62.3,65.71,65.4,64.66,59.34,53.41,53.69,35.81,11.79,59.68,-35.66,30.21,29.26,2.479,1.527,32.71,3.247,1.083,269.3,215,8.1,2,42.1,37.2,67.4,67.5,3.7,49.3,7.5,125,57.6,31.6,38,37,13,10.33,11.36,20,0,113.8,109.8,131,93.1,2.9,3.7,30,0,100,40,47,56,52,55.48,59.26,54.6,54.17,74.9,59.49,137.3,3.3800000000000026,3.1899999999999906,Normal,100,27
16600,50,53.52,53.6,50.1,50.1,62.52,62.5,65.67,65.4,64.66,59.3,53.37,53.64,35.46,11.37,60.32,-36.23,30.39,29.08,2.463,1.153,32.73,3.264,1.077,270.1,213.7,8.1,2,42,37.1,67.4,67.5,3.4,49.3,7.3,125,57.6,30.4,38,37,14.89,11.94,11.36,20,0,114,109.8,128.5,92.3,2.9,3.3,30,0,100,40,47,56,57,55.44,59.26,54.6,54.17,71.42,59.1,139.9,3.4200000000000017,3.1499999999999986,Normal,100,27
16700,50,53.52,53.6,50.1,50.1,62.52,62.3,65.67,65.4,64.7,59.34,53.41,53.69,35.38,10.88,60.18,-35.69,30.45,29.51,2.469,1.521,32.74,3.271,1.075,269.5,214.1,8.3,2,41.8,36.9,67.4,67.5,3.2,49.3,7.2,125,57.6,30.8,38,37,15.43,12.41,11.36,20,0,114,110.1,131,93.1,3.1,3.5,30,0,100,40,47,56,52,55.44,59.3,54.6,54.17,67.64,59.25,137.4,3.4200000000000017,3.1499999999999986,Normal,100,27
16700,50,53.47,53.6,50.1,50.1,62.52,62.3,65.67,65.4,64.7,59.34,53.41,53.69,35.43,10.9,60.27,-35.74,30.16,29.57,2.474,1.89,32.75,3.238,1.086,269.9,214.6,8.2,2.1,42.1,37.2,67.7,68,3.5,49.3,7.2,125,57.3,30.8,38,37,14.21,11.41,11.36,20,0,113.6,109.8,130.5,92.1,2.9,3.3,30,0,100,40,47,56,52,55.44,59.34,54.6,54.17,67.03,59.38,137.5,3.369999999999997,3.1499999999999986,Normal,100,27
16700,50,53.52,53.6,50.1,50.1,62.52,62.3,65.67,65.4,64.7,59.38,53.37,53.69,35.41,10.89,59.79,-35.26,30.68,29.36,2.855,1.532,32.71,3.298,1.066,269.8,215.7,8.1,2.3,42.1,37.1,67.7,68,3.5,49.3,7.3,125,57.3,31.1,38,37,16.07,12.91,11.36,20,0,114,110.1,131.5,93,3.1,3.5,30,0,100,40,47,56,52,55.44,59.3,54.6,54.17,67.71,68.52,137.3,3.4200000000000017,3.1499999999999986,Normal,100,27
16700,50,53.52,53.6,50.1,50.1,62.52,62.3,65.71,65.6,64.66,59.34,53.41,53.69,35.81,11.79,59.67,-35.65,30.62,29.67,2.482,1.529,32.71,3.292,1.068,269.2,215.3,8,2.1,42.1,37.2,67.7,68,3.7,49.3,7.2,125,57.3,30.9,38,37,14.47,11.5,11.36,20,0,114,110.1,130.5,92.3,3.3,3.5,30,0,100,40,47,56,52,55.48,59.3,54.6,54.17,74.08,59.57,135.4,3.4200000000000017,3.1899999999999906,Normal,100,27
16700,50,53.52,53.6,50.1,50.3,62.52,62.5,65.71,65.4,64.7,59.34,53.37,53.64,35.74,11.31,60.02,-35.59,30.49,29.18,2.471,1.157,32.68,3.281,1.072,268.8,214.4,8.1,2.7,41.8,37.1,67.4,67.5,3.2,49.3,7.1,125.2,57.6,31.3,38,37,14.23,11.32,11.36,20,0,114,110.1,130.5,92.5,2.9,3.5,30,0,100,40,47,56,57,55.44,59.39,54.6,54.17,68.85,59.32,138.1,3.4200000000000017,3.1899999999999906,Normal,100,27
16700,50,53.52,53.6,50.1,50.1,62.52,62.3,65.71,65.6,64.7,59.38,53.37,53.69,35.89,11.36,59.81,-35.28,30.53,29.21,2.84,1.524,32.74,3.278,1.072,269.9,214.6,8.1,1.8,42,37.1,67.4,67.5,3.2,49.5,7.4,125,57.8,30.6,38,37,13.88,11,11.36,20,0,113.8,110.1,130.5,92.5,3.1,3.5,30,0,100,40,47,56,52,55.44,59.43,54.6,54.13,68.42,68.17,138.1,3.4200000000000017,3.1899999999999906,Normal,100,27
16700,50,53.47,53.6,50.1,50.3,62.56,62.5,65.75,65.6,64.7,59.38,53.37,53.64,35.9,11.82,59.83,-35.75,30.32,29.36,2.487,1.532,32.73,3.257,1.079,270,215.8,8,1.8,42.1,37.2,67.4,67.5,3.5,49.1,7,125.2,57.5,30.9,38,37,13.09,10.37,11.36,20,0,114,110.1,131.5,93.8,3.1,3.5,30,0,100,40,47,56,57,55.44,59.39,54.6,54.17,71.96,59.69,137.5,3.369999999999997,3.1899999999999977,Normal,100,27
16700,50,53.52,53.6,50.1,50.1,62.56,62.3,65.75,65.6,64.7,59.38,53.37,53.64,35.86,11.81,59.76,-35.7,30.42,29.11,2.465,1.154,32.74,3.266,1.076,269.6,213.9,8,2.1,42.1,37.2,67.7,68,3.7,49.3,7.2,125.2,57.3,30.8,38,37,13.62,10.8,11.36,20,0,114,110.1,131,92.8,3.4,3.5,30,0,100,40,47,56,52,55.48,59.34,54.6,54.13,73.4,59.17,138.3,3.4200000000000017,3.1899999999999977,Normal,100,27
16700,50,53.47,53.6,50.1,50.1,62.52,62.5,65.71,65.6,64.7,59.34,53.37,53.64,35.87,11.35,60.24,-35.72,30.31,29.36,2.486,1.531,32.72,3.257,1.079,269.7,215.7,8.1,2.3,42,37.1,67.7,68,3.5,49.3,7.3,124.7,57.5,30.9,38,37,13.18,10.45,11.36,20,0,114,110.1,131.5,93.5,3.1,3.5,30,0,100,40,47,56,57,55.44,59.34,54.6,54.17,69.82,59.67,138.3,3.369999999999997,3.1899999999999906,Normal,100,27
16700,50,53.52,53.6,50.1,50.3,62.52,62.3,65.71,65.6,64.66,59.34,53.37,53.64,35.92,11.83,59.86,-35.77,30.83,29.5,2.499,1.17,32.71,3.314,1.061,270.1,216.8,8.1,2.1,42,37.1,67.7,68,3.7,49.3,7.3,125.2,57.5,30.4,38,37,14.82,11.73,11.36,20,0,114,110.1,130.5,92.3,3.3,3.5,30,0,100,40,47,56,52,55.48,59.3,54.6,54.13,74.32,59.97,137,3.4200000000000017,3.1899999999999906,Normal,100,27
16800,50,53.52,53.6,50.1,50.1,62.52,62.3,65.71,65.4,64.7,59.34,53.41,53.64,35.73,11.31,60,-35.58,30.46,29.51,2.104,1.156,32.7,3.275,1.074,268.7,214.2,8.3,2.1,41.8,36.9,67,68,2.8,49.3,7.5,125,58,30.9,38,37,14.18,11.29,11.36,20,0,113.8,110.3,129,90.6,3.1,3.5,30,0,100,40,47,56,52,55.44,59.3,54.6,54.17,70.28,50.49,136.5,3.4200000000000017,3.1899999999999906,Normal,100,27
16800,50,53.47,53.6,50.1,50.1,62.52,62.3,65.71,65.4,64.66,59.38,53.41,53.64,35.82,11.79,59.23,-35.21,30.3,29.71,2.118,1.531,32.7,3.258,1.079,269.3,215.7,8.3,2,42,37.1,67.4,67.5,3.5,49.3,7.3,125,57.6,30.9,38,37,13.3,10.56,11.36,20,0,113.8,110.1,131,93,3.2,3.5,30,0,100,40,47,56,52,55.44,59.22,54.6,54.13,74.9,50.84,134.2,3.369999999999997,3.1899999999999906,Normal,100,27
16800,50,53.47,53.6,50.1,50,62.52,62.5,65.71,65.6,64.7,59.38,53.41,53.69,35.84,11.34,59.73,-35.23,30.21,29.62,2.478,1.893,32.7,3.248,1.083,269.5,215,8.1,1.8,42,37.1,67.4,67.5,4.1,49.5,7.7,125,56.9,31.3,38,37,12.89,10.23,11.36,20,0,114,110.1,131.5,93.3,3.3,3.5,30,0,100,40,47,56,57,55.48,59.26,54.6,54.13,72.03,59.48,135.8,3.369999999999997,3.1899999999999906,Normal,100,27
16800,50,53.47,53.6,50.1,50.1,62.52,62.5,65.71,65.6,64.7,59.38,53.37,53.64,35.69,11.29,59.48,-35.08,30.22,29.27,2.479,1.527,32.73,3.246,1.083,268.4,215.1,8.3,2.3,41.8,36.9,67.4,68,3.2,49.3,7.5,125,57.6,30.8,38,37,13.48,10.74,11.36,20,0,114,110.1,129,90.6,2.9,3.5,30,0,100,40,47,56,57,55.44,59.3,54.6,54.17,70.21,59.49,136.3,3.369999999999997,3.1899999999999906,Normal,100,27
16800,50,53.47,53.4,50.1,50.1,62.56,62.3,65.71,65.6,64.66,59.34,53.37,53.64,35.39,11.8,59.74,-36.15,30.56,29.6,2.507,1.544,32.73,3.282,1.071,269.6,217.5,8.3,2.1,41.8,36.9,67.7,68,3.5,49.3,7.3,124.7,57.5,30.9,37,36,15.75,12.66,11.53,20,0,113.8,110.1,132.5,94.3,3.3,3.3,30,0,100,40,47,56,52,55.44,59.34,54.56,54.13,72.61,60.16,136,3.369999999999997,3.1499999999999915,Normal,100,27
16800,50,53.52,53.6,50.1,50.1,62.52,62.3,65.71,65.4,64.7,59.34,53.33,53.64,35.95,11.38,60.37,-35.8,30.8,29.1,2.866,1.169,32.71,3.311,1.062,270.3,216.6,8,2.3,42.1,37.2,67.7,68,3.5,49.5,7.4,124.7,57.3,30.9,37,36,14.61,11.56,11.53,20,0,114,110.3,130.5,92.3,2.9,3.5,30,0,100,40,47,56,52,55.44,59.3,54.56,54.13,70.72,68.78,140,3.4200000000000017,3.1899999999999906,Normal,100,27
16800,50,53.47,53.6,50.1,50.3,62.56,62.3,65.71,65.4,64.66,59.34,53.37,53.64,35.45,11.82,59.84,-36.21,30.37,29.41,2.491,1.534,32.74,3.261,1.078,270,216.1,8.5,1.8,41.8,36.9,67.7,67.5,3.7,49.3,7.2,125.2,57.5,30.3,38,37,14.87,11.94,11.36,20,0,114.2,110.1,131.5,93.3,3.3,3.3,30,0,100,40,47,56,52,55.44,59.22,54.6,54.13,75.09,59.78,137.3,3.369999999999997,3.1499999999999915,Normal,100,27
16800,50,53.47,53.6,50.1,50.1,62.52,62.3,65.67,65.4,64.7,59.38,53.37,53.64,35.4,10.89,59.76,-35.25,30.13,29.18,2.471,1.522,32.74,3.236,1.087,269.6,214.4,8.5,2.3,42,37.1,67.7,68,3.5,49.3,7.5,125,57,30.8,37,36,14.2,11.41,11.53,20,0,114.2,110.1,131,93,3.1,3.3,30,0,100,40,47,56,52,55.44,59.26,54.6,54.17,68.41,59.32,138,3.369999999999997,3.1499999999999986,Normal,100,27
16800,50,53.47,53.6,50.1,50.1,62.52,62.3,65.71,65.4,64.7,59.34,53.37,53.64,35.96,11.38,60.38,-35.81,30.15,29.2,2.473,1.523,32.71,3.241,1.085,270.4,214.6,8.1,2.3,42,37.1,67.7,68,3.5,49.5,7.5,125,57.3,30.4,38,37,12.3,9.726,11.36,20,0,114,110.1,130.5,93.1,3.1,3.5,30,0,100,40,47,56,52,55.48,59.3,54.6,54.13,71.49,59.36,139.6,3.369999999999997,3.1899999999999906,Normal,100,27
16800,50,53.47,53.6,50.1,50.1,62.56,62.5,65.67,65.6,64.66,59.3,53.37,53.6,35.07,11.39,60.44,-36.76,30.27,29.32,2.115,1.162,32.71,3.254,1.08,270.6,215.4,8.3,2.1,42,37.1,67.7,68,3.5,49.3,7.5,125,57,31.1,38,37,15.84,12.84,11.36,20,0,114.2,110.1,130.5,92.1,3.3,3.3,30,0,100,40,47,56,57,55.44,59.34,54.56,54.13,70.06,50.77,139.4,3.369999999999997,3.1099999999999994,Normal,100,27
16900,50,53.47,53.6,50.1,50.1,62.52,62.5,65.67,65.4,64.7,59.34,53.37,53.64,35.56,10.94,60.5,-35.87,30.16,29.21,2.474,1.524,32.72,3.241,1.085,270.9,214.6,8.3,2,42,36.9,67.4,67.5,3.5,49.1,7.1,125,57.3,31.4,38,37,13.73,10.98,11.36,20,0,114,110.3,131.5,93.6,2.9,3.5,30,0,100,40,47,56,57,55.44,59.43,54.56,54.09,65.9,59.38,140.1,3.369999999999997,3.1499999999999986,Normal,100,27
16900,50,53.47,53.4,50.1,50.3,62.56,62.5,65.71,65.6,64.7,59.34,53.37,53.64,35.63,11.42,60.62,-36.4,30.49,29.53,2.501,1.541,32.75,3.274,1.074,271.4,217,8.1,2.1,42,37.1,67.7,68,3.5,49.3,7.2,125,57.3,30.9,38,37,14.68,11.71,11.36,20,0,114.2,110.1,132,93,3.1,3.5,30,0,100,40,47,56,57,55.44,59.43,54.56,54.13,68.82,60.03,139.2,3.369999999999997,3.1499999999999915,Normal,100,27
16900,50,53.47,53.8,50.1,50.3,62.52,62.3,65.71,65.6,64.7,59.38,53.37,53.64,36.06,11.41,60.1,-35.45,30.42,29.46,2.495,1.537,32.73,3.267,1.076,271.2,216.5,8.3,2.1,42,37.1,67.7,68,4.1,49.3,7.3,125.2,56.9,30.4,38,37,12.88,10.16,11.36,20,0,114,110.3,129.5,91.8,3.1,3.5,30,0,100,40,47,56,52,55.44,59.34,54.56,54.13,70.2,59.88,138.3,3.369999999999997,3.1899999999999906,Normal,100,27
16900,50,53.52,53.6,50.1,50.3,62.52,62.3,65.67,65.4,64.7,59.34,53.37,53.64,35.6,10.95,60.56,-35.91,30.62,29.3,2.482,1.162,32.69,3.293,1.068,271.2,215.3,8.1,2,42,37.1,67.4,67.5,3.5,49.3,7.1,125.2,57.8,30.9,38,37,15.18,12.13,11.36,20,0,114,110.1,131,93,3.1,3.5,30,0,100,40,47,56,52,55.44,59.26,54.6,54.13,68.79,59.56,140,3.4200000000000017,3.1499999999999986,Normal,100,27
16900,50,53.47,53.6,50.1,50.1,62.52,62.3,65.71,65.4,64.66,59.34,53.37,53.64,36.06,11.88,60.1,-35.91,30.17,29.22,2.475,1.524,32.69,3.244,1.084,271.2,214.7,8,2.3,42.1,37.2,67.7,68,3.5,49.5,7.4,124.7,57.5,30.4,38,37,11.95,9.427,11.36,20,0,114.2,110.1,131,92,3.2,3.5,30,0,100,40,47,56,52,55.48,59.18,54.56,54.13,77.09,59.39,139.4,3.369999999999997,3.1899999999999906,Normal,100,27
16900,50,53.47,53.6,50.1,50.1,62.52,62.5,65.71,65.6,64.66,59.34,53.37,53.64,35.98,11.85,59.97,-35.83,30.25,29.3,2.482,1.528,32.7,3.253,1.081,270.6,215.3,8.1,1.8,42,37.1,67.4,67.5,3.2,49.3,7.3,125.2,57.6,30.4,38,37,12.55,9.919,11.36,20,0,114,110.3,131,93,3.1,3.5,30,0,100,40,47,56,57,55.48,59.22,54.56,54.09,76.07,59.56,138.4,3.369999999999997,3.1899999999999906,Normal,100,27
16900,50,53.47,53.6,50.1,50.1,62.52,62.3,65.67,65.4,64.66,59.34,53.37,53.64,35.38,11.34,59.72,-35.69,30.29,29.34,2.485,1.531,32.71,3.257,1.08,269.5,215.6,8.3,1.8,42,37.1,67.4,67.5,3.2,49.3,7.2,125,57.6,30.8,37,36,14.83,11.93,11.53,20,0,114.2,110.1,130.5,92.5,2.9,3.3,30,0,100,40,47,56,52,55.44,59.3,54.56,54.13,70.5,59.64,137.1,3.369999999999997,3.1499999999999986,Normal,100,27
16900,50,53.47,53.6,50.1,50.1,62.52,62.3,65.71,65.6,64.7,59.34,53.37,53.64,35.9,11.36,60.29,-35.75,30.42,29.46,2.495,1.537,32.71,3.27,1.075,269.9,216.5,8.1,1.8,42,37.1,67.4,67.5,4.1,49.3,7.2,125.2,57.6,30.9,38,37,13.45,10.65,11.36,20,0,114.2,110.3,130,91.6,3.3,3.5,30,0,100,40,47,56,52,55.44,59.3,54.6,54.13,70.62,59.89,138,3.369999999999997,3.1899999999999906,Normal,100,27
16900,50,53.47,53.6,50.1,50.1,62.48,62.5,65.67,65.6,64.7,59.34,53.37,53.64,36,10.93,60.46,-35.39,30.25,29.3,2.481,1.528,32.67,3.255,1.08,270.7,215.3,8.1,1.8,42,37.1,67.4,67.5,3.2,49.3,7.2,125,57.6,30.9,38,37,12.43,9.821,11.36,20,0,114.2,110.3,131.5,93.5,3.1,3.5,30,0,100,40,47,56,57,55.44,59.3,54.6,54.13,67.95,59.55,139.6,3.369999999999997,3.190000000000005,Normal,100,27
17300,44,53.47,53.6,50.06,50.1,62.52,62,65.71,65.3,64.7,59.34,53.37,53.6,36.62,11.59,61.5,-36.47,30.7,29.74,2.12,1.164,34.71,3.109,1.131,275.4,215.8,9.3,3.2,40.6,35.6,68.5,69,4.8,49.3,8.5,124.7,56.5,34.2,42,40,13.88,10.78,10.89,20,0,114.5,110.7,129.5,93.1,3.4,3.5,40,96.61,100,83.31,55.9,56,20,55.44,59.51,54.64,54.09,68.42,50.87,142.2,3.4099999999999966,3.1899999999999906,Normal,100,28
19700,44,56.01,56.1,46.7,46.6,85.21,85.1,94.09,93.9,91.6,73.39,55.33,56.18,98.76,27.62,202.5,-131.4,82.85,76.8,7.564,1.517,80.87,3.602,0.9761,266.8,213.6,6.6,5.6,40,35,99.5,123.1,8.9,43.6,3.8,123.7,24.2,87.8,96,92,24.92,7.176,5.448,20,0,115.7,111.1,144.9,106.6,9,9.5,60,0,100,35,49,56,30.98,55.98,79.08,61.6,58.97,28.69,68.81,165.6,9.309999999999995,8.88000000000001,Normal,100,29
19700,44,56.01,56.1,46.7,46.6,85.21,84.9,94.09,93.9,91.65,73.39,55.33,56.18,99.01,27.23,203.5,-131.7,83.32,77.23,7.607,1.525,81.03,3.615,0.9725,267.5,214.8,6.6,5.1,40,35,99.2,122.6,9.1,43.6,3.6,123.5,24.5,87.6,96,92,25.86,7.429,5.448,20,0,115.7,111.1,143.9,108.1,9,9.5,60,0,100,35,49,56,31,55.98,79.08,61.56,58.97,28.28,70.29,166,9.309999999999995,8.88000000000001,Normal,100,29
19700,45,56.01,56.3,46.7,46.6,85.25,84.9,94.05,93.9,91.6,73.39,55.33,56.18,97.75,27.13,202.3,-131.7,83.54,77.44,7.627,1.53,79.94,3.674,0.9569,266.5,215.4,6.7,5.6,40.1,35.1,99.5,123.1,9.2,43.6,3.3,123.5,23.7,87.7,93,89,29.99,8.727,5.704,20,0,115.6,111.3,138.5,102.6,8.6,9.5,50,0,100,20,49,56,26,55.98,78.96,61.56,58.92,28.33,69.39,164.5,9.309999999999995,8.799999999999997,Normal,100,30
19700,45,56.01,56.1,46.7,46.6,85.33,87,94.09,94.6,91.6,73.31,55.29,56.14,97.82,27.74,204.3,-134.2,83.56,77.09,7.628,1.162,77.56,3.788,0.9283,268,215.4,6,5.9,40.6,35.6,100.7,125.6,10.6,43.8,3.4,123.5,22.5,90.2,90,86,27.4,7.968,5.964,20,0,115.6,111.1,137,101.1,7.3,9.5,50,0,100,20,49,56,41,55.98,78.92,60.58,58.92,29.02,110.6,166.9,9.309999999999995,8.760000000000005,Normal,100,31
20400,45,51.3,51.2,45.23,45.1,85.25,85.1,91.1,91,89.07,63.81,50.67,51.47,65.24,22.67,281.5,-238.9,54.72,48.97,7.287,1.535,58.98,3.262,1.078,267.5,216.2,5,3.3,40.3,35.3,94.3,112.7,6.3,43.6,3.3,126.8,32.5,77.4,68,65,22.02,9.6,7.914,20,0,116,111.1,141.4,105.3,6.1,5.9,70,0,100,20,49,56,26,56.02,78.55,56.49,54.05,24.14,71.87,221,6.07,5.849999999999994,Normal,100,32
20500,45,51.3,51.4,45.23,45.3,85.25,84.9,91.1,90.8,89.11,63.85,50.62,51.43,65.67,22.36,283.4,-240.1,54.55,48.45,7.264,1.162,59.06,3.247,1.083,269.3,215.5,5.2,3.7,40.4,35.1,94.3,112.7,6.3,43.6,3.5,127.1,32.5,78.1,68,65,19.94,8.637,7.914,20,0,116,111.3,143.9,108.1,5.7,6.1,70,0,100,20,49,56,26,56.02,78.63,56.49,54.09,23.73,72.86,223.2,6.07,5.849999999999994,Normal,100,32
20500,45,51.3,51.4,45.23,45.1,85.29,84.9,91.1,90.8,89.11,63.85,50.62,51.47,64.84,22.23,281.8,-239.2,54.13,48.08,7.573,1.518,58.99,3.227,1.09,267.7,213.9,5,3.5,40.3,35.3,94.3,112.7,6.3,43.6,3.6,127.1,32.5,77.6,68,65,21.33,9.355,7.914,20,0,116,111.3,140.4,104.6,5.7,6.1,70,0,100,20,49,56,26,56.02,78.67,56.49,54.05,23.55,74.69,222.1,6.07,5.809999999999988,Normal,100,32
20500,45,51.3,51.4,45.27,45.3,85.29,84.9,91.1,90.8,89.11,63.85,50.62,51.47,64.92,22.26,282.1,-239.5,54.29,48.18,7.647,1.533,58.97,3.237,1.086,268.1,216,5.2,3.5,40.1,35.1,94.3,112.7,6.5,43.6,3.5,126.8,32.8,77.4,68,65,21.61,9.467,7.914,20,0,116,111.3,140.4,104.3,5.7,6.1,70,0,100,20,49,56,26,56.02,78.71,56.49,54.09,23.54,76.71,222.3,6.029999999999994,5.809999999999988,Normal,100,32
20500,45,51.3,51.4,45.27,45.1,85.29,85.1,91.14,90.8,89.11,63.81,50.67,51.47,65.72,22.83,284.1,-241.2,53.88,48.18,7.224,1.522,58.87,3.218,1.093,269.5,214.3,5,3.5,40.1,35.1,94.3,112.7,6.2,43.6,3.5,126.8,33.1,77.1,68,65,17.24,7.46,7.914,20,0,116.2,111.1,142.9,106.6,5.7,6.3,70,0,100,20,49,56,26,56.06,78.71,56.49,54.05,24.19,71.24,223.8,6.029999999999994,5.849999999999994,Normal,100,32
20500,45,51.3,51.6,45.27,45.1,85.29,85.1,91.14,91,89.11,63.85,50.62,51.43,65.03,22.59,280.6,-238.2,54.1,48.01,7.253,1.16,59.14,3.216,1.093,266.6,215.2,5.1,3,40,35,94,112.2,6.5,43.6,3.5,127.1,32.8,77.1,68,65,20.72,9.061,7.914,20,0,116,111.1,140.4,104.6,5.9,6.5,70,0,100,20,49,56,26,56.06,78.75,56.49,54.09,23.89,72.75,221,6.029999999999994,5.849999999999994,Normal,100,32
20500,45,51.3,51.4,45.27,45.1,85.29,84.9,91.1,91,89.11,63.81,50.67,51.47,64.83,22.22,282.2,-239.6,54,48.28,7.239,1.525,58.96,3.22,1.092,267.7,214.8,4.9,3,40.4,35.4,94,112.2,6.5,43.4,3.3,126.8,32.8,77.6,68,65,20.89,9.165,7.914,20,0,116,111.3,140.9,104.8,6.1,6.1,70,0,100,20,49,56,26,56.06,78.79,56.53,54.05,23.46,70.22,221.9,6.029999999999994,5.809999999999988,Normal,100,32
20500,45,51.3,51.4,45.23,45.1,85.29,85.3,91.14,91,89.15,63.81,50.62,51.47,65.83,22.41,285,-241.6,54.36,48.28,7.605,1.525,59.1,3.234,1.087,269.9,214.8,5.3,3.3,40,35,94.3,112.7,6.5,43.6,3.6,126.8,32.5,77.6,68,66,18.75,8.101,7.814,20,0,116,111.3,142.9,106.6,5.9,6.1,70,0,100,20,49,56,30,56.06,78.79,56.49,54.05,23.66,75,224.2,6.07,5.849999999999994,Normal,100,32
20500,45,51.3,51.4,45.23,45.1,85.29,85.1,91.14,90.8,89.15,63.85,50.62,51.47,65.69,22.36,283.9,-240.6,54.5,48.4,7.625,1.529,59.02,3.247,1.083,269.3,215.3,4.8,3.5,40.3,35.3,94.3,112.7,6.3,43.8,3.7,127.1,32.8,77.6,68,65,19.69,8.525,7.914,20,0,116.2,111.3,140.4,104.5,5.5,6.3,70,0,100,20,49,56,26,56.06,78.79,56.49,54.05,23.61,75.2,223.4,6.07,5.849999999999994,Normal,100,32
20500,45,51.3,51.4,45.23,45.3,85.29,85.1,91.14,91,89.15,63.85,50.62,51.47,65.8,22.4,284.4,-241,54.82,48.69,7.669,1.537,59,3.267,1.076,269.8,216.6,5.2,3,40.1,35.1,94,112.2,6,43.6,3.5,126.8,33.1,77.1,68,65,20.39,8.812,7.914,20,0,116,111.3,141.4,105.5,6.1,6.1,70,0,100,20,49,56,26,56.02,78.79,56.49,54.09,23.6,76.93,223.6,6.07,5.849999999999994,Normal,100,32
20500,45,51.3,51.4,45.23,45.3,85.29,84.9,91.14,90.8,89.15,63.85,50.67,51.47,65.56,22.32,283.4,-240.1,54.45,48.72,7.25,1.527,59.05,3.242,1.085,268.8,215.1,5.2,3.2,40.1,35.1,94,112.2,6,43.8,3.7,127.1,32.8,77.1,69,66,19.96,8.66,7.814,20,0,116.2,111.1,140.9,106.5,5.9,6.3,70,0,100,20,49,56,26,56.02,78.75,56.44,54.09,23.56,74,222.6,6.07,5.849999999999994,Normal,100,32
20600,45,51.3,51.4,45.27,45.3,85.29,84.9,91.14,90.8,89.11,63.89,50.62,51.47,65.7,22.83,283,-240.2,54.04,47.95,7.611,1.526,59.11,3.214,1.094,269.4,214.9,5.1,3.2,40,35,94,112.2,6.5,43.6,3.5,127.1,33.1,77.1,68,65,18.11,7.84,7.914,20,0,116.2,111.1,141.4,105.5,5.9,6.3,70,0,100,20,49,56,26,56.02,78.63,56.44,54.09,24.22,77.68,223.7,6.029999999999994,5.849999999999994,Normal,100,32
20600,45,51.3,51.6,45.27,45.3,85.29,84.9,91.14,91,89.11,63.85,50.67,51.47,65.59,22.79,283.1,-240.3,54.43,48.67,7.298,1.537,59.13,3.237,1.086,268.9,216.5,5.1,3.3,40,35,94.3,112.7,6.3,43.6,3.6,127.1,32.5,77.6,68,65,19.89,8.623,7.914,20,0,116.2,111.1,143.4,107.9,6.1,6.5,70,0,100,20,49,56,26,56.02,78.55,56.44,54.05,24.27,73.2,222.7,6.029999999999994,5.849999999999994,Normal,100,32
20600,45,51.3,51.4,45.27,45.3,85.29,84.9,91.14,91,89.11,63.85,50.67,51.47,65.69,22.82,283.5,-240.6,53.9,48.2,7.226,1.522,58.81,3.222,1.091,269.3,214.4,5.1,3,40,35,94.5,112.2,6.5,43.6,3.6,127.1,32.3,77.2,68,65,17.36,7.514,7.914,20,0,116.2,111.1,143.4,107.5,5.9,6.3,70,0,100,20,49,56,26,56.06,78.59,56.44,54.05,24.31,72.49,223.6,6.029999999999994,5.849999999999994,Normal,100,32
20600,45,51.3,51.4,45.23,45.1,85.29,85.1,91.14,90.8,89.11,63.85,50.67,51.47,65.57,22.78,282.9,-240.2,54.28,48.57,7.228,1.522,58.92,3.239,1.086,268.8,214.4,5.2,3.2,40.3,35.3,94,112.2,6.5,43.4,3.3,127.1,33.1,77.2,68,65,19.23,8.342,7.914,20,0,116,111.1,142.9,106.8,5.7,6.1,70,0,100,20,49,56,26,56.02,78.63,56.44,54.05,24.18,72.5,222.7,6.07,5.849999999999994,Normal,100,32
20600,45,51.3,51.6,45.23,45.1,85.25,84.9,91.14,90.8,89.15,63.85,50.62,51.47,66.2,22.38,284.2,-240.3,54.04,48,7.56,1.516,58.94,3.223,1.091,269.6,213.5,5.1,3.5,40,35,94.3,112.7,6,43.6,3.5,127.1,32.8,76.9,68,65,16.18,6.95,7.914,20,0,116,111.3,139.9,107.3,5.9,6.5,70,0,100,20,49,56,26,56.02,78.67,56.44,54.05,23.71,75.84,224,6.07,5.890000000000001,Normal,100,32
20600,45,51.3,51.4,45.27,45.1,85.29,85.1,91.14,90.8,89.15,63.85,50.67,51.47,65.47,22.29,283,-239.8,53.89,48.19,7.225,1.522,59.02,3.211,1.095,268.4,214.4,5,3.5,40.1,35.1,94.3,112.7,6.2,43.6,3.3,126.8,32.5,77.1,68,65,18.33,7.964,7.914,20,0,116,111.3,141.4,105.9,5.7,6.3,70,0,100,20,49,56,26,56.02,78.71,56.44,54.05,23.57,72.48,222.7,6.029999999999994,5.849999999999994,Normal,100,32
20600,45,51.3,51.4,45.31,45.3,85.33,85.1,91.18,90.8,89.15,63.85,50.67,51.47,65.88,22.89,284.8,-241.8,53.76,48.03,7.257,1.529,59.11,3.198,1.099,270.1,215.3,5.2,3.7,40,35,94.5,113.2,6.5,43.6,3.5,127.1,32.6,77.1,68,65,16.51,7.126,7.914,20,0,116,111.3,141.4,105.8,5.7,6.1,70,0,100,20,49,56,26,56.02,78.75,56.44,54.05,24.16,72.8,224.6,5.989999999999995,5.8500000000000085,Normal,100,32
20600,45,51.3,51.4,45.27,45.3,85.29,85.1,91.14,91,89.15,63.85,50.67,51.47,65.53,22.31,283.3,-240,53.92,48.21,7.229,1.523,59.15,3.205,1.097,268.7,214.5,5.2,3.3,40.1,35.1,94.3,112.7,6.3,43.6,3.3,126.8,32.8,77.6,68,65,18.33,7.954,7.914,20,0,116,111.3,143.4,105,5.9,6.1,70,0,100,20,49,56,26,56.02,78.79,56.44,54.05,23.51,72.51,223,6.029999999999994,5.849999999999994,Normal,100,32
20600,45,51.3,51.4,45.27,45.1,85.29,85.1,91.14,91,89.19,63.85,50.67,51.47,65.45,21.83,283.4,-239.7,54.11,48.38,7.255,1.528,59.16,3.216,1.093,268.4,215.2,4.8,3.3,40.3,35.3,94.3,112.7,6.8,43.8,3.7,127.1,32,77.6,68,65,19.28,8.376,7.914,20,0,116.2,111.3,142.9,107.1,5.7,6.3,70,0,100,20,49,56,26,56.02,78.83,56.44,54.05,22.96,72.77,222.6,6.029999999999994,5.849999999999994,Normal,100,32
20600,45,51.3,51.4,45.23,45.3,85.33,85.3,91.14,91,89.19,63.85,50.67,51.47,65.11,21.87,283.9,-240.6,54.6,48.86,7.271,1.531,59.11,3.248,1.083,268.9,215.7,5.2,3,40.1,35.1,94,112.2,6.3,43.6,3.5,127.1,32.8,77.4,68,65,22.14,9.672,7.914,20,0,116.2,111.1,141.9,105.5,5.9,6.1,70,0,100,20,49,56,30,56.02,78.88,56.44,54.05,22.96,72.93,222.6,6.07,5.810000000000002,Normal,100,32
20700,45,51.3,51.2,45.27,45.1,85.33,84.9,91.14,90.8,89.15,63.85,50.67,51.47,65.11,22.32,283.4,-240.6,53.97,48.26,7.236,1.524,59.14,3.209,1.096,268.8,214.7,5.2,3.5,40.1,35.1,94.3,112.7,6.3,43.6,3.3,127.1,32.8,77.6,68,65,19.99,8.734,7.914,20,0,116.4,111.1,141.9,105.5,5.7,6.3,70,0,100,20,49,56,26,55.98,78.88,56.44,54.05,23.39,72.58,223.1,6.029999999999994,5.810000000000002,Normal,100,32
20700,45,51.3,51.4,45.27,45.1,85.29,85.1,91.14,91,89.19,63.85,50.62,51.52,65.71,21.91,284.5,-240.7,54.22,48.11,8.005,1.899,59.26,3.217,1.093,269.4,215.7,5,3,40.1,35.1,94,112.2,6,43.6,3.6,127.1,33.1,78.1,69,66,18.85,8.159,7.814,20,0,116,111.3,143.4,107.3,5.9,6.3,70,0,100,20,49,56,26,56.02,78.88,56.44,54.05,23,80.3,223.9,6.029999999999994,5.849999999999994,Normal,100,32
20700,45,51.3,51.4,45.23,45.3,85.29,84.9,91.14,91,89.11,63.89,50.67,51.47,65.66,22.81,282.9,-240,54.57,48.83,7.267,1.531,59.04,3.25,1.082,269.2,215.6,5,3.5,40.1,35.1,94.3,112.7,6,43.6,3.5,126.8,32.8,77.7,68,65,20.06,8.69,7.914,20,0,116.2,111.1,142.9,106.6,6.1,6.3,70,0,100,20,49,56,26,56.02,78.79,56.44,54.05,24.04,72.89,222.7,6.07,5.849999999999994,Normal,100,32
20700,45,51.3,51.4,45.27,45.1,85.29,85.1,91.18,90.8,89.11,63.85,50.67,51.43,66.05,23.25,283.1,-240.3,54.21,48.48,6.9,1.163,59,3.231,1.088,268.9,215.6,5,3.5,40.3,35.3,94.3,112.7,6.3,43.6,3.6,126.8,32.8,77.6,68,65,17.38,7.484,7.914,20,0,116.4,111.1,141.9,105.8,5.7,6.3,70,0,100,20,49,56,26,56.02,78.67,56.44,54.05,24.63,69.22,222.9,6.029999999999994,5.890000000000001,Normal,100,32
20700,45,51.3,51.4,45.27,45.1,85.29,85.1,91.14,90.8,89.11,63.85,50.67,51.47,65.13,22.63,281.1,-238.6,53.95,48.24,7.232,1.523,58.98,3.216,1.093,267.1,214.6,5,3.2,40.1,35.1,94,112.2,6.3,43.6,3.6,127.1,32.8,77.6,68,65,19.65,8.579,7.914,20,0,116.2,111.1,140.4,103.8,5.9,6.3,70,0,100,20,49,56,26,56.02,78.63,56.44,54.05,24.02,72.55,221.2,6.029999999999994,5.849999999999994,Normal,100,32
23300,45,49.13,49.1,45.68,45.6,85.04,84.9,88.6,88.5,87.31,58.32,49.03,49.3,40.2,14.64,327.2,-301.7,30.87,29.92,2.471,1.523,44.58,2.435,1.444,271,214.5,4.6,2,41,36.1,90.5,105.2,4.2,45.1,3.9,140.7,50.8,68.8,51,49,11.78,8.336,9.675,20,0,119.5,114,140.9,103.8,3.6,3.5,20,0,100,5,49,56,20,56.38,80.59,49.89,49.71,14.51,59.32,246.2,3.450000000000003,3.559999999999988,Normal,100,33
23300,45,49.09,49.1,45.68,45.6,85.04,84.8,88.6,88.3,87.35,58.32,49.03,49.3,40.12,14.15,327.1,-301.1,30.59,30.01,2.479,1.894,44.6,2.411,1.458,270.5,215.1,4.2,2.2,41,36.3,90.5,105.2,4.7,45.1,4.1,141,50.5,69.1,51,49,11.08,7.857,9.675,20,0,119.5,114,140.9,103.7,3.5,3.7,0,0,100,20,49,56,20,56.38,80.59,49.89,49.71,14.03,59.49,245.7,3.410000000000004,3.559999999999988,Normal,100,33
24400,44,55.97,56.1,45.15,45.1,75.22,75,85.49,85.3,82.97,73.51,55.25,56.1,114.5,28.13,105.3,-18.98,97.51,91.02,7.656,1.166,79.12,4.333,0.8115,267.3,216.2,7.2,5.9,37.7,33,91.5,107.2,9.5,41.5,3.8,113.1,21.4,73.7,93,89,19.52,4.851,5.704,20,0,114.5,111.3,139,103.8,10.1,11.2,70,30,100,70,53,56,43,56.1,70.52,61.64,58.97,46.8,68.58,36.3,10.82,10.269999999999996,Normal,100,34
24400,44,56.01,56.1,45.15,44.9,75.22,75.2,85.49,85.3,83.01,73.51,55.21,56.1,114.5,27.69,105.8,-19,97.74,90.52,8.013,0.7958,79.15,4.342,0.8098,267.5,215.9,7.4,6.2,37.7,33,91.5,107.2,9.8,41.5,3.5,112.9,21.6,74.2,94,90,20.07,4.984,5.618,20,0,114.5,111.1,139.9,106.2,10.1,11,80,30,100,70,53,56,47,56.1,70.56,61.64,58.92,45.94,70.7,38.74,10.86,10.269999999999996,Normal,100,34
24400,44,55.97,56.1,45.11,44.9,75.26,75,85.53,85.1,83.01,73.51,55.21,56.06,114.8,28.21,106.1,-19.5,97.59,90.75,7.633,0.7946,79.36,4.324,0.8131,268.1,215.6,7.4,5.9,37.7,33,91.5,107.2,9.8,41.5,3.8,112.9,21.4,73.8,93,89,18.86,4.674,5.704,20,0,114.2,111.1,140.9,107.7,9.9,11,80,30,100,70,53,56,43,56.06,70.69,61.6,58.88,46.28,67.35,38.75,10.86,10.269999999999996,Normal,100,34
24400,44,55.97,56.1,45.11,44.9,75.22,75.2,85.49,85.3,83.01,73.55,55.21,56.1,114.6,27.71,105.5,-18.56,97.33,90.51,7.98,1.159,79.13,4.324,0.813,267.8,215,7.2,6.2,37.7,33,91.5,107.2,9.8,41.5,3.8,112.9,21.4,74.3,93,89,18.3,4.54,5.704,20,0,114.5,111.1,136.5,106.7,10.1,11.2,80,30,100,70,53,56,47,56.02,70.69,61.56,58.88,45.34,71.48,37.99,10.86,10.269999999999996,Normal,100,34
24500,44,55.97,56.1,45.11,44.9,75.26,75.4,85.53,85.1,83.05,73.55,55.25,56.1,114.2,27.62,105.6,-18.95,97.73,91.25,7.644,1.164,79.28,4.334,0.8112,266.8,215.9,7.3,6.4,37.6,32.9,91.5,107.2,9.7,41.5,3.8,113.1,21.4,74.2,93,89,21.24,5.289,5.704,20,0,114.2,110.9,140.4,106.9,9.9,11.2,80,30,100,70,53,56,47,56.06,70.65,61.56,58.92,45.43,69.54,36.18,10.86,10.269999999999996,Normal,100,34
24500,44,55.97,56.1,45.11,44.9,75.26,75.2,85.53,85.1,83.05,73.55,55.25,56.1,114.5,27.69,105.9,-19,97.28,90.83,7.609,1.159,79.26,4.315,0.8148,267.5,214.9,7.3,6.4,38,32.9,91.5,107.2,9.7,41.5,3.8,113.1,21.4,74.2,93,89,18.55,4.606,5.704,20,0,114.5,111.1,140.4,106.7,10.1,11.2,80,30,100,70,53,56,47,56.06,70.65,61.56,58.88,45.56,68.16,37.97,10.86,10.269999999999996,Normal,100,34
24500,44,55.97,56.1,45.11,44.9,75.26,75.2,85.53,85.1,83.05,73.55,55.25,56.06,114.3,27.64,105.6,-18.96,98.23,91.72,7.313,0.7998,79.19,4.361,0.8061,267,217,7.5,6.4,37.6,32.9,91.5,107.2,9.5,41.4,3.8,112.9,21.4,74.3,93,90,22.62,5.628,5.618,20,0,114.5,110.9,139.4,105.4,10.1,11.2,80,30,100,70,53,56,47,56.02,70.6,61.56,58.88,45.47,65.51,35.2,10.86,10.269999999999996,Normal,100,34
24500,44,55.97,56.1,45.11,44.9,75.26,75,85.57,85.1,83.01,73.55,55.17,56.06,115.1,28.62,105.5,-19.01,97.56,90.36,7.999,0.7944,79.31,4.325,0.8129,267.7,215.5,7.2,6.4,37.7,33,91.5,107.2,9.5,41.4,3.7,112.9,21.7,73.8,94,90,17.78,4.395,5.618,20,0,114.2,110.9,140.4,107,9.9,11.2,80,30,100,70,53,56,43,56.06,70.56,61.56,58.84,47.35,70.57,38.31,10.86,10.309999999999988,Normal,100,34
24500,44,55.97,56.1,45.11,44.9,75.26,75.2,85.53,85.3,82.97,73.55,55.21,56.06,114.3,28.55,104.7,-18.96,96.72,89.94,7.565,0.7875,79.3,4.288,0.8199,267,213.6,6.9,5.9,37.7,33.2,91.2,106.7,9.5,41.4,3.4,113.1,21.7,73.8,93,89,17.36,4.32,5.704,20,0,114.5,111.1,140.4,107.2,10.3,11.2,80,30,100,70,53,56,47,56.02,70.48,61.52,58.84,47.37,67.76,37.75,10.86,10.269999999999996,Normal,100,34
24500,44,55.97,56.1,45.11,44.8,75.22,75,85.53,85.1,82.97,73.51,55.21,56.06,114.5,28.49,105,-18.92,97.41,90.58,7.619,0.7932,79.24,4.322,0.8135,266.4,215.2,7.2,6.1,37.7,33,91.2,106.7,9.7,41.4,4,113.1,21.7,74.3,93,89,19.05,4.732,5.704,20,0,114.2,110.9,138,104.6,9.9,11.2,80,30,100,70,53,56,43,56.02,70.44,61.52,58.84,47.4,68.25,36.5,10.86,10.310000000000002,Normal,100,34
24500,44,55.97,56.1,45.11,44.9,75.26,75,85.53,85.1,83.01,73.55,55.21,56.06,114,28.01,104.9,-18.91,97.39,90.56,7.617,0.793,79.16,4.326,0.8128,266.3,215.1,7.3,6.6,37.6,32.9,91.7,107.7,9.8,41.4,3.8,112.9,21.4,74.2,93,89,20.74,5.174,5.704,20,0,114.2,110.9,139.4,105.9,10.1,11.2,80,30,100,70,53,56,43,56.02,70.44,61.56,58.84,46.61,67.21,36.38,10.86,10.269999999999996,Normal,100,34
24500,44,55.97,56.1,45.07,44.9,75.22,75,85.53,85.3,83.01,73.55,55.21,56.06,115.2,28.21,105.6,-18.58,97.98,91.14,7.635,0.7948,79.33,4.343,0.8096,268.1,215.6,7.3,6.2,37.6,32.9,91.2,107.2,9.5,41.5,3.9,112.9,21.7,74.2,93,89,18.64,4.599,5.704,20,0,114.2,110.9,139,105.5,10.1,11.2,80,30,100,70,53,56,43,56.02,70.44,61.56,58.88,46.93,68.39,36.74,10.9,10.310000000000002,Normal,100,34
24500,44,55.97,56.1,45.07,44.9,75.22,75,85.53,85.1,82.97,73.55,55.21,56.06,115.5,28.72,105.4,-18.62,98.31,91.45,7.661,0.7975,79.24,4.362,0.806,268.6,216.4,7.3,6.4,37.6,32.9,91.5,107.2,9.7,41.4,3.7,113.1,21.6,74.2,93,89,18.96,4.669,5.704,20,0,114.2,110.7,139,105.6,9.9,11.2,80,30,100,70,53,56,43,55.98,70.52,61.6,58.84,47.38,66.59,35.46,10.9,10.310000000000002,Normal,100,34
24500,44,55.93,56.1,45.11,44.9,75.22,75.2,85.53,85.3,83.01,73.55,55.25,56.06,114.5,28.03,105,-18.46,97.65,91.52,7.298,1.168,79.29,4.33,0.812,266.4,216.5,7.2,6.2,37.6,32.9,91.5,107.2,9.5,41.5,3.9,112.9,21.7,74.2,93,89,19.98,4.962,5.704,20,0,114,110.9,139.9,106.5,10.1,11.3,80,30,100,70,53,56,47,55.98,70.56,61.56,58.88,46.11,65.37,34.1,10.82,10.310000000000002,Normal,100,34
24600,44,55.97,56,45.11,44.9,75.22,75,85.49,85.1,83.05,73.55,55.25,56.1,114.4,27.19,105.7,-18.51,98.04,91.54,7.668,1.168,79.2,4.352,0.8078,267.1,216.6,7.2,5.9,37.7,33,91.2,106.7,9.5,41.4,3.7,113.1,21.7,73.8,93,89,21.81,5.424,5.704,20,0,114,110.9,138.5,104.8,9.9,11.1,80,30,100,70,53,56,43,55.98,70.6,61.6,58.88,44.61,67.66,35.75,10.86,10.269999999999996,Normal,100,34
24600,44,55.93,56.1,45.07,44.9,75.22,75.2,85.49,85.3,83.05,73.55,55.21,56.06,114.2,27.14,105.5,-18.48,97.6,91.13,7.634,1.163,79.25,4.33,0.812,266.6,215.6,7.3,6.2,37.6,32.9,91.5,107.2,9.7,41.5,3.9,112.9,21.6,74.2,94,90,21.04,5.243,5.618,20,0,114,110.9,138,104.6,10.1,11.2,80,30,100,70,53,56,47,55.98,70.6,61.56,58.84,44.53,67.36,36.3,10.86,10.269999999999996,Normal,100,34
24600,44,55.93,56,45.07,44.9,75.22,75.2,85.53,85.3,83.05,73.55,55.21,56.06,114.3,27.51,105.2,-18.42,97.32,90.87,7.612,1.159,79.35,4.312,0.8153,265.8,215,7.3,6.2,37.6,32.9,91.5,107.2,9.9,41.4,3.7,113.1,21.2,73.7,93,89,19.82,4.934,5.704,20,0,114.2,110.7,138,104.3,10.1,11.1,80,30,100,70,53,56,47,55.98,70.65,61.6,58.88,45.01,67.16,36.13,10.86,10.310000000000002,Normal,100,34
24600,44,55.93,56.1,45.07,44.9,75.26,75.2,85.57,85.3,83.01,73.55,55.21,56.06,115.1,28.62,105.4,-19.01,97.83,91.34,7.651,1.165,79.36,4.334,0.8112,267.7,216.1,7.2,5.9,37.7,33,91.5,106.7,9.7,41.4,3.8,112.7,21.4,73.8,93,89,18.76,4.638,5.704,20,0,114.2,110.7,139.4,106.2,10.1,11.2,80,30,100,70,53,56,47,55.98,70.65,61.56,58.88,46.82,68.54,35.81,10.86,10.309999999999988,Normal,100,34
24600,44,55.93,56.1,45.07,44.9,75.26,75.2,85.57,85.3,83.05,73.55,55.21,56.06,115,28.15,105.9,-19,98.01,91.51,7.665,1.167,79.29,4.346,0.809,267.6,216.5,7.2,6.2,37.6,32.9,91.5,107.2,9.4,41.5,3.8,112.9,21.4,74.3,93,89,19.44,4.806,5.704,20,0,114,110.7,139,105.3,10.1,11.2,80,30,100,70,53,56,47,55.98,70.56,61.56,58.88,46.32,68.67,36.32,10.86,10.309999999999988,Normal,100,34
24600,44,55.93,56.1,45.07,44.9,75.22,75.2,85.53,85.3,83.01,73.55,55.25,56.06,114,27.9,104.5,-18.38,97.37,91.28,7.249,1.16,79.21,4.322,0.8135,265.2,215.1,7.3,5.9,37.6,32.9,91.2,106.7,9.7,41.4,3.8,112.9,21.9,74.3,94,90,20.8,5.191,5.618,20,0,114.2,110.9,139.9,106.5,10.3,11.2,80,30,100,70,53,56,47,55.98,70.52,61.6,58.88,46.03,63.96,33.46,10.86,10.310000000000002,Normal,100,34
24600,44,55.93,56.1,45.11,44.9,75.26,75,85.57,85.1,83.01,73.55,55.21,56.06,114.6,28.49,105,-18.92,96.9,90.45,7.608,1.159,79.33,4.295,0.8187,266.5,214.9,7.3,5.9,37.6,32.9,91.2,106.7,9.8,41.4,3.8,113.1,21.6,73.8,93,89,17.27,4.288,5.704,20,0,114.2,110.7,139.4,105.9,10.3,11.2,80,30,100,70,53,56,43,55.98,70.44,61.6,58.84,47.27,66.13,36.89,10.82,10.309999999999988,Normal,100,34
24600,44,55.93,56.1,45.07,44.9,75.22,75.2,85.53,85.1,82.97,73.55,55.21,56.06,114.9,28.57,104.8,-18.52,97.61,91.14,7.635,1.163,79.28,4.329,0.8122,267.2,215.6,7.2,6.4,37.6,32.9,91.5,107.2,9.8,41.4,3.7,112.9,21.6,73.7,94,90,18.64,4.616,5.618,20,0,114,110.7,140.4,106.7,9.9,11.2,80,30,100,70,53,56,47,55.98,70.4,61.6,58.88,47.53,67.36,34.85,10.86,10.310000000000002,Normal,100,34
24600,44,55.93,56,45.07,44.9,75.22,75,85.53,85.3,82.97,73.55,55.21,56.06,115.1,28.62,105,-18.55,97.45,90.99,7.622,1.161,79.17,4.328,0.8123,267.7,215.3,7.3,5.9,37.6,32.9,91.2,106.7,9.8,41.5,3.9,112.9,21.9,73.8,93,89,17.26,4.268,5.704,20,0,114,110.7,139,107.9,10.3,11.3,80,30,100,70,53,56,43,55.93,70.4,61.6,58.88,47.48,67.25,35.69,10.86,10.310000000000002,Normal,100,34
26700,44,50.12,50.1,44.04,43.9,75.17,75,81.07,80.8,78.99,61.55,49.19,50.33,65.62,23.09,194.1,-151.6,54.7,46.37,10.23,1.903,51.2,3.756,0.9361,267.2,216.1,4.7,3.5,39.2,34.3,84.3,94.3,6.3,42.4,3.3,116,31.1,60.5,58,56,12.82,5.559,8.86,20,0,112.4,109,138,103,5.8,6.2,90,0,100,25,48,56,41,55.93,68.56,57.47,54.05,43.91,71.89,203.4,6.079999999999998,5.899999999999992,Normal,100,35
26700,44,50.12,50.1,44.04,43.8,75.17,75.2,81.11,80.7,78.99,61.55,49.19,50.33,66.44,23.68,195.2,-152.4,54.18,45.93,10.14,1.885,51.2,3.721,0.9449,268.6,214.1,4.8,3.5,39.1,34.2,84.3,94.3,5.9,42.4,3.3,115.7,31.4,60.1,58,56,8.116,3.474,8.86,20,0,112.4,109,139,104.2,5.6,6.2,90,0,100,25,48,56,45,55.89,68.52,57.47,54.05,45.02,71.21,205.4,6.079999999999998,5.939999999999998,Normal,100,35
26700,44,50.08,50.3,44.08,43.9,75.17,75.2,81.11,80.8,78.99,61.55,49.19,50.33,66.59,23.73,195.6,-152.8,53.81,45.87,10.2,2.265,51.16,3.698,0.9507,269.3,215.5,4.7,3.8,39.2,34.3,84.6,94.8,5.7,42.4,3.3,115.7,31.1,60.1,58,56,6.235,2.663,8.86,20,0,112.2,109,138,102.9,5.6,6.4,90,0,100,25,48,56,45,55.89,68.48,57.43,54.05,45.27,72.56,206.1,6,5.939999999999998,Normal,100,35
26700,44,50.12,50.3,44.04,43.9,75.17,75,81.07,80.8,78.99,61.55,49.19,50.33,65.65,23.11,194.2,-151.7,54,45.78,10.1,1.879,51.2,3.708,0.9482,267.3,213.4,4.7,3.5,39.2,34.3,84.3,94.3,5.9,42.4,3.3,115.7,31.4,60.1,58,56,10.25,4.442,8.86,20,0,112.4,109,139.4,104.4,5.8,6.4,90,0,100,25,48,56,41,55.89,68.48,57.43,54.05,44.08,71.84,204.3,6.079999999999998,5.899999999999992,Normal,100,35
26700,44,50.12,50.1,44.08,43.9,75.17,75.2,81.07,80.8,78.95,61.55,49.19,50.33,65.93,23.66,194.6,-152.3,54.17,45.87,10.2,1.898,51.15,3.724,0.9441,268.5,215.5,4.7,3.5,39.2,34.3,84.3,94.3,6.3,42.4,3.3,115.7,31.4,60.5,58,56,9.814,4.234,8.86,20,0,112.4,109,139.9,103.4,5.6,6.4,90,0,100,25,48,56,45,55.89,68.43,57.39,54.05,45.28,73.45,205.2,6.039999999999999,5.899999999999992,Normal,100,35
26700,44,50.16,50.1,44.08,43.9,75.17,75,81.11,80.8,78.95,61.55,49.19,50.33,66.03,23.99,193.6,-151.5,54.32,45.68,10.16,1.524,51.24,3.727,0.9433,267,214.6,4.7,3.5,38.9,34,84.3,94.3,6,42.4,3.2,116,31.3,60,58,56,10.05,4.329,8.86,20,0,112.4,109,138,103,5.8,6.2,90,0,100,25,48,56,41,55.89,68.39,57.39,54.05,46.06,73.15,204,6.079999999999998,5.939999999999998,Normal,100,35
26700,44,50.16,50.3,44.08,43.9,75.17,75,81.07,80.8,78.95,61.51,49.19,50.33,66.1,23.72,195.6,-153.2,54.37,45.73,10.17,1.526,51.19,3.735,0.9414,269.2,214.8,4.8,3.5,39.1,34.2,84.3,94.3,5.9,42.4,3.3,115.7,31.4,60,58,56,9.955,4.283,8.86,20,0,112.4,108.8,138.5,100.7,5.8,6.4,90,0,100,25,48,56,41,55.85,68.43,57.39,54.05,45.25,73.22,206.2,6.079999999999998,5.899999999999992,Normal,100,35
26700,44,50.12,50.3,44.08,43.9,75.17,75,81.07,80.8,78.95,61.51,49.19,50.33,65.92,23.66,195,-152.8,53.81,45.56,10.14,1.885,51.15,3.699,0.9505,268.4,214,4.8,3.5,39.1,34.2,84.3,94.3,6.2,42.4,3.3,116,31.1,60.1,58,56,8.57,3.697,8.86,20,0,112.7,109,138.5,103.7,5.8,6.4,90,0,100,25,48,56,41,55.89,68.43,57.35,54.01,45.28,72.95,205.7,6.039999999999999,5.899999999999992,Normal,100,35
26800,44,50.12,50.3,44.08,43.9,75.22,75,81.07,80.8,78.95,61.55,49.19,50.33,65.59,23.71,195,-153.1,53.99,45.71,10.17,1.891,51.2,3.707,0.9484,268.9,214.8,4.8,3.8,39.1,34.2,84.6,94.8,6,42.4,3.3,116,31.1,60.3,58,56,10.42,4.516,8.86,20,0,112.4,109,139.4,104.3,5.8,6.4,90,0,100,25,48,56,41,55.85,68.48,57.35,54.01,45.07,73.2,205.9,6.039999999999999,5.849999999999994,Normal,100,35
26800,44,50.12,50.3,44.08,43.9,75.22,75,81.07,80.8,78.95,61.51,49.19,50.33,65.34,23.61,194.7,-152.9,54.02,45.74,10.17,1.892,51.17,3.712,0.9472,267.9,214.9,4.9,3.2,38.9,34,84,93.8,6.2,42.5,3.6,116,31.7,60.6,58,56,11.38,4.955,8.86,20,0,112.2,109,138.5,103.9,5.6,6.2,90,0,100,25,48,56,41,55.89,68.48,57.35,54.01,45.04,73.24,204.9,6.039999999999999,5.849999999999994,Normal,100,35
26800,44,50.12,50.1,44.04,43.9,75.22,75.2,81.07,80.8,78.95,61.55,49.19,50.33,65.44,23.65,194.5,-152.7,54.51,46.21,10.2,1.896,51.2,3.744,0.9392,268.3,215.4,5,3.5,39.1,34.2,84.3,94.3,6.2,42.4,3.2,115.7,31.7,60.6,58,56,12.78,5.556,8.86,20,0,112.2,108.8,138.5,103.2,5.6,6.2,90,0,100,25,48,56,45,55.85,68.52,57.35,54.01,44.82,73.41,204.6,6.079999999999998,5.849999999999994,Normal,100,35
26900,45,50.08,50.1,44,43.8,75.17,75,81.07,80.5,78.95,61.55,49.19,50.33,66.16,23.75,195.3,-152.9,54.58,46.64,10.21,2.267,47.37,4.051,0.8679,269.4,215.7,4.1,3,39.8,34.8,83.5,92.8,5.2,42.5,3,116,32.2,58.5,54,52,6.651,2.859,9.315,20,0,112.2,109,136,100.5,5.1,6.2,20,0,100,10,48,56,23,55.85,68.39,57.35,54.01,45.44,73.5,205.1,6.079999999999998,5.899999999999992,Normal,100,36
26900,45,50.12,50.1,44.08,44.4,75.3,76.8,80.99,80,78.95,61.55,49.19,50.33,63.37,22.65,193.8,-153.1,53.7,45.47,10.12,1.881,33.17,5.693,0.6176,267.3,213.6,1.5,0.7,42.8,37.9,80.7,87.9,2.6,42.7,0,116,35.3,49.9,39,38,-0.8268,-0.3711,11.2,20,0,112.4,109,138,98.7,3.2,5.7,20,0,100,10,48,56,38,55.85,68.43,57.3,54.01,43.21,73.71,204.6,6.039999999999999,5.689999999999998,Normal,100,37
27900,45,48.4,48.3,45.52,45.4,74.97,75,77.96,77.9,76.86,55.78,48.37,48.57,33.54,12.26,236.7,-215.5,25.67,25.45,1.735,1.519,36.44,2.477,1.419,269.5,213.9,4.4,2,41,36.1,79.5,86.4,3.5,45.1,4.3,137.4,57.9,50.5,42,40,8.761,7.429,10.89,20,0,116.7,111.8,138,100.8,2.9,2.9,20,0,100,10,48,56,23,56.22,70.77,48.75,48.81,20.23,41.64,240.5,2.8799999999999955,2.989999999999995,Normal,100,38
27900,45,48.4,48.3,45.52,45.4,74.97,74.9,77.96,77.9,76.86,55.82,48.33,48.61,33.63,12.29,236.9,-215.6,25.75,25.17,2.473,1.89,36.43,2.485,1.415,270.2,214.5,4.6,1.3,40.8,35.9,79.2,85.4,3.6,45.1,4.3,137.1,58.6,49.8,42,40,8.731,7.384,10.89,20,0,116.2,112,137.5,100.3,3,2.9,20,0,100,10,48,56,23,56.18,70.77,48.75,48.81,20.22,59.34,241.5,2.8799999999999955,2.989999999999995,Normal,100,38
27900,45,48.4,48.5,45.52,45.4,74.97,74.9,77.92,77.9,76.82,55.78,48.33,48.57,33.21,12.31,237.2,-216.3,25.86,25.27,2.115,1.53,36.44,2.495,1.409,270.6,215.4,4.6,1.3,40.8,35.9,79.2,85.4,3.8,45.3,4.3,137.1,58.2,49.8,42,40,10.58,9.061,10.89,20,0,116.4,112,137,100.3,3,3.1,20,0,100,10,48,56,23,56.22,70.77,48.75,48.81,20.31,50.77,241.7,2.8799999999999955,2.950000000000003,Normal,100,38
27900,45,48.4,48.3,45.52,45.4,74.97,74.9,77.92,77.8,76.86,55.78,48.37,48.57,33.09,11.81,236.8,-215.5,25.95,25.73,1.754,1.535,36.44,2.504,1.404,269.6,216.2,4.6,2,40.8,35.9,79.8,86.4,3,45.1,4.3,137.4,57.3,50,42,40,11.33,9.741,10.89,20,0,116.4,112,138.5,101.3,2.9,2.9,20,0,100,10,48,56,23,56.22,70.81,48.75,48.81,19.42,42.1,240.3,2.8799999999999955,2.950000000000003,Normal,100,38
28400,45,48.32,48.3,45.43,45.4,75.05,75,78,77.9,76.95,55.78,48.25,48.49,33.16,11.83,238.3,-216.9,25.86,25.27,2.115,1.53,36.51,2.49,1.412,270.2,215.4,4.1,1.9,40.8,35.9,79.8,86.4,3.3,45.3,4,137.4,57.3,50.8,42,40,10.82,9.282,10.89,20,0,117.8,113.1,136.5,99.3,2.9,2.9,20,0,100,10,48,56,23,56.34,70.89,48.71,48.77,19.52,50.77,241.5,2.890000000000001,2.950000000000003,Normal,100,38
28400,45,48.32,48.3,45.43,45.3,75.05,75,78.04,77.9,76.95,55.78,48.29,48.49,33.61,12.28,238.1,-216.8,25.98,25.76,1.756,1.537,36.57,2.498,1.407,270,216.4,4.1,1.9,41.2,36.3,79.8,86.4,3.8,45.1,4.1,137.1,57.6,50.6,42,40,9.747,8.249,10.89,20,0,117.6,113.3,137,99.9,2.9,3,20,0,100,10,48,56,23,56.34,70.93,48.66,48.73,20.21,42.14,240.8,2.890000000000001,2.990000000000009,Normal,100,38
28400,45,48.32,48.3,45.48,45.4,75.05,75,78.04,77.9,76.95,55.74,48.29,48.53,33.57,12.27,238.3,-217,25.45,25.23,2.113,1.895,36.51,2.451,1.434,269.7,215.1,4.1,1.6,41.2,36.3,79.8,85.9,3.6,45.3,4.3,137.4,57.6,49.8,42,40,7.957,6.741,10.89,20,0,117.8,113.3,137,99.8,2.9,3,20,0,100,10,48,56,23,56.38,70.89,48.66,48.73,20.3,50.71,241.2,2.8400000000000034,2.990000000000009,Normal,100,38
28400,45,48.32,48.3,45.43,45.3,75.05,74.9,78.04,77.9,76.95,55.78,48.25,48.53,33.48,12.24,237.2,-216,25.9,25.31,2.487,1.901,36.53,2.492,1.411,269,215.8,4.2,2.2,41.2,36.3,80.1,86.9,3.5,45.1,3.9,137.4,57.3,50.3,43,41,9.865,8.38,10.74,20,0,117.8,113.3,136.5,99.8,3,2.9,20,0,100,10,48,56,23,56.38,70.89,48.66,48.73,20.25,59.7,240.3,2.890000000000001,2.990000000000009,Normal,100,38
28400,45,48.32,48.3,45.43,45.4,75.05,75,78.04,77.9,76.95,55.78,48.29,48.53,33.42,12.21,236.8,-215.6,25.84,25.62,2.114,1.897,36.52,2.487,1.413,268.5,215.3,4.5,1.9,40.8,35.9,79.8,86.4,3.8,45.3,4.3,137.4,57.6,50.6,42,40,9.887,8.415,10.89,20,0,117.6,113.1,137,98.4,3,3,20,0,100,10,48,56,23,56.38,70.89,48.66,48.77,20.21,50.75,239.4,2.890000000000001,2.990000000000009,Normal,100,38
28400,45,48.32,48.5,45.43,45.3,75.05,75,78,77.9,76.95,55.74,48.29,48.53,33.11,11.81,238.3,-217,25.6,25.38,2.095,1.879,36.54,2.463,1.427,269.7,213.3,4.3,1.6,41,36.1,79.5,85.9,3.3,45.3,4.1,137.1,57.9,49.6,43,41,10.13,8.703,10.74,20,0,117.8,113.3,135,98.3,3,3.2,20,0,100,10,48,56,23,56.38,70.93,48.66,48.73,19.48,50.27,241,2.890000000000001,2.950000000000003,Normal,100,38
28400,45,48.32,48.3,45.43,45.4,75.05,74.9,78,77.8,76.95,55.74,48.29,48.49,32.95,11.75,237.2,-216,25.81,25.6,1.745,1.527,36.55,2.484,1.416,268.4,215.1,4.6,1.7,40.8,35.9,79.5,85.9,3.6,45.3,4.5,137.4,57.9,50.1,42,40,11.46,9.893,10.89,20,0,117.8,113.3,136.5,99.3,2.9,2.9,20,0,100,10,48,56,23,56.38,70.89,48.66,48.73,19.45,41.88,239.4,2.890000000000001,2.950000000000003,Normal,100,38
29900,44,55.48,55.6,44.78,44.6,70.26,70,80.21,80,77.23,70.11,53.94,55.65,110.6,33.08,79.17,-1.649,96.54,82.66,15.42,1.537,71.04,4.778,0.7359,266.9,216.5,7.4,6,37.2,32.5,85.7,96.8,8.9,41.4,4,107.7,22,64.6,82,79,21.59,5.55,6.586,20,0,113.3,110.3,136.5,103.3,10,11,80,100,100,87.79,57,56,58,55.57,63.73,67.38,61.5,97.3,63.03,-11.73,10.699999999999996,9.949999999999989,Normal,100,39
29900,44,55.48,55.6,44.78,44.8,70.22,70.1,80.25,80,77.23,70.11,53.94,55.61,112,33.68,79.51,-1.198,96.14,82.31,14.99,1.163,71.39,4.735,0.7426,268,215.6,7.2,6,37.4,32.7,86,97.3,9.3,41.2,4,107.5,21.7,64.8,82,79,15.63,3.969,6.586,20,0,113.1,110.3,140.4,107,10,10.8,80,100,100,87.65,57,56,58,55.57,63.68,67.38,61.5,99.56,61.26,-9.422,10.699999999999996,10.03,Normal,100,39
29900,44,55.48,55.6,44.78,44.6,70.26,70.1,80.25,80,77.23,70.11,53.94,55.65,111.3,33.61,79.35,-1.653,95.73,81.96,15.29,1.524,71.45,4.711,0.7463,267.5,214.7,7.4,6,37.4,32.7,86,97.3,9.2,41.4,4,107.5,21.5,64.6,82,79,16.65,4.254,6.586,20,0,113.1,110.3,140.4,107.4,10,10.8,80,100,100,87.52,57,56,58,55.57,63.68,67.42,61.5,99.36,62.07,-8.783,10.699999999999996,9.989999999999997,Normal,100,39
29900,44,55.48,55.6,44.78,44.8,70.26,70,80.25,80,77.27,70.11,53.94,55.65,111.1,33.11,79.69,-1.65,96.01,82.2,15.34,1.529,71.15,4.744,0.7411,267,215.3,7.4,6.1,37.2,32.7,86,97.3,9.3,41.2,3.8,107.7,21.7,64.6,82,79,17.92,4.587,6.586,20,0,113.1,110.5,139,105.8,10,10.8,80,100,100,87.38,57,56,58,55.57,63.68,67.42,61.5,97.86,62.25,-8.407,10.699999999999996,9.989999999999997,Normal,100,39
29900,44,55.48,55.6,44.82,44.8,70.22,70,80.21,80,77.23,70.11,53.94,55.65,111,33.07,79.15,-1.192,95.84,82,15.37,1.532,71.33,4.724,0.7443,266.8,215.8,7.2,6.3,37.4,32.7,86.3,97.8,9.5,41.4,4.2,107.7,21.2,64.3,82,79,17.91,4.588,6.586,20,0,113.1,110.3,139.9,106.7,9.9,10.8,80,100,100,87.25,57,56,58,55.57,63.73,67.46,61.5,97.28,61.95,-9.601,10.659999999999997,9.989999999999997,Normal,100,39
29900,44,55.48,55.8,44.82,44.6,70.26,70.1,80.25,80,77.19,70.11,53.94,55.65,110.6,33.85,78.39,-1.642,95.54,81.74,15.32,1.527,71.24,4.715,0.7457,265.8,215.1,7.4,6.3,37.2,32.5,86.3,97.8,8.9,41.2,3.8,107.5,21.8,64.3,82,79,18.27,4.698,6.586,20,0,112.9,110.3,138.5,105.5,10,11.2,80,100,100,87.11,57,56,58,55.61,63.73,67.46,61.5,100.1,61.76,-11.35,10.659999999999997,9.989999999999997,Normal,100,39
29900,44,55.48,55.6,44.82,44.8,70.22,70.1,80.25,80,77.23,70.11,53.94,55.65,111.5,33.55,79.19,-1.193,95.7,81.88,15.35,1.53,71.27,4.721,0.7447,266.9,215.5,7.4,6.3,37.4,32.7,86,97.3,9.2,41.2,4,107.5,21.7,65.1,82,79,15.57,3.971,6.586,20,0,113.1,110.5,139,105.6,9.9,10.8,80,100,100,86.98,57,56,58,55.57,63.73,67.5,61.5,98.66,61.44,-9.071,10.659999999999997,10.03,Normal,100,39
30000,44,55.52,55.6,44.82,44.8,70.22,70,80.21,80,77.23,70.11,53.94,55.65,110.4,32.87,78.68,-1.185,96.04,81.86,15.34,1.162,71.52,4.722,0.7446,265.2,215.4,7.6,6,37.2,32.5,86,97.3,9.5,41.2,4,107.5,21.5,65.3,82,79,21.15,5.45,6.586,20,0,112.7,110.3,139.9,106.4,10,11,80,100,100,86.85,57,56,58,55.57,63.68,67.5,61.5,97.18,61.42,-10.73,10.700000000000005,9.989999999999997,Normal,100,39
30000,44,55.52,55.6,44.82,44.8,70.22,70.1,80.25,80,77.23,70.11,53.94,55.69,110.9,33.35,78.72,-1.186,95.56,81.45,15.63,1.522,71.21,4.718,0.7452,265.3,214.3,7.6,6.3,37.2,32.5,86.3,97.8,9.2,41.2,4,107.7,21.5,64.6,82,79,17.32,4.443,6.586,20,0,112.9,110.3,139.9,106.5,9.9,10.8,80,100,100,86.71,57,56,58,55.57,63.73,67.5,61.54,98.08,63.01,-9.179,10.700000000000005,10.03,Normal,100,39
30000,44,55.48,55.6,44.82,44.8,70.22,70,80.21,80,77.23,70.11,53.94,55.69,110.9,33.04,79.07,-1.191,95.62,81.81,15.7,1.896,71.26,4.718,0.7453,266.5,215.3,7.4,6.4,37.4,32.7,86,97.8,9.2,41.2,3.8,107.5,21.5,65.3,82,79,17.46,4.477,6.586,20,0,112.7,110.1,138,105.1,9.9,10.8,80,100,100,86.58,57,56,58,55.57,63.68,67.5,61.54,97.67,63.29,-9.234,10.659999999999997,9.989999999999997,Normal,100,39
30000,44,55.48,55.8,44.82,44.8,70.22,70,80.25,80,77.23,70.11,53.94,55.69,111.3,33.48,79.04,-1.191,95.62,81.81,15.7,1.896,71.45,4.705,0.7472,266.4,215.3,7.6,6.3,37.2,32.5,86.3,97.8,9.2,41.2,4,107.7,21.4,64.6,82,79,16.19,4.136,6.586,20,0,112.9,110.1,139.9,106.5,9.9,11.2,80,100,100,86.44,57,56,58,55.61,63.73,67.5,61.54,98.97,63.29,-9.33,10.659999999999997,10.03,Normal,100,39
30000,44,55.52,55.8,44.82,44.8,70.22,70,80.21,80,77.23,70.11,53.94,55.69,111.1,33.1,79.21,-1.193,95.62,81.5,15.64,1.523,71.32,4.714,0.7458,267,214.4,7.6,6.3,37.2,32.5,86.3,97.8,9.5,41.2,3.8,107.5,21.4,64.6,82,79,16.81,4.302,6.586,20,0,112.9,110.3,137,103.8,10,11,80,100,100,86.31,57,56,58,55.57,63.73,67.46,61.54,97.35,63.48,-7.696,10.700000000000005,9.989999999999997,Normal,100,39
30000,44,55.52,55.8,44.82,44.8,70.22,70,80.21,80,77.23,70.11,53.94,55.69,111.2,33.13,79.29,-1.194,95.93,81.77,15.69,1.528,71.25,4.734,0.7427,267.2,215.1,7.4,6.1,37.4,32.7,86,97.3,9.2,41.2,3.8,107.5,21.7,64.6,84,80,17.49,4.474,6.496,20,0,112.9,110.1,139.4,106,9.8,11,80,100,100,86.17,57,56,58,55.52,63.73,67.42,61.54,96.95,64.14,-8.359,10.700000000000005,9.989999999999997,Normal,100,39
30000,44,55.52,55.6,44.86,44.8,70.22,70,80.25,80,77.23,70.11,53.98,55.69,111,33.37,78.78,-1.187,95.51,81.72,15.32,1.527,71.26,4.712,0.7461,265.5,215,7.2,6,37.6,32.9,86,97.3,9.3,41.4,4,107.7,21.5,64.1,82,79,16.96,4.348,6.586,20,0,112.9,110.1,138.5,105.6,9.9,11,80,100,100,86.04,57,56,58,55.57,63.68,67.38,61.54,98.64,63.04,-9.931,10.660000000000004,10.03,Normal,100,39
30000,44,55.52,55.6,44.86,44.8,70.22,70.1,80.21,80,77.23,70.11,53.98,55.69,110.3,32.85,78.62,-1.184,95.83,81.99,15.37,1.532,71.2,4.733,0.7429,265,215.7,7.6,6,37.2,32.5,86,97.3,9.3,41.2,4,107.7,21.2,64.6,84,80,20.35,5.248,6.496,20,0,112.7,110.3,136,102.6,10,10.8,80,100,100,85.91,57,56,58,55.57,63.73,67.42,61.54,96.62,62.81,-11.36,10.660000000000004,9.989999999999997,Normal,100,39
30000,44,55.52,55.5,44.86,44.8,70.22,70,80.25,80,77.23,70.11,53.98,55.69,110.9,33.35,78.74,-1.186,95.45,81.67,15.31,1.526,71.35,4.704,0.7474,265.4,214.9,7.4,6,37.4,32.7,86,97.3,9.2,41.4,4.2,107.5,21.7,64.8,82,79,17.01,4.362,6.586,20,0,112.7,110.1,139,105.5,10,10.7,80,100,100,85.77,57,56,58,55.57,63.68,67.38,61.54,98.6,63,-9.879,10.660000000000004,10.03,Normal,100,39
30000,44,55.52,55.8,44.86,44.8,70.22,70.1,80.25,79.9,77.23,70.11,53.98,55.73,111.1,33.41,78.86,-1.188,95.72,81.9,15.72,1.898,71.35,4.717,0.7454,265.8,215.5,7.6,6.1,37.4,32.7,86,97.3,9,41.2,4,107.5,21.7,65.1,84,80,17.34,4.441,6.496,20,0,112.4,110.1,139.4,106,9.8,11,80,100,100,85.64,57,56,58,55.57,63.68,67.42,61.5,98.75,63.79,-10.24,10.660000000000004,10.03,Normal,100,39
31900,44,51.3,51.4,44.41,44.4,64.98,64.8,71.32,71.1,69.99,63.48,51.12,51.47,71.45,15.06,73.27,-16.89,61.93,60.24,3.221,1.531,47.17,4.617,0.7616,270.3,215.6,6.7,4.2,37.7,33,75.3,79.4,6.3,42.2,4.6,105.5,30,46,53,51,13.71,5.456,9.433,20,0,109.2,106.9,133.5,100,6.4,7.1,40.25,0,100,65,51,56,48,55.77,62.78,52.84,52.25,51.55,77.31,48.06,6.890000000000001,6.339999999999989,Normal,100,40
31900,44,51.3,51.4,44.41,44.3,64.98,64.8,71.32,71.1,70.03,63.44,51.12,51.43,71.3,14.57,74.04,-17.31,61.91,60.22,2.852,1.162,47.16,4.616,0.7616,269.7,215.6,6.8,3.9,37.6,32.9,75,78.9,6.1,42.2,4.6,105.3,30.3,46.7,53,51,14.17,5.652,9.433,20,0,109,106.9,135,100.3,6.1,7.1,40.39,0,100,65,51,56,48,55.81,62.82,52.84,52.29,49.86,68.46,50.31,6.890000000000001,6.339999999999989,Normal,100,40
31900,44,51.3,51.4,44.41,44.4,64.98,64.8,71.32,71.1,70.03,63.48,51.16,51.47,71.26,14.56,73.53,-16.84,61.83,60.51,2.849,1.528,47.1,4.616,0.7617,269.5,215.3,6.7,3.9,37.6,32.9,75,78.9,6.3,42.2,4.6,105.5,30.5,46,53,51,13.97,5.577,9.433,20,0,109.2,106.9,133,99.3,6.3,7.1,40.53,0,100,65,51,56,48,55.81,62.82,52.84,52.25,49.83,68.37,47.73,6.890000000000001,6.339999999999989,Normal,100,40
32000,44,51.3,51.4,44.41,44.3,64.98,64.8,71.32,71.1,70.03,63.52,51.12,51.47,71.17,14.55,72.99,-16.36,61.82,60.13,3.215,1.528,47.14,4.611,0.7626,269.2,215.2,6.7,3.9,37.7,33,75,78.9,6.1,42.2,4.5,105.3,30.3,45.9,53,51,14.25,5.694,9.433,20,0,109,106.9,133,99.2,6.1,7,40.67,0,100,65,51,56,48,55.81,62.87,52.88,52.29,49.48,77.16,47.43,6.890000000000001,6.339999999999989,Normal,100,40
32000,44,51.3,51.4,44.41,44.4,64.98,64.8,71.32,71.1,70.03,63.52,51.12,51.47,71.05,14.52,72.86,-16.33,61.89,60.2,3.219,1.53,47.13,4.617,0.7616,268.8,215.5,6.8,3.9,37.6,32.9,75,78.9,6.6,42.2,4.6,105.5,30.3,46,53,51,14.95,5.983,9.433,20,0,109.2,106.7,134.5,100,6.3,7,40.81,0,100,65,51,56,48,55.81,62.87,52.92,52.29,49.4,77.26,46.69,6.890000000000001,6.339999999999989,Normal,100,40
32000,44,51.3,51.4,44.41,44.3,65.02,64.8,71.32,71.1,70.07,63.52,51.16,51.52,70.63,14.07,73.37,-16.8,61.76,60.44,3.212,1.893,47.13,4.607,0.7632,268.9,215,6.6,3.9,37.7,33,75,78.9,6.4,42.2,4.6,105.3,30.3,46.5,53,51,15.94,6.419,9.433,20,0,109,106.7,133.5,99.8,6.1,7.1,40.95,0,100,65,51,56,48,55.81,62.87,52.92,52.29,47.87,77.09,47.37,6.890000000000001,6.299999999999997,Normal,100,40
32000,44,51.3,51.4,44.41,44.3,65.02,65,71.32,70.9,70.07,63.52,51.16,51.47,70.62,14.07,73.35,-16.8,61.75,60.43,2.845,1.526,47.15,4.605,0.7635,268.9,215,7,4.4,37.6,32.7,75.3,79.4,6.6,42,4.6,105.5,30,46.5,53,51,15.96,6.428,9.433,20,0,109.2,106.9,133,99.2,6.2,7,41.09,0,100,65,51,56,51,55.77,62.87,52.92,52.33,47.58,68.27,47.36,6.890000000000001,6.299999999999997,Normal,100,40
32000,44,51.3,51.4,44.45,44.3,65.02,65,71.32,71.2,70.03,63.52,51.16,51.52,70.56,14.51,72.83,-16.79,61.57,60.25,3.221,1.899,47.15,4.591,0.7658,268.7,215.6,6.8,4.1,37.6,32.9,75.3,79.4,6.1,42.2,4.6,105.3,30.2,46.5,53,51,15.52,6.257,9.433,20,0,109,106.9,133,100.3,6.4,7.3,41.23,0,100,65,51,56,51,55.81,62.87,52.92,52.33,49.38,77.31,46.43,6.849999999999994,6.299999999999997,Normal,100,40
32000,44,51.3,51.6,44.45,44.4,65.02,64.8,71.36,71.1,70.07,63.52,51.16,51.52,70.94,14.5,73.21,-16.77,61.19,59.88,3.202,1.887,47.13,4.564,0.7703,268.3,214.3,6.8,3.9,37.6,32.9,75,78.9,6.4,42.2,4.6,105.5,30,46,53,51,12.86,5.155,9.433,20,0,109,106.9,133.5,100,6.1,7.2,41.37,0,100,65,51,56,48,55.81,62.87,52.92,52.33,49.32,76.84,48.87,6.849999999999994,6.340000000000003,Normal,100,40
32000,44,51.3,51.6,44.45,44.4,65.02,64.8,71.36,71.2,70.03,63.56,51.12,51.47,70.9,14.95,72.25,-16.3,61.24,59.56,3.204,1.523,47.12,4.569,0.7695,268.2,214.5,6.7,3.6,37.7,33,75.3,79.4,6.4,42.2,4.5,105.3,30.2,45.5,53,51,13.17,5.282,9.433,20,0,109,106.7,134,100,6.5,7.2,41.51,0,100,65,51,56,48,55.81,62.78,52.92,52.33,51.45,76.9,47.11,6.849999999999994,6.340000000000003,Normal,100,40
32000,44,51.34,51.6,44.45,44.3,65.02,65,71.36,70.9,70.03,63.52,51.16,51.47,71.21,15.01,73.02,-16.83,61.39,59.72,2.828,1.153,47.2,4.573,0.7689,269.4,213.7,6.6,4.4,37.7,33,75.3,79.4,6.4,42.2,4.5,105.3,30.2,45.9,53,51,12.7,5.072,9.433,20,0,109,106.9,132,98.2,5.9,7.2,41.65,0,100,65,51,56,51,55.81,62.74,52.92,52.33,51.98,67.88,49.08,6.890000000000001,6.340000000000003,Normal,100,40
32000,44,51.34,51.4,44.45,44.4,65.02,64.8,71.32,71.1,70.03,63.48,51.16,51.47,70.66,14.53,73.39,-17.27,62,60.31,2.856,1.165,47.18,4.621,0.7609,269,215.9,6.8,3.9,37.6,32.9,75,78.9,6.4,42.2,4.6,105.5,30.3,46,53,51,16.75,6.744,9.433,20,0,109,106.9,133.5,99.5,6.4,7,41.79,0,100,65,51,56,48,55.81,62.7,52.92,52.33,50.62,68.56,47.94,6.890000000000001,6.299999999999997,Normal,100,40
32000,44,51.3,51.4,44.45,44.4,65.02,64.8,71.32,71.1,69.99,63.48,51.16,51.52,71.09,15.09,73.38,-17.37,61.47,60.15,3.216,1.896,47.14,4.585,0.7669,270.7,215.3,6.6,4.2,37.4,33,75,78.9,6.1,42.2,4.7,105.5,30.5,46.5,53,51,13.31,5.324,9.433,20,0,109,106.7,134,100.2,6.1,7.1,41.93,0,100,65,51,56,48,55.81,62.74,52.92,52.33,52.23,77.19,48.8,6.849999999999994,6.299999999999997,Normal,100,40
36100,39,49.99,50.1,40.36,40.2,80.13,80,89.3,88.9,86.73,68.52,49.15,50.25,102.7,28.73,204,-130,87,79.38,9.889,2.278,79.04,3.87,0.9085,268.7,216.7,3.8,3.7,36.5,31.9,92.2,109.7,6.9,38,1.2,116,23.8,77.8,93,89,23.89,6.619,5.704,20,0,112,108.6,139.9,107.8,8.9,9.8,60,30,100,36,49,56,37,56.3,73.88,56.61,53.6,39.23,78.94,164.2,9.630000000000004,9.170000000000002,Normal,100,41
36100,39,50.03,50.1,40.36,40.2,80.13,79.9,89.3,89,86.73,68.52,49.19,50.25,102.6,28.71,203.8,-129.9,86.06,78.56,9.377,1.879,79.2,3.821,0.9203,268.5,213.4,3.6,3.5,36.5,31.9,92.5,109.2,7.4,38,1.7,116,23.5,77.5,94,90,21.03,5.829,5.618,20,0,112,108.6,140.4,107.8,9,9.9,60,30,100,36,49,56,37,56.26,73.92,56.61,53.6,39.02,74.85,165,9.670000000000002,9.170000000000002,Normal,100,41
36100,39,49.99,50,40.4,40.2,80.09,80,89.3,88.9,86.73,68.52,49.19,50.25,102.2,28.46,202.1,-128.4,85.58,78.43,9.405,2.25,79.38,3.791,0.9276,266.2,214,3.7,3.6,36.5,31.9,92.5,109.2,6.9,37.8,1.3,116.2,23.8,76.6,93,89,21.03,5.853,5.704,20,0,111.8,108.4,140.4,108.2,8.9,9.8,60,30,100,36,49,56,37,56.26,73.92,56.61,53.6,38.68,75.07,162.9,9.590000000000003,9.209999999999994,Normal,100,41
36100,39,49.99,50.1,40.36,40.1,80.09,80,89.3,89,86.77,68.52,49.15,50.25,103.2,28.29,204.6,-129.7,85.85,78.34,9.759,2.248,79.01,3.82,0.9203,268.9,213.8,4,3.6,36.3,31.7,92.2,109.2,7.1,37.8,1.5,116,23.5,77.3,94,90,18.01,4.963,5.618,20,0,112,108.6,140.9,108.2,8.9,9.8,60,30,100,36,49,56,37,56.26,73.92,56.61,53.6,38.45,77.9,165.9,9.630000000000004,9.209999999999994,Normal,100,41
36100,39,49.99,50,40.36,40,80.13,80,89.3,88.9,86.73,68.52,49.15,50.21,102.4,28.66,203.5,-129.7,86.07,78.54,9.419,1.888,79.16,3.823,0.9197,268.1,214.4,3.9,3.6,36.3,31.7,92.5,109.2,7.1,38,1.7,116,23.5,77.3,93,89,21.6,5.998,5.704,20,0,112,108.6,140.4,108.3,9,10,60,30,100,36,49,56,37,56.26,73.88,56.65,53.6,39.05,74.17,164.6,9.630000000000004,9.170000000000002,Normal,100,41
36100,39,49.99,50.1,40.36,40.2,80.13,80.2,89.3,89,86.73,68.52,49.15,50.21,102.4,28.64,203.4,-129.6,86.44,78.88,9.459,1.896,79.23,3.836,0.9166,267.9,215.3,3.3,3.5,36.7,32.1,92.5,109.2,7.2,37.7,1,116,23.2,76.6,93,89,23.26,6.462,5.704,20,0,112,108.6,139.9,107.7,9,10.1,60,30,100,36,49,56,41,56.22,73.92,56.61,53.6,38.84,75.5,164,9.630000000000004,9.170000000000002,Normal,100,41
36100,39,49.99,50,40.4,40.1,80.13,80.2,89.3,89,86.77,68.52,49.15,50.21,102.4,28.21,204,-129.7,86.24,78.66,9.477,1.9,79.23,3.827,0.9188,268.1,215.7,3.5,3.3,36.5,31.9,92.5,108.7,7.2,37.8,1.5,116,23.5,77,94,90,22.24,6.174,5.618,20,0,111.8,108.4,139.4,106.8,8.9,10,60,30,100,36,49,56,41,56.22,73.92,56.61,53.6,38.25,75.65,164.7,9.590000000000003,9.170000000000002,Normal,100,41
36200,39,49.99,50,40.36,40.2,80.13,80,89.26,89,86.73,68.47,49.15,50.21,101.7,28.14,203.5,-129.9,86.24,78.7,9.438,1.892,79.08,3.835,0.9169,267.4,214.8,3.9,3.5,36.5,31.9,92.5,109.2,7.2,37.8,1.5,116,23.5,76.5,93,89,24.62,6.884,5.704,20,0,111.8,108.6,139.4,106.7,9.1,9.8,60,30,100,36,49,56,37,56.22,73.92,56.61,53.56,38.15,74.32,164,9.630000000000004,9.13000000000001,Normal,100,41
36200,39,49.99,50.1,40.36,40.1,80.09,80.2,89.3,88.9,86.73,68.52,49.15,50.21,102.8,28.64,203.3,-129.1,86.61,79.03,9.478,1.9,79.25,3.842,0.9151,267.8,215.7,3.6,3.3,36.5,31.9,92.2,108.7,7.4,37.8,1.3,115.7,23.8,76.8,94,90,22.33,6.179,5.618,20,0,112,108.6,140.9,106.3,8.9,10,60,30,100,36,49,56,41,56.22,73.84,56.61,53.6,39.01,75.65,163.7,9.630000000000004,9.209999999999994,Normal,100,41
36200,39,49.95,50,40.36,40.2,80.13,80,89.26,88.9,86.73,68.47,49.15,50.16,101.7,28.12,203.3,-129.8,86.21,79,9.106,1.899,79.05,3.835,0.9169,267.3,215.6,3.7,3.5,36.5,31.9,92.5,109.2,7.4,38,1.7,116,23.5,77.5,93,89,24.67,6.901,5.704,20,0,111.8,108.4,141.4,108.8,9.1,9.8,60,30,100,36,49,56,37,56.26,73.76,56.65,53.6,38.58,71.71,163.5,9.590000000000003,9.13000000000001,Normal,100,41
36200,39,49.95,50.1,40.36,40.1,80.09,80,89.26,88.9,86.69,68.47,49.15,50.21,102.3,28.62,203.2,-129.6,86.02,78.83,9.454,2.262,79.11,3.823,0.9197,267.7,215.1,3.8,3.1,36.5,31.9,92,108.2,6.9,37.8,1.5,116,23.7,77,93,89,21.9,6.088,5.704,20,0,112,108.4,139.9,107.8,8.9,10,60,30,100,36,49,56,37,56.22,73.76,56.61,53.6,39.18,75.46,163.9,9.590000000000003,9.170000000000002,Normal,100,41
36200,39,49.99,50.1,40.36,40.1,80.09,80,89.3,88.9,86.69,68.47,49.15,50.21,103.3,29.24,204.3,-130.2,86.3,78.75,9.444,1.893,79.3,3.826,0.919,269.2,214.9,3.9,3.3,36.3,31.7,92.2,108.7,7.2,37.8,1.3,116,23.5,76.8,93,89,19.5,5.368,5.704,20,0,112,108.6,139.4,108.2,8.9,9.8,60,30,100,36,49,56,37,56.22,73.76,56.61,53.6,40.01,75.38,165.4,9.630000000000004,9.209999999999994,Normal,100,41
36200,39,49.99,50.1,40.36,40.2,80.09,80,89.26,88.9,86.69,68.47,49.15,50.21,102.4,28.64,203.3,-129.6,86.13,78.6,9.426,1.889,79.12,3.827,0.9186,267.9,214.5,3.7,3.6,36.5,31.9,92.5,109.2,7.4,37.8,1.5,116,23.5,77.5,93,89,22.08,6.136,5.704,20,0,111.8,108.6,139,106.6,8.9,9.9,60,30,100,36,49,56,37,56.22,73.76,56.61,53.6,39.2,75.24,164.3,9.630000000000004,9.170000000000002,Normal,100,41
36200,39,49.99,50.1,40.36,40.2,80.09,80,89.26,88.9,86.69,68.47,49.15,50.21,102.1,28.56,202.8,-129.3,86.37,78.81,9.451,1.895,79.05,3.842,0.9152,267.1,215.1,3.5,3.6,36.3,31.7,92.5,109.2,7.2,38,1.3,116,23.5,76.8,93,89,23.85,6.645,5.704,20,0,112,108.6,139.4,106.7,9,10.1,60,30,100,36,49,56,37,56.22,73.76,56.57,53.56,39.09,75.44,163.3,9.630000000000004,9.170000000000002,Normal,100,41
36200,39,49.99,50.1,40.32,40.2,80.09,80,89.26,89,86.73,68.47,49.15,50.21,102.1,28.12,203.4,-129.4,86.73,79.18,9.451,1.895,79.2,3.851,0.9131,267.3,215.1,3.8,3.2,36.3,31.7,92.2,108.7,7.4,37.8,1.5,116,23.8,76.8,93,89,25.03,6.97,5.704,20,0,112,108.4,141.4,107.2,9,9.8,60,30,100,36,49,56,37,56.26,73.84,56.53,53.56,38.4,76.48,163.2,9.670000000000002,9.170000000000002,Normal,100,41
36200,39,49.95,50.1,40.36,40.1,80.09,80,89.3,89,86.73,68.47,49.15,50.16,102.5,28.54,203.1,-129.2,85.99,78.8,9.083,1.894,79.08,3.823,0.9196,267,215.1,3.8,3.5,36.3,31.7,92.5,109.2,7.4,37.8,1.3,115.7,23.7,77,93,89,21.19,5.882,5.704,20,0,111.8,108.6,141.4,108.7,8.8,10,60,30,100,36,49,56,37,56.22,73.84,56.57,53.56,38.88,72.5,163.4,9.590000000000003,9.209999999999994,Normal,100,41
36200,39,49.95,50.1,40.32,40.2,80.09,80,89.26,88.9,86.73,68.47,49.15,50.21,101.9,28.06,202.9,-129,85.78,78.64,9.387,2.246,79.05,3.816,0.9214,266.7,213.6,3.4,3.3,36.5,32.1,92.5,109.2,7.1,38,1.3,116,23.5,77,93,89,22.4,6.252,5.704,20,0,111.8,108.4,137,104.8,8.9,10,60,30,100,36,49,56,37,56.22,73.88,56.53,53.56,38.13,75.97,163.3,9.630000000000004,9.170000000000002,Normal,100,41
36300,39,49.99,50,40.36,40.2,80.09,80,89.26,89,86.73,68.47,49.11,50.21,102.5,28.23,204.1,-129.8,85.95,78.07,9.772,1.886,79.2,3.816,0.9214,268.3,214.1,3.9,3.5,36.3,31.7,92.5,109.2,7.2,38,1.5,116.2,23.5,77.3,93,89,20.99,5.824,5.704,20,0,111.8,108.6,141.4,109.3,9,9.9,60,30,100,36,49,56,37,56.22,73.88,56.53,53.56,38.36,79.07,165.7,9.630000000000004,9.170000000000002,Normal,100,41
36300,39,49.95,50.1,40.36,40.2,80.09,80.2,89.26,88.9,86.73,68.47,49.11,50.21,102.7,28.28,204.5,-130.1,85.26,77.76,9.733,2.242,79.14,3.788,0.9283,268.8,213.2,3.9,3.3,36.3,31.7,92.2,108.7,7.4,38,1.7,115.7,23.3,77.3,93,89,17.81,4.933,5.704,20,0,111.8,108.6,140.9,108.3,8.9,9.9,60,30,100,36,49,56,41,56.22,73.92,56.57,53.56,38.34,77.69,166.6,9.590000000000003,9.170000000000002,Normal,100,41
36300,39,49.95,50.1,40.36,40.2,80.09,80,89.3,89,86.73,68.47,49.15,50.21,103,28.7,204.2,-129.9,86.68,79.43,9.526,2.279,79.18,3.849,0.9134,268.4,216.8,3.8,3.5,36.7,31.9,92.5,109.2,7.4,38,1.5,116,23.5,77.5,93,89,21.74,6.001,5.704,20,0,112,108.6,141.4,109.2,8.8,9.8,60,30,100,36,49,56,37,56.22,73.96,56.57,53.56,38.82,76.04,164,9.590000000000003,9.209999999999994,Normal,100,41
36500,40,49.99,50.1,40.4,40.2,80.17,80,89.3,89,86.77,68.56,49.15,50.25,101.6,28.09,202.6,-129.2,85.91,78.36,9.808,2.259,77.95,3.875,0.9073,267,214.9,3.7,4.2,36.5,31.9,93.2,110.7,7.9,38,1.3,116,22.8,78.6,90,86,22.97,6.433,5.964,20,0,112,108.6,135,102.4,8.8,9.9,50,0,100,23,49,56,25,56.26,73.92,56.77,53.68,38.17,76.21,163.7,9.590000000000003,9.129999999999995,Normal,100,42
39200,40,43.97,44.1,40.4,40.2,80.09,80,83.89,83.5,82.56,54.06,43.83,44.19,42.68,15,319.5,-291.9,32.25,30.92,3.232,1.905,43.95,2.58,1.363,269.1,216.4,3,2.5,37.4,32.7,86,97.3,4.7,40.1,2.7,131.5,46,64.6,50,48,7.268,4.843,9.8,20,0,114.2,109.6,135.5,101.3,3.5,3.7,20,0,100,8,49,56,21,56.67,75.35,45.39,44.96,19.27,77.58,243.1,3.5700000000000003,3.799999999999997,Normal,100,43
39200,40,43.97,43.9,40.4,40.2,80.09,79.9,83.85,83.8,82.56,54.06,43.87,44.19,42.25,14.55,319.8,-292.1,32.12,31.17,2.852,1.898,43.98,2.568,1.369,269.3,215.5,2.8,2.2,37.4,32.7,86.3,97.3,5,40.1,2.7,131.5,45.4,64.6,50,48,8.36,5.627,9.8,20,0,114,109.4,137,103.3,3.8,3.7,20,0,100,8,49,56,21,56.63,75.35,45.39,45,18.65,68.45,243.1,3.5700000000000003,3.759999999999991,Normal,100,43
39200,40,43.97,44.1,40.4,40.2,80.09,80.2,83.85,83.7,82.56,54.06,43.87,44.19,42.34,14.58,320.4,-292.7,32.02,31.07,2.843,1.892,43.96,2.561,1.373,269.9,214.8,2.6,2.3,37.6,32.9,86,97.3,4.7,40.1,2.7,131.7,45.7,64.9,50,48,7.68,5.159,9.8,20,0,114,109.6,138.5,104.5,3.7,3.9,20,0,100,8,49,56,25,56.67,75.39,45.35,44.96,18.69,68.23,243.7,3.5700000000000003,3.759999999999991,Normal,100,43
39200,40,43.97,43.9,40.44,40.2,80.09,80.2,83.89,83.7,82.64,54.06,43.87,44.23,42.9,14.15,322.1,-293.4,31.64,30.69,3.207,2.257,43.95,2.531,1.389,270.5,214.7,2.8,2,37.4,32.7,85.7,96.8,4.7,39.9,2.5,131.7,45.7,63.9,50,48,4.354,2.886,9.8,20,0,114.2,109.8,136.5,102.7,3.7,3.7,20,0,100,8,49,56,25,56.67,75.52,45.39,45,18.02,76.98,244.7,3.530000000000001,3.799999999999997,Normal,100,43
39200,40,44.02,44.1,40.4,40.2,80.13,80,83.89,83.8,82.64,54.06,43.87,44.23,42.45,14.16,322.2,-293.9,32.47,31.15,3.218,1.897,43.96,2.597,1.354,270.6,215.4,2.8,2.2,37.4,32.7,85.7,97.3,4.5,40.1,2.5,131.7,45.8,64.4,50,48,8.868,5.941,9.8,20,0,114,109.6,138.5,105,3.9,3.9,20,0,100,8,49,56,21,56.67,75.6,45.39,45,17.95,77.22,244.5,3.620000000000005,3.760000000000005,Normal,100,43
39200,40,44.02,44.1,40.44,40.2,80.09,79.9,83.89,83.5,82.6,54.06,43.87,44.19,42.81,14.58,321,-292.7,31.95,30.64,2.837,1.523,43.94,2.557,1.375,270,214.4,2.8,2.5,37.4,32.7,86,97.3,4.5,39.9,2.5,131.7,46,63.4,50,48,5.764,3.829,9.8,20,0,114.2,109.6,136.5,102.8,3.6,3.9,20,0,100,8,49,56,21,56.67,75.56,45.39,44.96,18.53,68.09,244.2,3.5800000000000054,3.799999999999997,Normal,100,43
39200,40,44.02,44.1,40.44,40.2,80.09,80,83.85,83.7,82.56,54.06,43.87,44.19,42.26,14.55,319.8,-292.1,32.06,30.74,2.846,1.528,43.92,2.567,1.37,269.4,215.1,3,2.3,37.4,32.7,86,97.3,4.7,39.9,2.5,131.7,45.7,64.6,50,48,8.047,5.415,9.8,20,0,114.2,109.8,136.5,102.8,3.8,3.7,20,0,100,8,49,56,21,56.67,75.44,45.35,44.96,18.61,68.31,243.5,3.5800000000000054,3.759999999999991,Normal,100,43
39200,40,44.02,44.1,40.44,40.2,80.09,80,83.85,83.7,82.56,54.06,43.87,44.19,42.55,14.65,322,-294.1,32.05,30.73,2.846,1.527,43.95,2.564,1.371,271.2,215.1,2.8,1.8,37.4,32.7,85.5,96.3,4.2,40.1,2.7,131.7,46.2,63.6,50,48,7.042,4.707,9.8,20,0,114.5,109.8,137,103.2,3.7,3.9,20,0,100,8,49,56,21,56.67,75.27,45.35,45,18.91,68.3,245.3,3.5800000000000054,3.759999999999991,Normal,100,43
39300,40,44.02,44.1,40.44,40.2,80.09,80,83.81,83.7,82.56,54.06,43.87,44.19,42.01,14.16,321.4,-293.6,32.09,30.77,2.849,1.529,43.95,2.567,1.369,270.7,215.3,3,2.3,37.6,32.9,86,97.3,4.5,40.1,2.7,131.5,45.7,64.1,50,48,9.084,6.15,9.8,20,0,114.2,109.6,139,105,3.7,3.7,20,0,100,8,49,56,21,56.67,75.23,45.39,45,18.32,68.39,244.8,3.5800000000000054,3.719999999999999,Normal,100,43
39300,40,43.97,44.1,40.4,40.4,79.96,79.9,83.81,83.7,82.56,54.1,43.87,44.23,43.22,14.11,319.7,-290.6,31.89,30.94,3.196,2.249,43.93,2.552,1.378,269.6,214,3,2,37.4,32.7,85.7,96.8,4.8,40.1,2.7,131.7,46.3,64.6,50,48,4.091,2.692,9.8,20,0,114.2,109.6,138,101.5,3.7,3.9,20,0,100,8,49,56,21,56.67,75.23,45.39,45,18.24,76.7,243.5,3.5700000000000003,3.850000000000009,Normal,100,43
39300,40,43.97,43.9,40.44,40.4,80.09,80,83.85,83.7,82.56,54.06,43.87,44.19,42.43,14.61,321.1,-293.3,31.74,30.79,2.851,1.897,44,2.537,1.386,270.5,215.4,2.8,2.3,37.4,32.7,86,97.3,5.1,40.1,2.7,131.7,45.4,64.6,50,48,6.394,4.285,9.8,20,0,114.2,109.6,137,103.3,3.7,3.7,20,0,100,8,49,56,21,56.67,75.31,45.39,45,18.81,68.42,244.6,3.530000000000001,3.759999999999991,Normal,100,43
39300,40,44.02,44.1,40.44,40.4,80.09,79.9,83.85,83.7,82.52,54.06,43.87,44.19,42.48,15.09,321,-293.6,32.06,30.74,2.847,1.528,43.92,2.567,1.37,270.8,215.1,3,2.3,37.6,32.7,86,97.3,4.7,40.1,2.7,131.7,45.7,64.6,50,48,7.283,4.876,9.8,20,0,114.2,109.6,136.5,102.5,3.8,3.7,20,0,100,8,49,56,21,56.67,75.35,45.39,45,19.39,68.32,244.9,3.5800000000000054,3.759999999999991,Normal,100,43
39300,40,44.02,44.1,40.44,40.2,80.09,80,83.85,83.7,82.52,54.06,43.87,44.19,42.57,15.12,321.7,-294.2,32.02,30.7,2.843,1.526,43.96,2.561,1.373,271.3,214.9,3,2.5,37.4,32.7,86,97.3,4.7,40.1,2.7,131.7,46,65.1,50,48,6.881,4.598,9.8,20,0,114.2,109.6,136.5,102.7,3.7,3.7,20,0,100,8,49,56,21,56.71,75.39,45.39,45,19.43,68.24,245.4,3.5800000000000054,3.759999999999991,Normal,100,43
39300,40,43.97,44.1,40.44,40.4,80.09,80,83.85,83.7,82.56,54.06,43.87,44.23,42.44,14.62,321.2,-293.4,31.73,30.77,3.216,2.263,43.94,2.539,1.385,270.5,215.3,2.6,2.3,37.6,32.9,86,97.3,4.8,39.9,2.5,131.5,46,63.9,50,48,6.271,4.202,9.8,20,0,114.2,109.8,138,104.2,3.8,3.9,20,0,100,8,49,56,21,56.71,75.44,45.39,45,18.73,77.2,244.6,3.530000000000001,3.759999999999991,Normal,100,43
39300,40,44.02,44.1,40.44,40.2,80.09,79.9,83.85,83.7,82.56,54.06,43.87,44.19,42.39,14.6,320.8,-293,31.94,30.63,2.836,1.522,43.92,2.557,1.375,270.2,214.3,2.8,2,37.4,32.7,86,97.3,4.7,40.1,2.5,131.7,46,63.9,50,48,7.187,4.822,9.8,20,0,114.5,109.8,138,104,3.8,3.9,20,0,100,8,49,56,21,56.67,75.48,45.35,44.96,18.63,68.06,244.4,3.5800000000000054,3.759999999999991,Normal,100,43
39300,40,44.02,44.1,40.44,40.2,80.09,80,83.85,83.5,82.56,54.06,43.87,44.19,42.4,14.6,320.9,-293.1,32.03,30.71,2.844,1.526,43.97,2.561,1.373,270.3,214.9,2.6,2.5,37.6,32.9,86,97.3,4.8,40.1,2.5,131.7,45.7,64.4,50,48,7.496,5.028,9.8,20,0,114.2,109.8,137,77.6,3.5,3.7,20,0,100,8,49,56,21,56.71,75.52,45.39,44.96,18.64,68.25,244.4,3.5800000000000054,3.759999999999991,Normal,100,43
39300,40,43.97,44.1,40.44,40.4,80.09,79.9,83.85,83.5,82.6,54.06,43.87,44.23,42.35,14.12,321,-292.7,31.75,30.8,3.219,2.265,43.99,2.538,1.385,270,215.5,3,2.5,37.4,32.7,86,97.3,4.5,40.1,2.7,132,46.3,64.1,50,48,6.727,4.518,9.8,20,0,114.5,109.8,136.5,103,3.6,3.7,20,0,100,8,49,56,21,56.67,75.48,45.39,45,18.02,77.26,244.1,3.530000000000001,3.759999999999991,Normal,100,43
39300,40,44.02,44.1,40.44,40.2,80.09,80,83.89,83.8,82.6,54.06,43.87,44.23,42.97,14.64,322.1,-293.8,31.95,30.64,3.202,1.888,44,2.553,1.377,270.9,214.4,2.8,2.5,37.6,32.7,86.3,97.8,5,40.1,2.7,132,45.4,65.1,50,48,5.264,3.484,9.8,20,0,114.5,109.6,135.5,102,3.8,3.9,20,0,100,8,49,56,21,56.67,75.52,45.43,45,18.64,76.85,245.2,3.5800000000000054,3.799999999999997,Normal,100,43
39400,40,44.02,43.9,40.44,40.2,80.09,80,83.89,83.8,82.6,54.1,43.87,44.23,42.76,14.57,320.1,-291.9,32.21,30.89,3.228,1.903,43.98,2.575,1.365,269.6,216.1,3,2,37.4,32.7,85.7,96.8,4.4,39.9,2.5,131.7,46.3,63.9,50,48,6.883,4.578,9.8,20,0,114.2,109.6,136,102.2,3.8,3.5,20,0,100,8,49,56,21,56.71,75.52,45.43,45.04,18.59,77.48,243.6,3.5800000000000054,3.799999999999997,Normal,100,43
39400,40,44.02,44.1,40.44,40.2,80.09,80,83.89,83.7,82.6,54.1,43.87,44.23,42.9,14.61,321.2,-292.9,32.05,30.73,3.212,1.893,43.96,2.563,1.372,270.5,215,2.8,2.3,37.6,32.9,86,97.3,4.5,40.1,2.7,131.7,46,64.6,50,48,5.808,3.851,9.8,20,0,114.5,109.8,138,104.2,3.7,3.7,20,0,100,8,49,56,21,56.71,75.52,45.43,45.04,18.65,77.08,244.6,3.5800000000000054,3.799999999999997,Normal,100,43
39400,40,44.02,44.1,40.44,40.2,80.13,80,83.89,83.7,82.6,54.1,43.87,44.23,42.27,14.56,319.9,-292.2,32.03,30.71,3.21,1.892,43.95,2.562,1.372,269.4,214.9,3,2.3,37.4,32.7,86,97.3,4.7,39.9,2.5,131.7,45.7,64.4,50,48,7.954,5.352,9.8,20,0,114.5,109.8,138,103.8,3.7,3.7,20,0,100,8,49,56,21,56.67,75.52,45.43,45,18.54,77.04,243.6,3.5800000000000054,3.760000000000005,Normal,100,43
39400,40,44.02,44.1,40.44,40.4,80.09,80,83.89,83.8,82.6,54.1,43.91,44.23,42.92,14.62,321.3,-293,32.06,31.11,2.846,1.894,43.99,2.563,1.372,270.6,215.1,2.8,2.5,37.6,32.9,86.3,97.8,4.8,40.1,2.7,131.7,45.7,64.4,50,48,5.797,3.842,9.8,20,0,114.7,109.8,137,103.3,3.8,3.9,20,0,100,8,49,56,21,56.71,75.56,45.43,45.04,18.62,68.3,244.4,3.5800000000000054,3.799999999999997,Normal,100,43
39400,40,44.02,44.1,40.44,40.4,80.13,80,83.89,83.7,82.64,54.1,43.87,44.27,42.54,14.19,322.4,-294.1,31.91,30.6,3.564,2.251,43.97,2.552,1.378,271.2,214.1,2.8,2,37.6,32.9,85.7,96.8,4.7,40.1,2.7,131.7,45.7,64.1,50,48,6.599,4.412,9.8,20,0,114.5,110.1,137,103,3.5,3.7,20,0,100,8,49,56,21,56.71,75.52,45.43,45.04,18.11,85.53,245.4,3.5800000000000054,3.760000000000005,Normal,100,43
39400,40,44.06,44.1,40.44,40.4,80.13,80,83.89,83.7,82.6,54.1,43.87,44.23,42.42,14.61,321,-293.2,32.16,30.48,3.186,1.514,43.99,2.57,1.368,270.4,213.3,2.8,1.9,37.6,32.9,85.7,96.8,4.4,40.1,2.5,132,46.3,63.9,50,48,7.909,5.303,9.8,20,0,114.5,109.8,138,104,3.7,3.7,20,0,100,8,49,56,21,56.71,75.56,45.43,45.04,18.6,76.47,244.7,3.620000000000005,3.760000000000005,Normal,100,43
39400,40,44.06,44.3,40.44,40.4,80.13,80,83.89,83.8,82.6,54.06,43.87,44.27,42.51,14.64,322.2,-294.3,32.6,30.91,3.599,1.904,43.94,2.609,1.348,271,216.3,2.8,2,37.4,32.7,85.7,96.8,5,40.1,2.7,131.7,45.4,64.1,50,48,9.085,6.078,9.8,20,0,114.5,110.1,138,104,3.7,4.1,20,0,100,8,49,56,21,56.71,75.56,45.43,45.04,18.64,86.39,245,3.620000000000005,3.760000000000005,Normal,100,43
39400,40,44.06,44.1,40.44,40.4,80.13,80,83.89,83.7,82.64,54.06,43.91,44.23,42.48,14.17,322.4,-294.1,32.22,30.91,2.828,1.517,43.97,2.576,1.365,270.8,213.7,3,2.6,37.4,32.7,86.3,97.8,4.7,40.1,2.5,132,45.7,64.1,50,48,7.874,5.271,9.8,20,0,114.5,110.1,137,103.3,3.7,3.7,20,0,100,8,49,56,21,56.71,75.56,45.43,45.04,18.04,67.86,244.9,3.620000000000005,3.760000000000005,Normal,100,43
45500,39,43.57,43.6,40.52,40.4,68.42,68.1,71.57,71.4,70.52,51.73,43.46,43.78,35.46,11.83,211.5,-187.9,27.19,26.24,2.836,1.887,35.25,2.713,1.296,270.1,214.3,2.4,2,38,33.2,73.2,76,3.4,40.4,2.4,125.5,52,43.3,40,39,6.16,4.941,11.04,20,0,113.6,109.8,132.5,98.3,3.5,3.2,30,0,100,21.38,48.07,56,25,56.22,64.54,44.53,44.35,34.11,68.06,236.6,3.049999999999997,3.1499999999999915,Normal,100,44
45500,39,43.52,43.8,40.52,40.4,68.38,67.9,71.57,71.4,70.56,51.73,43.46,43.82,35.88,11.35,211.7,-187.2,26.8,26.22,3.199,2.617,38.62,2.44,1.441,269.8,214.2,3.3,2.4,37.1,32.4,73.8,77,4.7,40.2,2.8,125.2,51.4,45,43,41,6.7,5.311,10.74,20,0,113.3,109.8,133,99.5,3.6,3.4,30,0,100,22.76,48.14,56,25,56.26,64.54,44.9,44.35,32.9,76.77,236.4,3,3.1899999999999977,Normal,100,45
50800,40,43.03,43,40.11,40.1,60.76,60.6,63.79,63.7,62.86,50.66,43.05,43.29,34.12,10.46,137.4,-113.8,26.18,26.33,2.112,2.261,31.98,2.879,1.221,270.4,215.1,3.4,1.9,36.5,31.9,65.6,65.1,3.1,39.9,3.4,119.5,53.6,33.2,37,36,4.064,3.388,11.53,20,0,110.9,107.3,127.5,94.5,3.1,3.1,25,0,100,22,47,56,60,55.69,58.16,43.55,43.53,101.7,50.7,218.6,2.9200000000000017,3.030000000000001,Normal,100,46
50800,40,43.03,43,40.07,40.1,60.8,60.6,63.79,63.6,62.9,50.66,43.05,43.29,33.79,10.03,138.4,-114.7,26.56,26.71,2.114,2.262,31.98,2.921,1.204,271.5,215.2,3.6,2,36.5,31.9,65.6,65.1,3.1,39.9,3.4,119.2,53.9,32.7,37,36,6.586,5.544,11.53,20,0,110.7,107.5,127,94.8,3,3.1,25,0,100,22,47,56,60,55.69,58.16,43.51,43.53,97.56,50.73,219.1,2.960000000000001,2.990000000000002,Normal,100,46
50800,40,43.03,42.9,40.07,40.1,60.8,60.6,63.79,63.7,62.86,50.66,43.05,43.29,33.81,10.5,138.1,-114.8,26.43,26.57,2.103,2.25,31.94,2.909,1.209,271.6,214.1,3.2,2,36.7,32.1,65.6,65.1,3.5,39.8,3.1,119.5,53.2,33,37,36,5.986,5.036,11.53,20,0,110.9,107.7,127,94.1,2.8,3,25,0,100,22,47,56,60,55.69,58.16,43.51,43.53,102.1,50.46,219.4,2.960000000000001,2.990000000000002,Normal,100,46
50800,40,43.03,42.9,40.07,39.9,60.8,60.6,63.83,63.7,62.9,50.66,43.09,43.29,34.17,10.47,138.1,-114.4,26.39,26.91,1.735,2.248,31.98,2.902,1.211,270.8,213.8,3.6,1.5,36.5,31.9,65.2,64.6,3.1,39.9,3.4,119.2,54,33.2,37,36,4.644,3.866,11.53,20,0,111.1,107.7,127.5,94.6,2.9,2.8,25,0,100,22,47,56,60,55.69,58.16,43.51,43.57,101.8,41.63,218.1,2.960000000000001,3.030000000000001,Normal,100,46
50800,40,43.03,43,40.11,39.9,60.8,60.6,63.83,63.7,62.86,50.62,43.05,43.29,34.04,10.89,137.6,-114.4,26.01,26.16,2.099,2.246,31.99,2.859,1.23,269.8,213.7,3.4,2.3,36.5,31.9,66,65.6,3.1,39.9,3.4,119.2,53.2,33.2,37,36,3.777,3.156,11.53,20,0,110.9,107.5,127.5,94.5,3.1,2.9,25,0,100,22,47,56,60,55.69,58.16,43.51,43.53,105.9,50.37,218.5,2.9200000000000017,3.030000000000001,Normal,100,46
50800,40,42.99,43,40.07,39.9,60.8,60.6,63.79,63.6,62.9,50.62,43.05,43.29,33.6,9.978,138.1,-114.5,26.09,26.6,2.105,2.619,31.98,2.869,1.226,269.9,214.3,3.4,2,36.7,32.1,65.6,65.1,3.1,39.8,3.1,119.2,53.6,33.2,37,36,5.589,4.732,11.53,20,0,110.7,107.5,127,93.6,2.8,2.9,25,0,100,22,47,56,60,55.69,58.16,43.51,43.53,97,50.52,217.9,2.9200000000000017,2.990000000000002,Normal,100,46
2714,49,61.7,62,51.78,51.7,85.74,85.4,95.15,95.2,92.46,77.85,60.94,61.92,104.1,29.72,161.5,-87.18,88.97,82.14,8.72,1.895,83.43,3.749,0.9378,265.3,215.2,9.7,4.7,42,37.1,99.5,123.6,9,47.8,5.8,126.3,26.8,86.7,99,95,30.3,8.279,5.194,20,0,116.4,111.3,143.4,105.5,9.6,10.3,60,0,100,46,49,56,30,56.59,78.34,68.24,64.98,32.79,64.35,130.4,9.920000000000002,9.41000000000001,Normal,100,47
2724,49,61.7,61.9,51.74,51.7,85.7,85.4,95.15,95,92.46,77.85,60.94,61.92,105.1,29.9,162.5,-87.24,89.56,82.71,8.742,1.899,83.41,3.775,0.9314,266.9,215.7,9.6,4.5,42,37.1,99.5,123.1,9,47.8,5.8,126.6,26.8,86.7,98,94,28.59,7.734,5.278,20,0,116.7,111.3,145.4,108.3,9.6,10.3,60,0,100,46,49,56,30,56.59,78.34,68.24,64.98,32.98,64.51,131,9.96,9.450000000000005,Normal,100,47
2734,49,61.7,61.9,51.78,51.7,85.66,85.6,95.19,95.2,92.42,77.85,60.9,61.92,106,30.78,161.9,-86.71,89.48,82.25,9.14,1.906,83.63,3.762,0.9346,266.6,216.4,9.9,4.7,41.8,36.9,99.7,123.6,9.2,47.8,6,126.6,26.9,86.5,99,95,25.7,6.898,5.194,20,0,116.4,111.6,143.9,106.7,9.8,10.2,60,0,100,46,49,56,35,56.59,78.34,68.24,64.98,33.96,67.44,131.2,9.920000000000002,9.53,Normal,100,47
2744,49,61.7,61.9,51.78,51.7,85.7,85.6,95.15,95,92.46,77.85,60.9,61.87,105.3,29.94,162.7,-87.37,89.68,82.43,8.79,1.54,83.42,3.78,0.9302,267.3,216.9,9.8,4.7,41.8,36.9,99.7,123.6,9.5,47.8,5.8,126.3,26.9,86.5,98,94,28.47,7.69,5.278,20,0,116.4,111.6,142.9,105.3,9.6,10.3,60,0,100,46,49,56,35,56.59,78.42,68.24,64.98,32.91,64.86,131.9,9.920000000000002,9.450000000000005,Normal,100,47
2754,49,61.7,62,51.74,51.6,85.7,85.6,95.15,95.2,92.51,77.85,60.94,61.87,105.1,29.44,162.9,-87.22,89.77,82.91,8.394,1.535,83.44,3.783,0.9295,266.8,216.2,9.9,4.8,41.8,36.9,100,124.1,9.4,47.7,5.9,126.6,26.6,86.7,98,94,29.43,7.963,5.278,20,0,116.7,111.6,144.4,107.2,9.6,10.3,60,0,100,46,49,56,35,56.59,78.51,68.24,64.98,32.23,61.94,131,9.96,9.450000000000005,Normal,100,47
2764,49,61.75,61.9,51.74,51.7,85.74,85.4,95.19,95,92.46,77.85,60.94,61.92,104,30.03,160.8,-86.76,90.46,83.21,8.795,1.541,83.64,3.803,0.9246,264,217,9.8,4.5,41.8,36.9,99.7,123.6,9.2,47.8,6,126.6,26.9,86.5,98,94,35.96,9.831,5.278,20,0,116.7,111.8,145.4,107.7,9.6,10.3,60,0,100,46,49,56,30,56.59,78.51,68.24,64.98,32.88,64.9,127.4,10.009999999999998,9.450000000000005,Normal,100,47
2774,49,61.75,61.9,51.78,51.7,85.7,85.4,95.19,95,92.46,77.85,60.94,61.92,105,30.18,161.6,-86.76,89.89,82.65,8.774,1.537,83.58,3.781,0.9298,265.4,216.5,9.6,5,42,37.1,100,124.1,9.2,47.8,5.8,126.3,26.6,86.7,99,95,30.37,8.226,5.194,20,0,116.7,111.6,144.9,107,9.6,10.3,60,0,100,46,49,56,30,56.59,78.34,68.24,64.98,33.3,64.75,129.6,9.97,9.489999999999997,Normal,100,47
2784,49,61.7,62,51.78,51.6,85.7,85.3,95.15,95,92.42,77.81,60.9,61.87,105.1,30.34,162.4,-87.65,89.09,81.89,8.732,1.53,83.56,3.749,0.9379,266.7,215.5,9.9,4.7,41.8,36.9,99.7,123.6,9.4,47.8,6,126.6,26.9,87,98,94,27.3,7.387,5.278,20,0,116.4,111.8,143.9,106.8,9.6,10.3,60,0,100,46,49,56,30,56.63,78.22,68.24,64.98,33.72,64.44,132.2,9.920000000000002,9.450000000000005,Normal,100,47
2874,50,61.7,61.9,51.78,51.7,85.7,85.4,95.19,95,92.46,77.89,60.94,61.92,105.7,30.37,162.2,-86.85,89.68,82.8,8.791,1.91,82.64,3.816,0.9215,267,216.9,9.6,5,42.1,37.2,100,124.1,9.5,47.8,5.7,126.3,26.6,86.9,96,92,26.41,7.108,5.448,20,0,116.7,112,138.5,103.7,9.4,10.3,20.17,0,100,25,49,56,25,56.59,78.38,68.28,65.03,33.45,64.87,130.7,9.920000000000002,9.489999999999997,Normal,100,48
3724,50,56.95,57.2,50.68,50.8,85.33,84.9,91.35,90.8,89.64,69.83,56.68,57.12,67.4,19.11,221.9,-173.7,56.36,53.94,3.953,1.529,58.42,3.392,1.036,268.8,215.4,8.5,3.5,42.3,37.4,94.3,112.7,7,48.5,6.1,129.3,34.5,76,66,63,19.62,8.278,8.116,20,0,117.6,112.9,143.4,104.7,5.7,6.4,44.41,0,100,25,49,56,21,56.59,80.23,59.11,58.11,19.4,94.83,203.5,6.270000000000003,6.019999999999996,Normal,100,49
3734,50,56.91,57.1,50.68,50.6,85.33,84.9,91.3,91,89.6,69.83,56.68,57.08,66.77,19.06,220.9,-173.2,56.29,54.22,3.604,1.537,58.37,3.391,1.037,268.1,216.6,8.2,3.5,42.4,37.5,94.5,113.2,6.7,48.3,6.1,129.3,35.1,75.7,67,64,21.53,9.17,8.015,20,0,117.6,112.7,140.4,102.2,6.1,6.5,44.58,0,100,25,49,56,21,56.59,80.06,59.11,58.11,19.49,86.46,202.3,6.229999999999997,5.969999999999999,Normal,100,49
3744,50,56.95,57.1,50.68,50.8,85.33,84.9,91.3,91,89.6,69.78,56.68,57.12,67.14,19.17,222.6,-174.6,56.59,54.15,3.968,1.535,58.53,3.399,1.034,269.6,216.3,8.5,3.6,42.3,37.4,94.8,113.7,6.5,48.3,6,129.3,35.1,76.3,67,64,21.43,9.077,8.015,20,0,117.6,112.9,143.9,105.9,6.3,6.3,44.75,0,100,25,49,56,21,56.59,79.94,59.15,58.11,19.7,91.46,204,6.270000000000003,5.969999999999999,Normal,100,49
3754,50,56.95,57.1,50.68,50.6,85.33,85.3,91.26,91,89.6,69.78,56.68,57.08,66.52,18.66,222.1,-174.2,56.63,54.19,3.602,1.167,58.38,3.41,1.031,269,216.4,8.3,3.5,42.3,37.4,94.5,113.2,6.7,48.3,6,129.3,34.8,75.7,67,64,23.59,10.09,8.015,20,0,117.6,112.9,143.9,104,5.9,6.5,44.92,0,100,25,49,56,25,56.63,79.9,59.15,58.15,19.25,86.41,203.3,6.270000000000003,5.930000000000007,Normal,100,49
3764,50,56.95,57.2,50.68,50.6,85.33,84.9,91.26,91.2,89.64,69.78,56.68,57.08,66.56,18.22,222.7,-174.3,56.61,54.17,3.601,1.167,58.47,3.404,1.033,269.2,216.4,8.4,3.6,42.4,37.5,94.8,113.7,7,48.5,6.2,129.3,34.8,76.3,68,65,23.46,10.03,7.914,20,0,117.8,112.9,142.9,104.2,6.3,6.4,45.08,0,100,25,49,56,21,56.59,79.98,59.15,58.15,18.69,86.38,203.7,6.270000000000003,5.930000000000007,Normal,100,49
3774,50,56.95,57.2,50.63,50.6,85.33,85.1,91.3,91.2,89.64,69.78,56.68,57.12,66.91,18.64,222.3,-174,56.8,54.38,3.958,1.531,58.51,3.413,1.03,268.7,215.7,8.5,3.3,42.3,37.4,94.5,113.2,6.7,48.3,6,129.6,34.8,76,67,64,22.97,9.765,8.015,20,0,117.8,112.7,144.4,105.7,5.9,6.4,45.25,0,100,25,49,56,21,56.63,80.06,59.15,58.15,19.1,94.95,203,6.32,5.969999999999999,Normal,100,49
3784,50,56.95,57.1,50.68,50.6,85.33,85.1,91.3,91.2,89.64,69.78,56.68,57.12,66.82,18.62,222,-173.8,56.39,53.96,3.955,1.53,58.39,3.395,1.036,268.4,215.5,8.4,3.3,42.4,37.5,94.5,113.2,6.5,48.3,6,129.3,35.1,75.7,67,64,21.71,9.239,8.015,20,0,117.8,112.7,142.4,104.9,6.1,6.6,45.42,0,100,25,49,56,21,56.59,80.1,59.15,58.15,19,94.87,203.1,6.270000000000003,5.969999999999999,Normal,100,49
3794,50,56.91,57.1,50.68,50.8,85.33,85.1,91.26,91.2,89.64,69.83,56.68,57.12,66.49,18.19,222,-173.7,55.95,53.9,3.95,1.896,58.42,3.367,1.044,268.9,215.3,8.3,3.5,42.3,37.4,94.5,113.2,6.7,48.3,6,129.3,34.8,75.8,67,64,21.39,9.151,8.015,20,0,118.1,112.7,142.9,104.5,5.9,6.5,45.59,0,100,25,49,56,21,56.63,80.14,59.15,58.19,18.57,94.8,203.6,6.229999999999997,5.930000000000007,Normal,100,49
3804,50,56.95,57.1,50.68,50.8,85.33,85.1,91.3,91.2,89.64,69.83,56.68,57.12,66.97,18.66,222,-173.7,56.33,53.91,3.951,1.529,58.46,3.388,1.038,268.9,215.3,8.4,3.6,42.4,37.5,94.8,113.7,7,48.3,6,129,34.8,76.2,67,64,21.07,8.948,8.015,20,0,117.6,112.7,142.9,104.5,5.9,6.3,45.75,0,100,25,49,56,21,56.63,80.19,59.19,58.19,19.01,94.78,203.6,6.270000000000003,5.969999999999999,Normal,100,49
3814,50,56.95,57.1,50.68,50.6,85.33,85.3,91.3,91,89.64,69.83,56.68,57.12,67.32,18.76,223.2,-174.6,56.26,53.84,3.945,1.526,58.48,3.382,1.039,270.4,215,8.2,3.8,42.4,37.5,94.8,113.7,6.3,48.3,5.7,129.3,34.5,76.2,67,64,19.58,8.273,8.015,20,0,117.8,112.9,143.9,104.9,5.9,6.3,45.92,0,100,25,49,56,25,56.63,80.23,59.15,58.19,19.08,94.69,205.1,6.270000000000003,5.969999999999999,Normal,100,49
3824,50,56.95,57.2,50.68,50.8,85.33,85.3,91.3,91,89.64,69.83,56.68,57.12,66.96,18.66,222,-173.7,56.43,54,3.957,1.531,58.53,3.389,1.037,268.9,215.7,8.2,3.5,42.4,37.5,94.5,113.2,6.5,48.5,6.1,129.3,34.5,75.7,67,64,21.49,9.126,8.015,20,0,117.8,112.7,142.4,103.9,5.7,6.6,46.09,0,100,25,49,56,25,56.63,80.31,59.15,58.15,18.91,94.93,203.5,6.270000000000003,5.969999999999999,Normal,100,49
3834,50,56.95,57.1,50.68,50.8,85.33,85.1,91.3,91.2,89.68,69.83,56.68,57.12,67.02,18.22,222.7,-173.9,56.35,53.93,3.952,1.529,58.46,3.39,1.037,269.2,215.4,8.2,3.6,42.3,37.5,94.5,113.2,7,48.5,6.1,129.6,34.8,76.2,67,64,20.95,8.888,8.015,20,0,117.8,112.9,143.9,105.4,6.1,6.5,46.26,0,100,25,49,56,21,56.63,80.39,59.15,58.19,18.4,94.86,204,6.270000000000003,5.969999999999999,Normal,100,49
3844,50,56.95,57.2,50.68,50.6,85.37,85.1,91.35,91.2,89.68,69.83,56.68,57.12,66.76,18.6,221.8,-173.7,56.52,54.09,3.964,1.534,58.69,3.386,1.038,268.1,216,8.7,3.3,42.1,37.2,94.5,113.2,7,48.3,5.9,129.3,34.8,75.8,67,64,22.69,9.666,8.015,20,0,117.8,112.9,140.4,106.7,5.9,6.3,46.42,0,100,25,49,56,21,56.63,80.35,59.15,58.15,18.82,95.1,202.7,6.270000000000003,5.97999999999999,Normal,100,49
3854,50,56.95,57.2,50.68,50.6,85.33,85.1,91.35,91,89.64,69.83,56.68,57.12,67.29,19.08,221.6,-173.4,56.62,54.18,3.971,1.536,58.42,3.407,1.032,268.4,216.4,8.2,3.8,42.4,37.5,94.8,113.7,7,48.3,6,129.3,34.5,76.3,67,64,20.9,8.833,8.015,20,0,117.8,112.7,143.4,104.7,5.9,6.6,46.59,0,100,25,49,56,21,56.63,80.27,59.19,58.19,19.37,95.26,202.8,6.270000000000003,6.019999999999996,Normal,100,49
3864,50,56.95,57.2,50.68,50.6,85.33,85.3,91.35,91,89.64,69.83,56.68,57.17,67.43,19.12,222,-173.7,56.55,54.12,4.335,1.903,58.42,3.404,1.033,269,216.1,8.3,3.5,42.3,37.4,94.5,113.2,6.7,48.5,6.1,129.3,35.1,75.7,67,64,20.16,8.503,8.015,20,0,118.1,112.7,143.9,105.5,5.9,6.6,46.76,0,100,25,49,56,25,56.63,80.14,59.19,58.19,19.51,104,203.4,6.270000000000003,6.019999999999996,Normal,100,49
3874,50,56.95,57.2,50.72,50.8,85.33,85.3,91.35,91.2,89.64,69.83,56.68,57.17,67.56,19.16,222.5,-174.1,56.1,53.67,4.329,1.9,58.46,3.374,1.042,269.5,215.8,8.3,3.3,42.3,37.4,94.5,113.2,7.2,48.3,5.9,129.3,34.8,76.2,67,64,18.16,7.643,8.015,20,0,118.1,112.7,142.9,104.4,5.9,6.6,46.93,0,100,25,49,56,25,56.63,80.1,59.15,58.19,19.59,103.9,204.5,6.230000000000004,6.019999999999996,Normal,100,49
3884,50,56.95,57.1,50.68,50.6,85.33,85.1,91.3,91.2,89.64,69.83,56.73,57.12,66.94,18.65,221.9,-173.6,56.41,54.35,3.588,1.531,58.51,3.39,1.037,268.8,215.6,8.2,3.3,42.4,37.5,94.5,113.2,6.5,48.3,6,129.3,34.8,76.3,67,64,21.49,9.131,8.015,20,0,117.6,112.9,141.9,103.5,6.3,6.5,47.09,0,100,25,49,56,21,56.67,80.14,59.19,58.19,19.07,86.07,203,6.270000000000003,5.969999999999999,Normal,100,49
3894,50,56.95,57.2,50.68,50.8,85.33,85.3,91.3,91.2,89.64,69.83,56.68,57.12,66.64,18.57,220.9,-172.9,56.38,53.96,3.954,1.53,58.49,3.389,1.037,267.6,215.5,8.2,3.3,42.4,37.5,94.5,113.2,6.5,48.5,5.9,129,35.1,75.7,67,64,22.43,9.572,8.015,20,0,117.8,112.9,144.4,106.2,6.1,6.6,47.26,0,100,25,49,56,25,56.63,80.14,59.19,58.19,18.95,94.86,202.3,6.270000000000003,5.969999999999999,Normal,100,49
3904,50,56.95,57.2,50.68,50.8,85.33,85.1,91.35,91.2,89.6,69.78,56.68,57.12,67.68,19.65,222.9,-174.8,56.49,54.06,3.962,1.533,58.44,3.398,1.035,270,215.9,8.5,3.1,42.3,37.4,94.3,112.7,6.5,48.3,5.9,129,35,75.8,67,64,19.1,8.026,8.015,20,0,118.1,112.7,141.9,103.5,6.1,6.6,47.43,0,100,25,49,56,21,56.63,80.06,59.19,58.19,20.13,95.04,204.5,6.270000000000003,6.019999999999996,Normal,100,49
3914,50,56.95,57.2,50.72,50.8,85.33,85.1,91.35,91.2,89.6,69.78,56.68,57.12,67.18,19.5,221.2,-173.5,56.09,53.66,3.96,1.532,58.48,3.372,1.043,267.9,215.8,8.4,3.3,42.4,37.5,94.5,113.2,6.8,48.3,6,129.3,34.5,75.8,67,64,19.51,8.258,8.015,20,0,117.8,112.7,143.9,105.7,6.1,6.4,47.6,0,100,25,49,56,21,56.63,79.98,59.19,58.19,20.05,94.99,202.9,6.230000000000004,6.019999999999996,Normal,100,49
3924,50,56.95,57.1,50.72,50.6,85.33,85.1,91.3,91,89.56,69.78,56.68,57.12,66.71,19.5,220.7,-173.5,55.84,53.42,3.942,1.525,58.55,3.353,1.049,267.9,214.8,8,3.5,42.6,37.7,94.5,113.2,6.8,48.3,5.9,129,34.5,76.3,67,64,20.32,8.663,8.015,20,0,118.1,113.1,142.4,103.7,6.1,6.5,47.77,0,100,25,49,56,21,56.63,79.94,59.15,58.19,20.08,94.6,203.1,6.230000000000004,5.969999999999999,Normal,100,49
3934,50,56.95,57.1,50.68,50.6,85.33,85.3,91.3,91.2,89.6,69.78,56.68,57.12,67.35,19.23,223.3,-175.2,56.54,54.11,3.965,1.534,58.67,3.389,1.038,270.5,216.1,8.3,3.6,42.3,37.4,94.8,113.7,7,48.3,5.9,129.3,34.5,76.2,67,64,20.67,8.73,8.015,20,0,117.8,112.9,142.4,104.2,6.1,6.5,47.93,0,100,25,49,56,25,56.67,79.9,59.15,58.15,19.87,95.13,204.9,6.270000000000003,5.969999999999999,Normal,100,49
3944,50,56.95,57.1,50.72,50.6,85.33,85.1,91.3,91,89.6,69.74,56.68,57.12,66.94,19.11,222.4,-174.6,56.23,53.8,3.97,1.536,58.57,3.376,1.041,268.8,216.3,8.4,3.8,42.4,37.5,94.8,113.7,6.8,48.5,6.1,129.3,34.2,75.8,67,64,20.93,8.892,8.015,20,0,117.8,113.1,141.4,103,5.9,6.3,48.1,0,100,25,49,56,21,56.63,79.94,59.15,58.15,19.68,95.23,203.8,6.230000000000004,5.969999999999999,Normal,100,49
3954,50,56.95,57.2,50.68,50.8,85.33,85.3,91.26,91,89.6,69.74,56.68,57.08,66.73,18.72,223.2,-175.2,56.22,53.8,3.576,1.159,58.44,3.382,1.04,269.8,214.9,8.2,3.6,42.4,37.5,94.5,113.7,6.5,48.5,6.1,129,34.5,76.2,67,64,21.5,9.162,8.015,20,0,117.8,112.9,143.4,104.9,6.1,6.6,48.27,0,100,25,49,56,25,56.67,80.02,59.15,58.15,19.24,85.79,204.8,6.270000000000003,5.930000000000007,Normal,100,49
3964,50,56.95,57.1,50.68,50.8,85.33,85.1,91.35,91.2,89.6,69.74,56.68,57.12,67.41,19.57,222.4,-174.6,56.5,54.07,3.962,1.533,58.46,3.398,1.035,268.9,215.9,8.2,3.3,42.4,37.5,94.5,113.2,7,48.3,5.9,129,34.8,75.7,67,64,20.09,8.475,8.015,20,0,118.1,112.9,144.4,105.6,6.1,6.5,48.44,0,100,25,49,56,21,56.67,80.06,59.15,58.19,20.08,95.1,203.5,6.270000000000003,6.019999999999996,Normal,100,49
3974,50,56.91,57.2,50.68,50.8,85.33,85.1,91.3,91,89.6,69.78,56.68,57.08,66.94,19.11,221.9,-174.1,56.6,54.52,3.624,1.546,58.52,3.4,1.034,268.8,217.7,8.3,3.5,42.3,37.4,94.5,113.2,7,48.3,6,129.3,34.5,76.5,67,64,22.16,9.415,8.015,20,0,118.1,112.9,142.9,104.7,6.1,6.6,48.6,0,100,25,49,56,21,56.63,80.06,59.15,58.15,19.57,86.93,202.8,6.229999999999997,5.969999999999999,Normal,100,49
3984,50,56.95,57.1,50.68,50.6,85.33,85.1,91.3,91,89.6,69.74,56.68,57.08,66.98,19.12,222.5,-174.7,56.6,54.16,3.6,1.167,58.46,3.404,1.033,269,216.3,8.2,3.8,42.4,37.5,94.8,113.7,7,48.5,6.1,129,34.5,76.3,67,64,21.93,9.313,8.015,20,0,118.1,112.7,143.4,105.9,5.9,6.6,48.77,0,100,25,49,56,21,56.63,80.02,59.15,58.15,19.62,86.36,203.5,6.270000000000003,5.969999999999999,Normal,100,49
3994,50,56.95,57.2,50.68,50.6,85.33,85.1,91.3,91,89.6,69.78,56.68,57.12,67.32,19.22,223.2,-175.1,56.64,54.2,3.972,1.537,58.58,3.399,1.034,270.4,216.5,8.3,3.5,42.4,37.5,94.5,113.2,6.7,48.5,6.2,129.3,34.5,76,66,63,21.01,8.876,8.116,20,0,117.8,112.9,143.4,105,5.9,6.6,48.94,0,100,25,49,56,21,56.63,80.02,59.15,58.15,19.72,95.29,204.7,6.270000000000003,5.969999999999999,Normal,100,49
4004,50,56.95,57.2,50.68,50.6,85.33,85.3,91.3,91.2,89.6,69.78,56.68,57.12,67.08,19.15,222.4,-174.5,56.63,54.2,3.972,1.537,58.46,3.406,1.032,269.4,216.4,8.3,3.6,42.3,37.4,94.8,113.7,7.3,48.5,6.2,129.3,34.5,76.2,67,64,21.73,9.212,8.015,20,0,118.1,112.7,143.4,103.9,6.1,6.5,49.11,0,100,25,49,56,25,56.67,80.02,59.15,58.15,19.68,95.28,203.7,6.270000000000003,5.969999999999999,Normal,100,49
4014,50,56.95,57.2,50.68,50.8,85.33,85.3,91.3,91,89.6,69.74,56.68,57.12,66.69,19.04,221.6,-173.9,56.61,54.17,3.97,1.536,58.47,3.404,1.033,267.8,216.4,8.2,3.6,42.4,37.5,94.8,113.7,7,48.3,5.9,129.3,34.8,76.2,67,64,23,9.807,8.015,20,0,117.8,112.9,142.9,104.1,6.1,6.6,49.27,0,100,25,49,56,25,56.67,80.1,59.19,58.15,19.5,91.5,202.4,6.270000000000003,5.969999999999999,Normal,100,49
4024,50,56.95,57.1,50.68,50.6,85.33,85.1,91.35,91.4,89.64,69.74,56.68,57.12,67.31,19.08,222.6,-174.3,56.43,54,3.958,1.531,58.88,3.37,1.043,268.5,215.7,8.2,3.4,42.4,37.5,94.8,113.7,6.7,48.5,6.1,129,34.5,76.2,67,64,20.64,8.722,8.015,20,0,117.8,112.9,144.4,106.2,6.3,6.5,49.44,0,100,25,49,56,21,56.67,80.23,59.19,58.15,19.44,91.21,203.3,6.270000000000003,6.019999999999996,Normal,100,49
4034,50,56.95,57.1,50.68,50.6,85.33,85.1,91.35,91,89.64,69.78,56.68,57.12,67.45,19.13,222.6,-174.2,56.96,54.51,3.995,1.546,58.59,3.418,1.029,269,217.7,8.2,3.8,42.4,37.5,94.8,113.7,6.5,48.5,6.1,129.3,34.5,75.7,67,64,21.7,9.151,8.015,20,0,117.8,112.9,143.4,102.7,5.9,6.5,49.61,0,100,25,49,56,21,56.67,80.19,59.15,58.15,19.52,95.83,203.2,6.270000000000003,6.019999999999996,Normal,100,49
4044,50,56.95,57.1,50.68,50.6,85.33,84.9,91.35,91.2,89.64,69.83,56.68,57.12,67.49,19.14,222.2,-173.9,55.98,53.58,3.926,1.519,58.48,3.366,1.045,269.2,214,8.2,3.6,42.4,37.5,94.8,113.7,6.7,48.5,6.2,129.6,34.2,75.7,67,64,18.03,7.598,8.015,20,0,117.8,113.1,143.4,105.4,6.1,6.5,49.78,0,100,25,49,56,21,56.67,80.1,59.19,58.19,19.6,94.2,204.3,6.270000000000003,6.019999999999996,Normal,100,49
4054,50,56.95,57.2,50.68,50.6,85.33,85.1,91.3,91.2,89.64,69.78,56.68,57.12,66.7,18.58,221.6,-173.5,56.75,54.31,3.98,1.54,58.53,3.409,1.031,267.9,216.9,8.3,3.6,42.6,37.4,94.8,113.7,6.5,48.5,6.2,129.3,34.5,75.8,67,64,23.53,10.03,8.015,20,0,117.8,112.7,141.9,103.2,5.9,6.6,49.94,0,100,25,49,56,21,56.67,80.02,59.19,58.19,19.1,95.48,202.2,6.270000000000003,5.969999999999999,Normal,100,49
4064,50,56.95,57.1,50.63,50.6,85.33,85.3,91.3,91,89.64,69.78,56.68,57.12,66.92,18.65,222.3,-174.1,57.18,54.74,3.984,1.542,58.51,3.436,1.023,268.8,217.1,8.4,3.8,42.4,37.5,94.8,113.7,7,48.3,6,129.3,34.2,76.3,67,64,24.28,10.32,8.015,20,0,118.1,112.9,142.9,105.9,6.1,6.4,50.11,0,100,25,49,56,25,56.67,79.98,59.19,58.15,19.2,91.83,202.6,6.32,5.969999999999999,Normal,100,49
4074,50,56.95,57.2,50.63,50.8,85.33,85.1,91.3,91.2,89.64,69.78,56.68,57.08,67.18,18.72,223.2,-174.7,57.3,54.85,3.621,1.173,58.53,3.442,1.021,269.8,217.6,8,3.1,42.6,37.7,94.3,112.7,7,48.3,5.7,129,34.5,76.3,67,64,23.8,10.08,8.015,20,0,118.1,112.9,142.9,104.7,5.9,6.6,50.28,0,100,25,49,56,21,56.67,80.02,59.19,58.15,19.24,83.46,203.5,6.32,5.969999999999999,Normal,100,49
4084,50,56.95,57.1,50.63,50.6,85.33,85.1,91.35,91.2,89.64,69.74,56.68,57.12,67.38,19.1,222.8,-174.5,56.63,54.21,3.946,1.527,58.6,3.398,1.035,268.8,215.1,8.7,3.5,42.6,37.2,94.5,113.2,6.5,48.3,6.4,129.3,34.8,75.7,67,64,20.82,8.788,8.015,20,0,118.1,113.1,142.4,104.2,6.1,6.3,50.45,0,100,25,49,56,21,56.67,80.1,59.15,58.15,19.57,94.66,203.4,6.32,6.019999999999996,Normal,100,49
4094,50,56.95,57.1,50.68,50.8,85.33,85.1,91.35,91.2,89.64,69.78,56.68,57.08,67.36,19.1,222.3,-174,56.57,54.14,3.598,1.166,58.47,3.402,1.034,268.7,216.2,8,3.6,42.6,37.7,94.8,113.7,6.8,48.3,6,129,34.5,76.2,67,64,20.54,8.672,8.015,20,0,117.8,112.7,142.4,104,6.1,6.5,50.61,0,100,25,49,56,21,56.67,80.14,59.15,58.15,19.53,86.32,203.2,6.270000000000003,6.019999999999996,Normal,100,49
4104,50,56.95,57.1,50.68,50.8,85.33,85.3,91.35,91.2,89.64,69.74,56.68,57.08,67.64,19.18,223.6,-175.2,56.41,53.98,3.588,1.163,58.61,3.384,1.039,269.8,215.6,8.2,3.3,42.4,37.5,94.5,113.2,6.7,48.3,5.9,129.3,34.8,75.8,67,64,19.14,8.049,8.015,20,0,118.1,112.9,142.4,103.9,6.1,6.5,50.78,0,100,25,49,56,25,56.67,80.14,59.15,58.15,19.61,86.08,204.7,6.270000000000003,6.019999999999996,Normal,100,49
4114,50,56.95,57.1,50.63,50.6,85.33,85.1,91.3,91,89.64,69.78,56.68,57.08,67.12,18.7,223,-174.6,56.62,54.2,3.578,1.159,58.59,3.398,1.035,269.5,215,8.2,3.8,42.6,37.5,94.8,113.7,6.8,48.3,5.9,129.6,34.5,76,67,64,21.67,9.184,8.015,20,0,118.1,112.9,143.4,104.7,5.9,6.5,50.95,0,100,25,49,56,21,56.67,80.19,59.15,58.15,19.09,85.84,204,6.32,5.969999999999999,Normal,100,49
9665,50,56.91,57.1,50.59,50.6,75.79,75.9,81.76,81.5,79.65,66.92,55.95,57.08,66.15,23.42,140.9,-98.18,57.08,48.35,10.26,1.539,50.87,3.945,0.8913,265.7,216.7,8.5,3.7,42.3,37.4,85.2,95.8,6.5,48.3,6.2,119.2,33.8,58.9,57,55,18.97,8.156,8.971,20,0,114.5,110.7,139.4,101.2,5.8,6.5,70,0,100,32,47,56,46,56.22,68.19,64.63,60.85,46.96,65.08,174.5,6.319999999999993,5.969999999999999,Normal,100,50
9675,50,56.91,57.1,50.55,50.4,75.79,75.7,81.76,81.7,79.61,66.92,55.91,57.08,66.68,24.06,141.6,-98.97,57.62,48.49,10.66,1.543,50.81,3.987,0.8819,267.8,217.4,8.1,3.5,42.3,37.4,85.2,95.8,6.3,48.2,6.1,119.2,34,58.9,57,55,18.93,8.074,8.971,20,0,114.5,110.9,140.4,99.5,6,6.5,80,0,100,32,47,56,46,56.18,68.19,64.63,60.85,48.09,67.62,176.1,6.359999999999999,5.969999999999999,Normal,100,50
11000,50,53.11,53.3,50.39,50.4,75.3,75.4,78.12,78.1,76.91,58.81,52.92,53.32,31.56,13.58,202.3,-184.3,24.42,22.73,3.59,1.899,35.29,2.432,1.445,268.3,215.7,6.8,1.6,43.6,38.8,79.5,85.9,3.1,50,6.5,143.6,64.1,47.2,40,39,10.18,9.175,11.04,20,0,119.2,114.2,137,97,2.9,2.9,45,0,100,10,47,56,25.42,56.34,69.95,54.97,54.17,23.95,86.16,238.1,2.719999999999999,2.8200000000000074,Normal,100,51
11000,50,53.15,53.2,50.39,50.3,75.3,75.2,78.12,77.9,76.91,58.81,52.88,53.28,31.42,13.52,201.4,-183.5,24.68,22.27,3.575,1.158,35.29,2.459,1.43,267.1,214.8,6.8,1.9,43.6,38.8,79.8,86.4,3.4,50,6.5,144,63.8,47.4,40,39,11.61,10.51,11.04,20,0,119.5,114.2,135.5,96.3,2.7,2.9,45,0,100,10,47,56,25.41,56.34,69.95,54.97,54.17,23.85,85.8,237.5,2.759999999999998,2.8200000000000074,Normal,100,51
11000,50,53.11,53.2,50.39,50.3,75.3,75.2,78.12,78.1,76.91,58.81,52.88,53.28,31.46,13.53,201.6,-183.7,24.47,22.41,3.598,1.535,35.28,2.439,1.442,267.4,216.2,6.7,1.4,43.6,38.8,79.5,85.9,3.3,50,6.7,143.6,64.5,47.7,40,39,10.72,9.694,11.04,20,0,119.7,114,136.5,97.3,2.9,2.9,45,0,100,10,47,56,25.39,56.34,69.91,54.97,54.17,23.95,86.34,237.7,2.719999999999999,2.8200000000000074,Normal,100,51
11000,50,53.11,53.2,50.39,50.3,75.26,75,78.08,78.1,76.91,58.81,52.92,53.28,31.08,12.92,199.2,-181,24.45,22.76,3.226,1.533,35.27,2.437,1.443,264.2,216,6.9,1.6,43.5,38.7,79.5,85.9,3.1,50,6.6,144,64.1,47.4,40,39,11.98,10.96,11.04,20,0,119.7,114,135,95.7,2.7,2.8,45,0,100,10,47,56,21.37,56.38,69.91,54.97,54.17,22.93,77.43,234,2.719999999999999,2.819999999999993,Normal,100,51
11100,50,53.11,53.2,50.39,50.4,75.3,75.2,78.08,77.9,76.91,58.81,52.88,53.28,30.91,13.04,201,-183.1,24.4,22.34,3.587,1.53,35.27,2.432,1.446,266.6,215.5,6.8,1.6,43.6,38.8,79.5,85.9,3.6,50,6.5,144,64.1,47.7,40,39,12.4,11.41,11.04,20,0,119.7,114.2,137,97.5,2.5,2.9,45,0,100,10,47,56,25.36,56.38,69.91,54.97,54.17,23.14,86.09,236.9,2.719999999999999,2.780000000000001,Normal,100,51
11100,50,53.11,53.2,50.39,50.4,75.3,75.2,78.12,78.1,76.91,58.81,52.88,53.28,31.23,13.43,200.1,-182.3,24.59,22.52,3.616,1.542,35.26,2.453,1.434,265.4,217.2,6.9,1.4,43.5,38.7,79.5,85.9,3.6,50.1,6.8,144,64.2,47.9,40,39,11.94,10.88,11.04,20,0,119.7,114.2,136,96.2,2.9,2.8,45,0,100,10,47,56,25.34,56.34,69.91,54.97,54.13,23.77,86.77,235.6,2.719999999999999,2.8200000000000074,Normal,100,51
11100,50,53.11,53.3,50.39,50.4,75.3,75.6,78.08,78.1,76.91,58.81,52.92,53.28,30.86,13.02,200.7,-182.8,24.39,22.7,3.219,1.53,35.31,2.429,1.448,266.2,215.5,6.9,1.7,43.5,38.7,79.5,86.4,3.3,50.1,6.5,143.6,64.5,47.6,40,39,12.58,11.6,11.04,20,0,119.5,114.2,135,95,2.7,2.9,45,0,100,10,47,56,30.32,56.38,69.95,54.97,54.17,23.03,77.25,236.1,2.719999999999999,2.780000000000001,Normal,100,51
11100,50,53.11,53.3,50.39,50.3,75.3,75.4,78.12,78.1,76.91,58.81,52.88,53.28,31.4,13.51,201.2,-183.3,24.48,22.42,3.599,1.535,35.34,2.436,1.443,266.9,216.3,6.8,1.4,43.3,38.5,79.5,85.9,3.6,50.1,6.6,143.2,64.1,48.2,40,39,11.03,9.99,11.04,20,0,119.7,114.2,137,97.2,2.7,3,45,0,100,10,47,56,25.31,56.38,70.03,54.97,54.13,23.76,86.38,237.2,2.719999999999999,2.8200000000000074,Normal,100,51
11100,50,53.11,53.2,50.39,50.3,75.3,75.2,78.12,77.9,76.91,58.81,52.88,53.24,31.44,13.53,201.5,-183.6,24.48,22.42,3.23,1.166,35.27,2.441,1.441,267.3,216.2,6.7,1.6,43.6,38.8,79.5,85.9,3.6,50,6.4,143.6,64.1,47.2,40,39,10.79,9.757,11.04,20,0,119.9,114.2,138.5,96.7,2.7,3,45,0,100,10,47,56,25.29,56.38,70.07,54.97,54.13,23.72,77.52,237.6,2.719999999999999,2.8200000000000074,Normal,100,51
11100,50,53.11,53.2,50.39,50.4,75.34,75.2,78.12,77.9,76.91,58.81,52.92,53.28,30.95,13.51,201.3,-183.8,24.51,22.81,3.234,1.537,35.29,2.442,1.44,267,216.5,6.9,1.7,43.5,38.7,79.8,86.4,3.3,50,6.7,144,64.5,47.9,40,39,12.65,11.62,11.04,20,0,119.7,114.2,135.5,95.7,2.9,2.8,45,0,100,10,47,56,25.27,56.38,70.03,54.97,54.17,23.77,77.62,236.7,2.719999999999999,2.780000000000001,Normal,100,51
11100,50,53.11,53.3,50.39,50.3,75.3,75.2,78.12,77.9,76.86,58.81,52.88,53.28,31.42,13.98,200.9,-183.5,24.39,22.34,3.586,1.53,35.31,2.429,1.447,267.1,215.5,6.7,1.6,43.6,38.8,79.5,85.9,3.6,50.1,6.5,143.6,64.5,47.7,40,39,10.6,9.591,11.04,20,0,119.7,114.5,137,96.9,2.7,3,45,0,100,10,47,56,25.26,56.38,69.91,54.97,54.13,24.8,86.06,237.4,2.719999999999999,2.8200000000000074,Normal,100,51
11100,50,53.11,53.3,50.39,50.4,75.26,75.2,78.12,77.9,76.86,58.81,52.92,53.24,31.97,14.01,201.5,-183.5,24.24,22.56,2.833,1.154,35.29,2.415,1.456,267.9,214.1,6.7,1.6,43.6,38.8,79.5,85.9,3.1,50.1,6.5,143.6,64.1,47.6,40,39,8.105,7.211,11.04,20,0,119.7,114.5,138,96.5,2.7,2.9,45,0,100,10,47,56,25.24,56.38,69.83,54.97,54.13,25.02,67.99,237.9,2.719999999999999,2.8599999999999994,Normal,100,51
11100,50,53.11,53.2,50.39,50.4,75.26,75,78.08,77.9,76.86,58.81,52.88,53.28,31.43,13.52,201,-183.1,24.34,22.29,3.579,1.527,35.25,2.428,1.448,267.2,215,6.9,1.6,43.5,38.7,79.5,85.9,2.8,50.1,6.6,143.6,64.8,46.7,40,39,10.32,9.337,11.04,20,0,119.9,114.5,136.5,96.5,2.7,2.8,45,0,100,10,47,56,21.22,56.38,69.83,54.97,54.13,24.15,85.89,237.6,2.719999999999999,2.819999999999993,Normal,100,51
11100,50,53.11,53.3,50.35,50.4,75.26,75,78.04,78.1,76.86,58.81,52.92,53.28,30.84,13.01,200.1,-182.3,24.83,23.14,3.228,1.534,35.32,2.472,1.422,266,216.1,6.8,1.7,43.5,38.8,79.8,86.4,3.3,50.1,6.4,144,64.2,47.6,40,39,14.19,13.08,11.04,20,0,119.9,114.7,136.5,96.5,3.1,2.9,45,0,100,10,47,56,21.21,56.38,69.79,54.97,54.17,23.3,77.47,235.3,2.759999999999998,2.780000000000001,Normal,100,51
11200,50,53.11,53.3,50.39,50.4,75.26,75.2,78.08,77.9,76.86,58.81,52.92,53.28,31.39,13.5,200.7,-182.8,24.36,22.68,3.215,1.528,35.28,2.428,1.448,266.8,215.2,6.8,1.6,43.5,38.7,79.5,85.9,3.1,50,6.5,144,64.1,47.2,40,39,10.59,9.597,11.04,20,0,119.9,114.7,136,96.2,2.5,2.9,45,0,100,10,47,56,25.19,56.38,69.74,54.97,54.22,24.26,77.16,236.7,2.719999999999999,2.819999999999993,Normal,100,51
11200,50,53.11,53.3,50.35,50.4,75.26,75.4,78.04,78.1,76.86,58.81,52.92,53.28,30.92,13.04,200.6,-182.7,24.82,23.12,3.226,1.533,35.31,2.471,1.423,266.7,215.9,6.8,1.7,43.5,38.7,79.8,86.4,3,50,6.5,144,64.4,47.2,40,39,13.85,12.74,11.04,20,0,119.9,114.5,139,99,2.9,3,45,0,100,10,47,56,25.17,56.38,69.83,54.97,54.13,23.29,77.42,236,2.759999999999998,2.780000000000001,Normal,100,51
11200,50,53.11,53.2,50.39,50.4,75.3,75.4,78.08,78.1,76.86,58.81,52.92,53.28,30.89,13.49,200.4,-183,24.39,22.7,3.218,1.529,35.35,2.425,1.45,266.4,215.4,6.9,1.9,43.6,38.7,79.5,85.9,3.3,50.1,6.5,143.6,64.1,47.6,40,39,12.49,11.5,11.04,20,0,120.2,114.5,139,99.2,2.9,2.8,45,0,100,10,47,56,25.16,56.38,69.95,54.97,54.17,23.86,77.23,236.3,2.719999999999999,2.780000000000001,Normal,100,51
11200,50,53.11,53.2,50.39,50.4,75.3,75.4,78.12,78.1,76.91,58.77,52.88,53.24,31.44,13.53,201.9,-184,24.32,22.27,3.208,1.158,35.3,2.422,1.452,267.3,214.8,6.8,1.7,43.5,38.7,79.8,86.4,3.6,50,6.5,144,63.8,47.6,40,39,10.26,9.282,11.04,20,0,120.2,114.5,136,95.9,2.7,2.8,45,0,100,10,47,56,25.14,56.38,70.07,54.97,54.13,23.72,77,237.8,2.719999999999999,2.8200000000000074,Normal,100,51
11200,50,53.11,53.3,50.35,50.3,75.34,75.2,78.12,78.1,76.91,58.77,52.88,53.24,30.76,13.43,200.5,-183.2,24.68,22.63,3.208,1.158,35.34,2.456,1.432,265.4,214.8,6.8,1.7,43.5,38.7,79.8,86.4,3.6,50.1,6.6,144,64.2,47.2,40,39,13.95,12.89,11.04,20,0,120.2,114.5,137,97,2.7,3,45,0,100,10,47,56,25.12,56.38,70.19,54.93,54.13,23.34,76.99,235.4,2.759999999999998,2.780000000000001,Normal,100,51
11200,50,53.06,53.2,50.39,50.3,75.38,75.4,78.12,77.9,76.95,58.77,52.84,53.24,30.56,13.09,202.6,-185.2,24.01,21.96,3.584,1.529,35.33,2.39,1.471,267.6,215.4,6.9,1.6,43.6,38.7,79.8,86.4,3.4,50,6.5,144,64.2,47.2,40,39,12.3,11.44,11.04,20,0,120.2,114.7,138.5,98.7,2.5,2.8,45,0,100,10,47,56,25.11,56.38,70.19,54.93,54.13,22.74,86.02,238.6,2.6700000000000017,2.740000000000009,Normal,100,51
11500,50,53.11,53.3,50.39,50.4,75.34,75.4,78.16,78.1,76.95,58.85,52.88,53.28,31.26,13.45,200.4,-182.6,24.47,22.41,3.598,1.535,35.26,2.44,1.441,265.8,216.2,6.7,2,43.6,38.8,80.1,86.9,3.6,50.1,6.6,144,63.9,47.7,40,39,11.39,10.36,11.04,20,0,120.7,115.6,136.5,96.7,2.9,3,45,0,100,10,47,56,24.67,56.47,69.99,55.01,54.13,23.87,86.35,236,2.719999999999999,2.819999999999993,Normal,100,51
11500,50,53.11,53.2,50.39,50.4,75.34,75.2,78.16,78.1,76.95,58.85,52.88,53.28,31.51,13.56,202,-184,24.54,22.47,3.608,1.539,35.27,2.447,1.437,267.9,216.8,6.9,1.4,43.5,38.7,79.5,85.9,3.1,50,6.4,143.6,64.1,47.1,40,39,10.75,9.703,11.04,20,0,120.9,115.6,137,97.2,2.9,2.8,45,0,100,10,47,56,24.65,56.47,70.03,55.05,54.17,23.99,86.59,238.1,2.719999999999999,2.819999999999993,Normal,100,51
11500,50,53.15,53.3,50.39,50.3,75.38,75.2,78.16,78.1,76.99,58.85,52.92,53.32,31.04,13.09,202.3,-184.3,24.8,22.74,3.592,1.532,35.26,2.473,1.422,267.7,215.8,7.1,1.4,43.2,38.3,79.5,85.9,3.1,50,6.9,143.6,64.5,47.2,40,39,13.32,12.2,11.04,20,0,120.9,115.6,135.5,95.7,2.9,3,45,0,100,10,47,56,24.64,56.47,70.03,55.09,54.17,23.17,86.2,237.6,2.759999999999998,2.780000000000001,Normal,100,51
11500,50,53.15,53.3,50.43,50.3,75.34,75.4,78.12,78.1,76.99,58.85,52.92,53.28,30.89,12.58,201.3,-183,24.4,22.34,3.22,1.162,35.27,2.433,1.445,266.4,215.5,7,1.7,43.3,38.5,79.8,86.4,3.6,50,6.5,144,64.2,47.6,40,39,12.45,11.46,11.04,20,0,120.9,115.6,138,98.2,2.9,3,45,0,100,10,47,56,24.62,56.47,70.03,55.09,54.22,22.25,77.27,236.9,2.719999999999999,2.780000000000001,Normal,100,51
11500,50,53.15,53.2,50.43,50.4,75.34,75.4,78.2,78.1,76.99,58.85,52.92,53.28,31.84,13.5,201.6,-183.2,24.51,22.44,3.234,1.167,35.27,2.443,1.439,266.8,216.5,6.9,1.7,43.5,38.7,79.8,86.4,3.4,50.1,6.6,144,64.5,48.2,40,39,9.508,8.494,11.04,20,0,120.7,115.3,137,97.7,2.7,2.8,45,0,100,10,47,56,24.6,56.47,70.03,55.05,54.22,23.89,77.62,237.1,2.719999999999999,2.8599999999999994,Normal,100,51
11500,50,53.15,53.2,50.43,50.3,75.38,75.2,78.2,78.1,76.95,58.85,52.92,53.28,31.43,13.98,201.4,-184,24.43,22.37,3.224,1.164,35.27,2.436,1.444,267.2,215.8,6.9,1.9,43.5,38.7,79.8,86.4,3.4,50.1,6.6,144,64.5,47.7,40,39,10.67,9.652,11.04,20,0,120.9,115.6,136.5,97,2.7,2.8,45,0,100,10,47,56,24.59,56.47,70.07,55.05,54.17,24.66,77.38,237.5,2.719999999999999,2.8200000000000074,Normal,100,51
11500,50,53.15,53.3,50.39,50.6,75.34,75.4,78.16,78.1,76.95,58.81,52.88,53.28,31.39,13.5,201.6,-183.7,24.8,22.37,3.592,1.164,35.3,2.47,1.424,266.8,215.8,7.1,1.4,43.6,38.8,79.5,85.9,3.7,50,6.7,144,64.1,47.7,40,39,12.15,11.01,11.04,20,0,120.9,115.6,138,98.2,2.9,2.9,35,0,100,10,47,56,24.57,56.47,70.07,55.05,54.17,23.82,86.2,237.2,2.759999999999998,2.819999999999993,Normal,100,51
11500,50,53.15,53.2,50.43,50.3,75.34,75.4,78.16,78.1,76.95,58.81,52.92,53.28,31.32,13.48,201.2,-183.3,24.41,22.36,3.221,1.163,35.33,2.43,1.447,266.2,215.6,6.7,1.4,43.6,38.8,79.5,85.9,3.4,50,6.4,143.6,63.8,47.2,40,39,11.05,10.03,11.04,20,0,120.7,115.7,138,98,2.7,2.9,45,0,100,10,47,56,24.55,56.47,70.07,55.05,54.17,23.77,77.32,236.7,2.719999999999999,2.819999999999993,Normal,100,51
11500,50,53.11,53.3,50.43,50.4,75.38,75.4,78.16,77.9,76.95,58.81,52.92,53.28,30.83,13.46,201,-183.6,24.15,22.45,3.235,1.537,35.28,2.407,1.461,266,216.6,6.8,2,43.6,38.8,79.8,86.9,3.4,50,6.4,143.6,64.2,48.1,40,39,11.78,10.87,11.04,20,0,121.2,115.6,138.5,98.7,2.7,2.9,45,0,100,10,47,56,24.54,56.47,70.07,55.01,54.22,23.75,77.65,236.2,2.68,2.780000000000001,Normal,100,51
11600,50,53.11,53.3,50.39,50.4,75.38,75.4,78.2,78.1,76.99,58.85,52.92,53.32,31.64,13.61,203.2,-185.2,24.43,22.74,3.592,1.9,35.3,2.433,1.445,269,215.8,6.8,1.4,43.5,38.7,79.5,85.9,3.4,50,6.4,144,64.2,48.2,40,39,9.954,8.947,11.04,20,0,120.9,115.7,136.5,96.7,2.7,3,45,0,100,10,47,56,24.52,56.47,70.11,54.97,54.22,23.94,86.21,238.9,2.719999999999999,2.8200000000000074,Normal,100,51
13000,49,59.12,59.4,49.98,49.8,70.71,70.4,79.27,79.1,76.62,70.69,57.63,59.29,94.43,29.22,65.48,-0.2812,82.25,68.77,15.01,1.532,60.43,4.786,0.7347,264.9,215.8,8.8,4.9,41,36.1,84,93.8,8.4,46.6,5.4,110.3,26.3,58,69,66,17.6,5.302,7.814,20,0,115.7,112.9,139.4,103.2,8.7,9.4,80,100,100,100,56,56,62,58.47,64.3,70.41,64.66,120.4,62.64,-13.3,9.14,8.560000000000002,Normal,100,52
13100,49,59.17,59.4,50.06,50.1,70.75,70.6,79.27,79.1,76.62,70.64,57.67,59.34,94.12,29.27,66.04,-1.186,81.93,68.45,15.02,1.534,60.83,4.736,0.7424,265.3,216,9.1,5.2,41,36.1,84.3,94.3,7.8,46.8,5.8,110.1,26,58.4,69,66,17.96,5.427,7.814,20,0,115.3,112.7,139,102.4,8.7,9.3,70,100,100,100,56,56,67,58.55,64.26,70.49,64.78,123.2,63.13,-9.676,9.11,8.519999999999996,Normal,100,52
13100,49,59.17,59.4,50.06,49.8,70.75,70.4,79.27,79.2,76.62,70.64,57.71,59.38,94.47,29.38,66.29,-1.19,81.92,68.81,15.02,1.902,60.4,4.769,0.7372,266.3,216,9.2,5.1,40.8,35.9,84.3,94.3,8,46.8,6,110.3,26.3,58.4,70,67,16.27,4.897,7.715,20,0,115.1,112.4,139.4,102.7,8.6,9.4,80,100,100,100,56,56,62,58.55,64.26,70.49,64.78,123.6,63.12,-10.14,9.11,8.519999999999996,Normal,100,52
13400,49,59.25,59.6,50.1,50,70.79,70.6,79.31,79.2,76.62,70.73,57.79,59.46,93.97,29.67,65.03,-0.7325,82.18,69.09,15,1.9,60.61,4.767,0.7375,264.9,215.7,9,5.1,41,36.1,84.3,94.3,7.8,46.8,6,110.1,26,58.2,70,67,19.19,5.807,7.715,20,0,114.2,111.6,139,102.4,8.6,9.5,70,100,100,100,56,56,67,58.76,64.3,70.49,64.82,128.6,63.5,-16.54,9.15,8.519999999999996,Normal,100,52
13400,49,59.25,59.6,50.1,50,70.79,70.6,79.31,79.1,76.58,70.69,57.79,59.46,94.13,30.18,65.14,-1.187,82.66,69.49,15.08,1.911,60.62,4.794,0.7334,265.3,216.9,9,5.5,41,36.1,84.6,94.8,8.1,46.8,6,110.3,26,58.7,69,66,20.3,6.133,7.814,20,0,114.2,111.6,138.5,101.8,8.5,9.6,70,100,100,100,56,56,67,58.72,64.34,70.53,64.86,128.8,63.86,-17.71,9.15,8.519999999999996,Normal,100,52
13400,49,59.25,59.6,50.1,50,70.79,70.6,79.31,79.2,76.62,70.69,57.79,59.46,93.86,29.64,65.4,-1.183,82.48,69.34,15.05,1.906,61.3,4.731,0.7432,264.6,216.4,9.2,5.5,40.8,35.9,84.3,94.8,8.1,46.8,6,110.1,26,58.9,69,66,21.29,6.451,7.814,20,0,114.2,111.3,139.9,103.5,8.5,9.6,70,100,100,100,56,56,67,58.76,64.3,70.53,64.86,128.4,63.73,-15.91,9.15,8.519999999999996,Normal,100,52
13400,49,59.25,59.4,50.1,50,70.75,70.6,79.31,79.2,76.62,70.69,57.79,59.46,94.32,29.64,65.41,-0.7311,82.56,69.4,15.06,1.908,60.43,4.804,0.7319,264.6,216.7,9.3,5.1,40.8,35.9,84.3,94.3,8.1,46.6,5.6,110.3,26,58.4,70,67,19.07,5.749,7.715,20,0,114.2,111.3,136.5,99.9,8.6,9.4,70,100,100,100,56,56,67,58.76,64.3,70.53,64.86,128.4,63.79,-16.15,9.15,8.560000000000002,Normal,100,52
13400,49,59.25,59.4,50.1,50.1,70.79,70.6,79.31,79.2,76.62,70.73,57.79,59.42,94.53,29.85,65.42,-0.7369,82.12,69.03,14.62,1.53,60.5,4.773,0.7367,266.4,215.5,9.2,5.1,40.8,35.9,84.3,94.3,8.6,46.8,5.8,110.3,25.7,57.7,69,66,16.87,5.077,7.814,20,0,114.5,111.3,139.4,102.8,8.6,9.4,70,100,100,100,56,56,67,58.76,64.34,70.53,64.86,128.4,61.89,-14.74,9.15,8.519999999999996,Normal,100,52
13400,49,59.25,59.6,50.1,50,70.79,70.8,79.31,79.2,76.66,70.69,57.75,59.46,94.67,29.44,66.43,-1.193,82.89,69.31,15.5,1.916,60.88,4.787,0.7346,266.9,217.5,9.1,5.2,41,36.1,84.3,94.3,8.1,46.8,6,110.1,25.8,58.4,69,66,19.43,5.839,7.814,20,0,114,111.3,139.9,103.2,8.3,9.5,70,100,100,100,56,56,67,58.76,64.34,70.49,64.82,126.6,65.61,-11.56,9.15,8.519999999999996,Normal,100,52
13400,49,59.25,59.6,50.1,50.1,70.79,70.6,79.31,79.2,76.62,70.69,57.75,59.42,94.56,29.86,65.89,-1.192,82.99,69.39,15.14,1.546,60.51,4.822,0.7291,266.5,217.8,8.8,5.4,41,36.1,84.6,94.8,8.1,46.8,5.6,110.1,25.5,58.9,70,67,19.82,5.96,7.715,20,0,114.2,111.6,137,100.3,8.6,9.6,70,100,100,100,56,56,67,58.76,64.34,70.53,64.82,128.4,63.66,-14.15,9.15,8.519999999999996,Normal,100,52
13400,49,59.29,59.6,50.1,50,70.79,70.6,79.31,79.2,76.62,70.69,57.75,59.42,94.1,29.71,65.57,-1.186,83.16,69.22,15.11,1.171,60.4,4.841,0.7263,265.2,217.3,9,4.8,41,36.1,84,93.8,8.3,46.8,5.6,110.3,26.3,58.2,69,66,21.94,6.631,7.814,20,0,114.2,111.3,139.4,103.7,8.6,9.4,70,100,100,100,56,56,67,58.8,64.38,70.49,64.82,127.8,63.96,-14.78,9.189999999999998,8.519999999999996,Normal,100,52
13500,49,59.29,59.4,50.1,50.1,70.83,70.6,79.35,79.1,76.58,70.69,57.75,59.42,94.53,30.76,65.42,-1.646,82.65,68.8,15.01,1.164,61.49,4.726,0.744,266.4,215.9,9.2,5.2,40.8,35.9,84.3,94.3,8.3,46.6,5.6,110.5,26,58.2,69,66,19.73,5.936,7.814,20,0,114.2,111.3,138.5,101.3,8.5,9.4,70,100,100,100,56,56,67,58.8,64.34,70.49,64.82,133.3,63.57,-13.79,9.189999999999998,8.519999999999996,Normal,100,52
13500,49,59.29,59.6,50.1,50,70.79,70.6,79.35,79.4,76.62,70.69,57.79,59.42,95.25,30.39,66.06,-1.195,82.75,69.26,14.66,1.165,60.64,4.798,0.7327,267.2,216.2,8.7,4.6,41.2,36.3,84,93.8,8.1,46.8,5.5,110.3,26.1,58.2,70,67,16.7,4.986,7.715,20,0,114.2,111.3,136.5,99.3,8.8,9.6,70,100,100,100,56,56,67,58.76,64.34,70.53,64.82,130.7,61.64,-12.94,9.189999999999998,8.559999999999988,Normal,100,52
13500,49,59.25,59.4,50.1,50,70.79,70.6,79.35,79.2,76.62,70.69,57.79,59.46,94.73,30.22,65.69,-1.188,82.13,69.04,14.99,1.898,60.65,4.761,0.7385,265.7,215.5,9.2,5.4,40.8,35.9,84.6,94.8,8.4,46.6,5.6,110.3,25.7,58,70,67,16.35,4.91,7.715,20,0,114.2,111.3,139.4,103.5,8.4,9.6,70,100,100,100,56,56,67,58.8,64.34,70.53,64.86,130.9,63.45,-13.54,9.15,8.559999999999988,Normal,100,52
13500,49,59.25,59.4,50.1,50,70.79,70.6,79.31,53.6,76.62,70.73,57.75,59.46,94.25,29.76,65.23,-0.7348,82.53,69.01,15.43,1.908,60.96,4.76,0.7386,265.7,216.6,8.8,5.1,41,36.1,84.3,94.3,8.3,46.8,6,110.3,26,58.4,69,66,19.76,5.963,7.814,20,0,114.2,111.3,139.4,102.7,8.6,9.6,70,100,100,100,56,56,67,58.8,64.34,70.57,64.82,128.9,64.4,-15.43,9.15,8.519999999999996,Normal,100,52
13500,49,59.25,59.4,50.1,49.8,70.79,70.6,79.31,79.2,76.66,70.73,57.75,59.42,94.23,29.3,65.66,-0.7346,82.94,69.36,15.13,1.545,60.6,4.813,0.7305,265.6,217.7,9,5.1,40.8,36.1,84.3,94.3,8.6,46.8,5.8,110.1,26,58.9,70,67,20.91,6.31,7.715,20,0,114.2,111.3,136.5,99.6,8.6,9.4,80,100,100,100,56,56,67,58.8,64.34,70.57,64.86,127,63.62,-14.93,9.15,8.519999999999996,Normal,100,52
15000,50,56.14,56.5,49.9,50,65.84,65.8,71.61,71.2,70.23,65.73,55.87,56.27,64.7,15.45,50.45,-1.203,56.41,53.97,3.612,1.171,43.62,4.546,0.7733,269.1,217,8.7,4.1,41.3,36.4,75.3,79.4,6,47.8,6.3,110.1,35.3,42.2,50,48,14.45,6.354,9.8,20,0,112,109,134,96.6,5.6,6.5,50,0,100,80,56,56,57,59.17,63.23,58.41,57.45,91.24,86.69,-18.74,6.240000000000002,5.769999999999996,Normal,100,53
15000,50,56.14,56.3,49.9,50,65.84,65.6,71.61,71.4,70.23,65.69,55.87,56.31,64.29,15.35,50.58,-1.652,56.22,53.78,3.968,1.535,43.6,4.534,0.7755,267.3,216.3,8.7,3.9,41.5,36.4,75,78.9,6,47.7,6.4,110.3,35.3,43,49,47,15.23,6.737,9.926,20,0,112,109,134,96.4,5.8,6.3,50,0,100,80,56,56,57,59.17,63.19,58.37,57.45,91.56,95.24,-16.92,6.240000000000002,5.769999999999996,Normal,100,53
15000,50,56.14,56.5,49.9,49.8,65.8,65.8,71.57,71.2,70.23,65.69,55.87,56.31,64.41,14.93,50.68,-1.198,55.87,53.45,3.944,1.526,43.61,4.505,0.7805,267.9,214.9,8.5,3.8,41.3,36.4,75,78.9,6,47.7,6.4,110.3,35.3,42.7,50,48,13.58,5.994,9.8,20,0,112,109.2,133.5,96.3,5.4,6.5,50,0,100,80,56,56,57,59.17,63.15,58.41,57.45,89.94,94.66,-14.64,6.240000000000002,5.769999999999996,Normal,100,53
15000,50,56.18,56.5,49.94,50,65.8,65.6,71.61,71.2,70.23,65.69,55.87,56.27,64.74,15.35,50.58,-1.196,56.04,53.24,3.589,0.7953,43.59,4.52,0.7778,267.3,215.6,8.7,3.8,41.3,36.4,75,78.9,5.5,47.7,6.2,110.3,35.4,42.5,49,47,12.98,5.704,9.926,20,0,112,109.2,133.5,96.3,5.4,6.5,50,0,100,80,56,56,57,59.13,63.15,58.41,57.45,91.56,86.12,-14.07,6.240000000000002,5.810000000000002,Normal,100,53
15000,50,56.14,56.3,49.94,50,65.8,65.6,71.61,71.4,70.19,65.69,55.87,56.27,64.64,15.79,50.04,-1.194,55.24,52.84,3.561,1.154,43.62,4.453,0.7895,266.9,213.9,8.3,3.6,41.3,36.6,75,78.9,6,47.7,6.2,110.3,35.3,42.3,50,48,10.6,4.663,9.8,20,0,112,109.2,133.5,96.3,5.6,6.5,50,0,100,80,56,56,57,59.17,63.15,58.37,57.41,95.1,85.47,-14.9,6.200000000000003,5.810000000000002,Normal,100,53
15000,50,56.14,56.3,49.94,50,65.8,65.8,71.61,71.4,70.19,65.69,55.87,56.27,65.01,15.88,50.34,-1.201,55.92,53.49,3.605,1.168,43.62,4.507,0.7801,268.5,216.6,8.3,3.6,41.5,36.6,75.3,78.9,6.3,47.7,6.2,110.1,34.8,42.3,50,47,11.66,5.099,9.926,20,0,112,109.2,134.5,97.4,5.8,6.5,50,0,100,80,56,56,57,59.17,63.15,58.37,57.41,95.66,86.52,-16.8,6.200000000000003,5.810000000000002,Normal,100,53
15000,50,56.14,56.5,49.94,50,65.8,65.8,71.57,71.2,70.23,65.69,55.87,56.31,64.26,14.89,50.56,-1.195,55.41,53,3.937,1.523,43.63,4.465,0.7874,267.2,214.6,8.5,4.1,41.3,36.4,75.3,79.4,6,47.7,6.1,110.3,35.3,41.8,50,48,12.51,5.538,9.8,20,0,112,109,133,95.3,5.4,6.7,50,0,100,80,56,56,57,59.17,63.19,58.37,57.45,88.81,94.5,-12.86,6.200000000000003,5.769999999999996,Normal,100,53
15000,50,56.09,56.3,49.9,50,65.84,65.8,71.57,71.4,70.23,65.69,55.82,56.27,64.04,14.95,50.75,-1.657,56.06,53.62,3.983,1.541,43.62,4.519,0.7781,268.2,217.1,8.7,3.8,41.3,36.4,75.3,78.9,6.3,47.7,6.4,110.1,35,42.5,49,47,15.56,6.913,9.926,20,0,111.8,109,134,96.8,5.8,6.3,50,0,100,80,56,56,57,59.17,63.19,58.37,57.45,89.13,95.6,-15.16,6.190000000000005,5.72999999999999,Normal,100,53
15000,50,56.09,56.5,49.94,50,65.84,65.8,71.57,71.2,70.19,65.69,55.87,56.27,63.66,15.32,50,-1.647,55.46,53.4,3.599,1.535,43.59,4.473,0.786,266.6,216.2,8.7,3.8,41.3,36.4,75,78.9,6,47.7,6.4,110.3,35.3,42.5,50,48,14.75,6.589,9.8,20,0,111.8,109,132.5,95.3,5.4,6.5,50,0,100,80,56,56,57,59.17,63.19,58.41,57.45,91.33,86.37,-18.14,6.150000000000006,5.72999999999999,Normal,100,53
15000,50,56.14,56.3,49.94,50,65.8,65.8,71.61,71.4,70.19,65.69,55.87,56.27,64.43,15.74,49.89,-1.19,55.95,53.51,3.606,1.169,43.63,4.508,0.7799,266,216.7,8.5,3.6,41.3,36.4,75,78.9,5.7,47.7,6.4,110.3,35.4,42.3,50,48,13.8,6.094,9.8,20,0,112,109.2,135,97.9,5.6,6.5,50,0,100,80,56,56,57,59.17,63.19,58.37,57.45,93.84,86.55,-19.33,6.200000000000003,5.810000000000002,Normal,100,53
15100,50,56.14,56.3,49.9,50,65.8,65.6,71.61,71.2,70.23,65.69,55.87,56.31,64.79,15.37,50.62,-1.196,56.44,53.99,3.984,1.541,43.63,4.548,0.7731,267.5,217.1,8.4,4.1,41.6,36.7,75,79.4,6,47.7,6.1,110.3,35.3,43,50,47,14.24,6.253,9.926,20,0,111.8,109,132.5,95.1,5.6,6.3,50,0,100,80,56,56,57,59.21,63.23,58.41,57.45,91.64,95.61,-17.81,6.240000000000002,5.810000000000002,Normal,100,53
15100,50,56.14,56.3,49.9,50,65.8,65.6,71.57,71.2,70.23,65.69,55.87,56.27,64.51,14.95,50.76,-1.2,55.59,53.18,3.56,1.154,43.62,4.481,0.7846,268.3,213.9,8.7,3.8,41.3,36.4,75,78.9,5.7,47.7,6.2,110.3,35.6,42.3,49,47,12.24,5.395,9.926,20,0,112,109,134,96.8,5.4,6.3,50,0,100,80,56,56,57,59.17,63.23,58.41,57.45,88.27,85.44,-12.79,6.240000000000002,5.769999999999996,Normal,100,53
15100,50,56.14,56.3,49.9,50,65.8,65.8,71.61,71.2,70.23,65.73,55.87,56.31,64.78,15.36,50.16,-0.7398,56.24,53.81,3.97,1.536,43.63,4.532,0.7758,267.5,216.4,8.3,3.8,41.5,36.6,75,78.9,6.3,47.7,6.4,110.3,35,42.5,49,47,13.61,5.977,9.926,20,0,112,109.2,135.5,97.6,5.4,6.5,50,0,100,80,56,56,57,59.17,63.19,58.41,57.41,91.62,95.25,-19.48,6.240000000000002,5.810000000000002,Normal,100,53
15100,50,56.14,56.5,49.94,50,65.84,65.8,71.57,71.4,70.23,65.69,55.87,56.31,64.25,15,50.91,-1.663,56.08,53.64,3.985,1.542,43.62,4.52,0.7779,269.1,217.2,8.5,3.6,41.5,36.6,75,78.9,6,47.7,6.4,110.3,35.3,42.5,50,48,14.9,6.598,9.8,20,0,112,109.2,133.5,96.4,5.6,6.5,50,0,100,80,56,56,57,59.17,63.23,58.37,57.45,88.53,95.64,-14.39,6.200000000000003,5.72999999999999,Normal,100,53
15100,50,56.14,56.1,49.94,50,65.84,65.6,71.61,71.2,70.23,65.69,55.91,56.27,64.31,15.36,50.6,-1.652,56.2,54.12,3.251,1.174,43.61,4.531,0.776,267.4,217.6,8.4,3.8,41.2,36.3,75,78.9,6.4,47.7,6.1,110.3,35.1,41.8,49,47,15.09,6.674,9.926,20,0,112,109.2,135,97.4,5.6,6.1,50,0,100,80,56,56,57,59.21,63.28,58.41,57.45,90.68,78.03,-18.6,6.200000000000003,5.769999999999996,Normal,100,53
15100,50,56.14,56.3,49.94,50,65.84,65.8,71.61,71.2,70.23,65.69,55.87,56.31,64.25,15.35,50.56,-1.651,55.65,53.23,3.955,1.53,43.6,4.488,0.7834,267.2,215.5,8.7,4.1,41.3,36.4,75.3,79.4,6.3,47.7,6.2,110.1,35,42,50,48,13.37,5.918,9.8,20,0,112,109,133.5,95.6,5.4,6.3,50,0,100,80,56,56,57,59.21,63.23,58.37,57.45,91.52,94.91,-14.12,6.200000000000003,5.769999999999996,Normal,100,53
15100,50,56.14,56.3,49.9,50,65.8,65.8,71.57,71.4,70.23,65.73,55.87,56.27,64.47,14.94,50.27,-0.7414,56.16,53.73,3.597,1.166,43.65,4.524,0.7773,268.1,216.1,8.3,3.6,41.5,36.6,75,78.9,6,47.7,6.1,110.1,35.3,42.2,49,47,14.46,6.377,9.926,20,0,112,109.2,133.5,96.4,5.8,6.5,50,0,100,80,56,56,57,59.21,63.28,58.37,57.41,88.2,86.32,-18.47,6.240000000000002,5.769999999999996,Normal,100,53
15100,50,56.14,56.3,49.9,50,65.84,65.6,71.61,71.4,70.23,65.73,55.87,56.31,63.88,15.26,49.81,-1.188,56.17,53.74,3.965,1.534,43.63,4.527,0.7767,265.6,216.1,8.3,3.9,41.5,36.6,75.3,79.4,6,47.7,6.1,110.3,35.3,43,50,48,16.53,7.361,9.8,20,0,112,109.2,134,96.4,5.8,6.5,50,0,100,80,56,56,57,59.17,63.23,58.37,57.41,90.07,95.16,-20.97,6.240000000000002,5.769999999999996,Normal,100,53
15100,50,56.14,56.3,49.9,50,65.84,65.6,71.57,71.4,70.23,65.73,55.87,56.27,63.4,14.8,49.79,-1.187,56.24,53.8,3.601,1.167,43.65,4.53,0.7762,265.5,216.4,8.3,3.3,41.5,36.6,74.7,78.4,6,47.7,6.4,110.1,35.4,42.8,49,47,18.48,8.29,9.926,20,0,112,109.2,134.5,96.3,6.1,6.3,50,0,100,80,56,56,57,59.17,63.23,58.41,57.45,87.36,86.43,-21.42,6.240000000000002,5.72999999999999,Normal,100,53
15100,50,56.14,56.3,49.9,50,65.84,65.8,71.61,71.2,70.23,65.73,55.87,56.31,64.43,15.39,50.24,-1.198,56.18,53.75,3.966,1.534,43.63,4.527,0.7766,267.9,216.1,8.4,3.8,41.6,36.7,75,78.9,5.5,47.7,6.4,110.3,35.6,42.2,50,48,14.6,6.447,9.8,20,0,112,109.2,134,96.8,5.6,6.3,50,0,100,80,56,56,57,59.17,63.23,58.37,57.45,90.85,95.18,-18.69,6.240000000000002,5.769999999999996,Normal,100,53
15200,50,56.14,56.3,49.9,50,65.84,65.8,71.57,71.4,70.27,65.73,55.87,56.31,64.11,14.51,50.81,-1.201,56.62,54.17,3.997,1.546,43.63,4.563,0.7706,268.5,217.8,8.7,3.3,41.5,36.4,74.7,78.4,5.5,47.7,6.5,110.1,35.4,42,49,47,17.3,7.673,9.926,20,0,112,109.2,135,97.9,5.6,6.3,50,0,100,80,56,56,57,59.21,63.23,58.41,57.45,86.51,95.93,-17.79,6.240000000000002,5.72999999999999,Normal,100,53
15200,50,56.09,56.3,49.9,50,65.84,65.8,71.57,71.4,70.23,65.73,55.91,56.31,63.98,14.93,50.24,-1.198,56.23,54.52,3.624,1.917,43.63,4.532,0.7759,268,217.8,8.5,3.9,41.5,36.6,75.3,79.4,6,47.7,6.4,110.1,35.2,42.8,49,47,16.38,7.284,9.926,20,0,112,109.2,135,98.6,5.8,6.5,50,0,100,80,56,56,57,59.17,63.23,58.37,57.45,88.16,86.98,-22.82,6.190000000000005,5.72999999999999,Normal,100,53
15200,50,56.14,56.3,49.94,49.8,65.84,65.8,71.61,71.4,70.27,65.69,55.91,56.31,64.56,14.96,51.26,-1.659,56.04,53.97,3.612,1.541,43.64,4.515,0.7787,268.5,217,8.5,3.6,41.5,36.6,75,78.9,6,47.7,6.4,110.1,35.5,42,50,48,13.67,6.021,9.8,20,0,112,109,133.5,95.9,5.8,6.3,50,0,100,80,56,56,57,59.21,63.23,58.41,57.45,89.23,86.68,-14.19,6.200000000000003,5.769999999999996,Normal,100,53
15200,50,56.14,56.3,49.9,50,65.84,65.6,71.57,71.4,70.23,65.73,55.87,56.31,63.47,14.81,49.84,-1.189,56.21,53.78,3.968,1.535,43.62,4.531,0.776,265.8,216.3,8.3,3.6,41.5,36.6,75,78.9,5.8,47.7,6.4,110.1,35.1,43,49,47,18.11,8.115,9.926,20,0,112,109.2,134.5,96.6,5.8,6.5,50,0,100,80,56,56,57,59.17,63.23,58.41,57.45,87.45,95.23,-20.99,6.240000000000002,5.72999999999999,Normal,100,53
15200,50,56.09,56.5,49.9,50,65.84,65.8,71.57,71.4,70.27,65.73,55.87,56.27,63.9,14.46,50.64,-1.197,56.14,54.07,3.619,1.543,43.62,4.526,0.7769,267.6,217.4,8.8,3.6,41.2,36.3,75,78.9,5.8,47.7,6.2,110.1,35.3,42.1,50,48,16.34,7.273,9.8,20,0,112,109.2,135,97.6,5.6,6.5,50,0,100,80,56,56,57,59.21,63.23,58.41,57.45,86.23,86.86,-18.12,6.190000000000005,5.72999999999999,Normal,100,53
15200,50,56.14,56.3,49.9,50,65.84,65.6,71.61,71.2,70.23,65.73,55.91,56.27,64.41,15.38,50.22,-1.198,56.12,54.06,3.225,1.165,43.6,4.525,0.777,267.8,215.9,8.7,3.8,41.3,36.4,75,78.9,6,47.7,6.4,110.3,35.3,42.6,49,47,14.44,6.376,9.926,20,0,112,109,134.5,97.3,5.6,6.3,50,0,100,80,56,56,57,59.21,63.23,58.41,57.45,91.74,77.4,-20.44,6.240000000000002,5.769999999999996,Normal,100,53
15200,50,56.14,56.5,49.9,50,65.84,65.8,71.61,71.4,70.27,65.73,55.87,56.31,64.39,14.92,50.67,-1.198,56.32,53.88,3.976,1.538,43.61,4.541,0.7743,267.8,216.7,8.7,3.3,41.5,36.4,75,78.9,6,47.7,6.4,110.3,35.1,41.8,50,48,15.21,6.72,9.8,20,0,112,109.2,135.5,98.3,5.6,6.5,50,0,100,80,56,56,57,59.21,63.23,58.41,57.45,89,95.41,-16.98,6.240000000000002,5.769999999999996,Normal,100,53
15200,50,56.14,56.3,49.94,50,65.84,65.6,71.61,71.4,70.27,65.73,55.87,56.31,64.16,14.87,50.48,-1.193,56.12,53.67,3.988,1.543,43.64,4.522,0.7776,266.8,217.3,8.5,3.6,41.5,36.6,75,78.9,6.1,47.7,6.2,110.1,35.3,43,49,47,15.38,6.817,9.926,20,0,111.8,109,133,95.9,5.8,6.3,50,0,100,80,56,56,57,59.21,63.23,58.37,57.45,88.67,95.71,-16.88,6.200000000000003,5.769999999999996,Normal,100,53
16900,50,53.8,53.8,49.9,50,64.57,64.4,68.25,67.9,67.16,60.74,53.65,53.89,41.25,12.23,71.96,-42.94,35.18,33.85,2.123,0.7971,35.09,3.525,0.9975,268.8,216.2,8,2.7,42,37.1,70.6,72,4.2,49,6.7,121.7,51.4,35.3,39,38,13.74,9.472,11.2,20,0,114.2,110.5,132.5,94.3,3.5,3.8,30,0,100,40,47,56,63,59.46,61.92,54.6,54.3,118.9,50.95,142.3,3.899999999999999,3.680000000000007,Normal,100,54
16900,50,53.76,53.9,49.9,50,64.57,64.5,68.25,67.9,67.16,60.74,53.65,53.89,41.34,12.25,72.1,-43.02,34.67,33.72,2.114,1.161,35.09,3.474,1.012,269.3,215.4,7.9,2.7,42.1,37.2,70.6,72,4.5,48.8,6.8,121.7,51.1,34.6,40,39,11.66,8.023,11.04,20,0,114.2,110.5,132,93.8,3.4,3.9,30,0,100,40,47,56,63,59.46,61.92,54.6,54.3,119.1,50.75,143.4,3.86,3.680000000000007,Normal,100,54
16900,50,53.8,53.8,49.9,50,64.53,64.4,68.21,67.9,67.16,60.74,53.7,53.89,41.3,11.78,72.04,-42.52,35.17,34.21,1.753,0.7969,35.06,3.527,0.9969,269.1,216.2,7.7,3,42.1,37.2,70.3,72.5,3.9,48.8,6.9,122,51.7,35.1,39,38,13.52,9.311,11.2,20,0,114,110.5,133,95,3.5,4,30,0,100,40,47,56,63,59.46,61.92,54.6,54.3,114.6,42.08,141.3,3.899999999999999,3.6799999999999926,Normal,100,54
16900,50,53.76,53.9,49.9,49.8,64.53,64.5,68.21,68.1,67.16,60.74,53.65,53.93,41.48,11.84,72.35,-42.71,34.87,33.92,2.496,1.538,35.09,3.494,1.006,270.3,216.6,7.9,2.2,42,37.1,70.3,71.5,3.9,49,6.9,121.7,51.4,34.3,40,39,11.87,8.141,11.04,20,0,114.2,110.5,130.5,92.8,3.6,3.9,30,0,100,40,47,56,63,59.46,61.92,54.6,54.26,115.1,59.91,143.6,3.86,3.6799999999999926,Normal,100,54
17000,50,53.8,53.9,49.9,50,64.49,64.4,68.21,68.1,67.16,60.74,53.65,53.89,41.81,11.8,72.12,-42.11,35.35,34.02,2.133,0.801,35.09,3.542,0.9927,269.4,217.3,7.9,2.2,42.1,37.2,70.3,71.5,4.5,49,6.9,122,51.1,34.8,40,39,12.39,8.429,11.04,20,0,114.2,110.5,130,92,3.7,3.9,30,0,100,40,47,56,63,59.46,61.92,54.6,54.3,114.7,51.2,142.4,3.899999999999999,3.719999999999999,Normal,100,54
17000,50,53.76,53.9,49.9,50,64.53,64.5,68.21,67.9,67.16,60.74,53.7,53.89,41.5,11.84,72.4,-42.74,34.82,34.23,1.754,1.166,35.07,3.491,1.007,270.4,216.3,7.8,2.5,42,37.1,70.6,72,4.2,49,6.9,121.7,51.4,34.8,39,39,11.56,7.921,11.04,20,0,114.2,110.5,131,92.8,3.7,4.1,30,0,100,40,47,56,63,59.46,61.92,54.6,54.3,115.1,42.1,142.6,3.86,3.6799999999999926,Normal,100,54
17000,50,53.76,53.8,49.9,49.8,64.53,64.5,68.21,68.3,67.16,60.74,53.7,53.85,41.18,11.75,71.83,-42.4,34.89,34.3,1.389,0.7995,35.06,3.499,1.005,268.3,216.7,7.8,2.6,42,37.1,70.9,72.5,3.9,48.8,6.8,121.7,50.8,34.3,40,39,12.95,8.945,11.04,20,0,114.5,110.5,130.5,92.5,3.9,4,30,0,100,40,47,56,63,59.46,61.92,54.6,54.3,114.2,33.33,140.2,3.86,3.6799999999999926,Normal,100,54
17000,50,53.76,53.9,49.9,49.8,64.53,64.2,68.25,68.1,67.16,60.78,53.65,53.89,41.9,12.29,71.83,-42.21,34.73,33.78,2.118,1.164,35.07,3.482,1.01,270,215.8,7.9,2.5,42.1,37.2,70.6,72,4.7,49,6.9,121.7,51.1,34.8,39,38,9.857,6.691,11.2,20,0,114.2,110.5,132,94.9,3.7,4.1,30,0,100,40,47,56,63,59.46,61.92,54.6,54.3,119.4,50.84,143.1,3.86,3.719999999999999,Normal,100,54
17000,50,53.76,53.9,49.9,50,64.53,64.8,68.21,67.9,67.16,60.78,53.65,53.93,41.32,11.79,71.61,-42.08,34.6,33.65,2.477,1.526,35.07,3.469,1.013,269.2,214.9,7.9,2.4,42.1,37.2,70.3,71.5,4.4,49,7,121.7,51.4,34.4,39,38,11.46,7.886,11.2,20,0,114.5,110.7,131,93.1,3.4,3.9,30,0,100,40,47,56,63,59.46,61.92,54.6,54.3,114.6,59.44,142.7,3.86,3.6799999999999926,Normal,100,54
17000,50,53.76,53.9,49.9,50,64.53,64.4,68.25,68.1,67.16,60.74,53.65,53.89,41.68,12.22,71.9,-42.44,34.85,33.89,2.125,1.167,35.06,3.495,1.006,268.6,216.5,7.9,2.8,42,37.1,70.9,72.5,4.2,48.8,6.7,121.7,50.8,34.3,40,39,11.05,7.538,11.04,20,0,114.5,110.5,131.5,93.3,3.6,3.9,30,0,100,40,47,56,63,59.46,61.96,54.6,54.26,116.9,51,142,3.86,3.719999999999999,Normal,100,54
17000,50,53.76,53.9,49.9,49.8,64.53,64.4,68.21,68.1,67.16,60.74,53.61,53.89,41.13,11.74,71.75,-42.35,34.64,33.32,2.479,1.16,35.07,3.473,1.012,268,215.2,7.5,2.5,42.3,37.4,70.6,72,4.4,49,6.7,121.7,25.8,34.4,40,39,12.23,8.46,11.04,20,0,114.5,110.7,131.5,91.3,3.6,3.8,30,0,100,40,47,56,63,59.46,61.92,54.6,54.3,114.1,59.51,143.6,3.86,3.6799999999999926,Normal,100,54
17000,50,53.8,53.9,49.86,50,64.53,64.5,68.25,67.9,67.16,60.74,53.65,53.89,41.92,12.29,72.32,-42.69,35.4,34.08,2.114,0.7937,35.06,3.549,0.9906,270.2,215.3,7.5,2.7,42.3,37.4,70.6,72,4.7,48.8,6.7,122,51.1,34.3,39,38,12.11,8.217,11.2,20,0,114.2,110.7,131,92.5,3.5,4.1,30,0,100,40,47,56,63,59.46,61.92,54.6,54.26,119.5,50.73,142.9,3.9399999999999977,3.719999999999999,Normal,100,54
17000,50,53.76,53.9,49.9,50,64.53,64.4,68.25,67.9,67.16,60.74,53.65,53.89,41.63,12.2,71.81,-42.39,34.66,33.7,2.113,1.161,35.07,3.475,1.012,268.3,215.3,8,2.7,42.1,37.1,70.6,72,4.7,48.8,6.8,121.7,51.1,35.3,40,39,10.57,7.219,11.04,20,0,114.5,110.5,130,91.3,3.5,3.9,30,0,100,40,47,56,63,59.46,61.92,54.6,54.3,118.7,50.72,142.3,3.86,3.719999999999999,Normal,100,54
17000,50,53.76,53.8,49.86,49.8,64.53,64.5,68.25,68.1,67.16,60.78,53.65,53.89,41.58,12.19,71.28,-41.89,35.24,34.28,2.126,1.168,35.08,3.532,0.9955,268,216.6,7.5,2.2,42.3,37.4,70.3,71.5,4.2,49,7,121.7,51.7,34.9,40,39,12.77,8.732,11.04,20,0,114.2,110.7,131,93.8,3.6,3.9,30,0,100,40,47,56,63,59.46,61.92,54.6,54.26,118.5,51.03,139.1,3.899999999999999,3.719999999999999,Normal,100,54
17100,50,53.76,53.9,49.9,49.8,64.53,64.2,68.21,68.1,67.2,60.78,53.65,53.89,41.22,11.3,71.89,-41.98,34.84,33.89,2.125,1.167,35.06,3.494,1.006,268.6,216.4,8,2.2,42,37.1,70.3,71.5,3.9,49,6.9,122,51.4,34.4,39,38,12.65,8.727,11.2,20,0,114.5,110.5,132.5,94.5,3.9,3.9,30,0,100,40,47,56,63,59.46,61.92,54.6,54.3,109.9,51,142,3.86,3.6799999999999926,Normal,100,54
17100,50,53.76,53.8,49.86,50,64.49,64.4,68.21,67.9,67.16,60.74,53.65,53.89,41.89,11.82,72.27,-42.2,35.24,34.28,2.127,1.168,35.04,3.537,0.9942,270,216.6,7.7,2.4,42.1,37.4,70.6,72,4.2,48.8,6.7,121.7,51.4,34.3,39,38,11.66,7.916,11.2,20,0,114.2,110.5,131.5,93.3,3.5,3.8,30,0,100,40,47,56,63,59.46,61.92,54.6,54.26,114.9,51.04,141.9,3.899999999999999,3.719999999999999,Normal,100,54
17100,50,53.76,53.9,49.86,49.8,64.53,64.5,68.21,67.9,67.16,60.7,53.65,53.85,41.41,11.82,72.7,-43.1,34.9,33.95,1.74,0.7913,35.05,3.501,1.004,269.9,214.5,7.5,2.7,42.1,37.2,70.6,72,4.5,48.8,6.8,122,51.1,34.8,40,39,12.15,8.342,11.04,20,0,114.5,110.7,131.5,93,3.5,4.1,30,0,100,40,47,56,63,59.46,61.92,54.6,54.3,114.9,41.77,143.8,3.899999999999999,3.6799999999999926,Normal,100,54
17100,50,53.76,53.9,49.86,49.8,64.53,64.4,68.21,67.9,67.2,60.74,53.61,53.89,41.31,11.33,72.51,-42.53,35.24,33.91,2.496,1.168,35.06,3.534,0.9949,269.2,216.6,7.7,2.7,42.1,37.2,70.6,72,3.9,49,7,121.7,51.4,33.8,39,38,13.74,9.458,11.2,20,0,114.2,110.7,132,94.3,3.5,4.1,30,0,100,40,47,56,63,59.46,61.92,54.6,54.26,110.1,59.91,143.3,3.899999999999999,3.6799999999999926,Normal,100,54
17100,50,53.76,53.9,49.86,49.8,64.49,64.4,68.21,67.9,67.2,60.74,53.65,53.89,41.76,11.33,72.51,-42.07,35.06,34.11,2.116,1.162,35.02,3.521,0.9987,269.1,215.5,7.9,2.5,42.1,37.2,70.6,72,4.2,49,6.7,121.7,51.1,34.8,39,38,11.46,7.802,11.2,20,0,114.2,110.5,130.5,92.3,3.5,3.9,30,0,100,40,47,56,63,59.46,61.92,54.6,54.3,110.1,50.78,142.5,3.899999999999999,3.719999999999999,Normal,100,54
17300,44,53.72,53.9,49.86,49.8,64.49,64.2,68.21,67.6,67.2,60.78,53.65,53.89,42.73,11.59,73.72,-42.57,34.93,34.34,2.13,1.541,36.44,3.371,1.043,275.4,217,8.8,3.3,41,36.1,70.9,72.5,4.5,48.8,8,121.7,50.8,36.6,43,41,9.027,6.008,10.74,20,0,114.5,110.7,130.5,93.4,3.6,4.1,40,97.63,100,83.31,55.9,56,20,59.54,62.01,55.05,54.26,112.7,51.13,147.1,3.86,3.719999999999999,Normal,100,55
19500,44,55.32,55.5,46.29,46.3,85.33,85.1,94.05,93.9,91.85,73.39,55.01,55.53,97.43,24.55,206.3,-133.4,80.84,78.05,4.679,1.893,79.76,3.563,0.9867,268.2,215,6.8,5.1,39.5,34.6,99,122.1,8.9,43.2,3.7,123.7,25,87.6,93,89,21.41,6.249,5.704,20,0,116.2,111.6,141.9,106.8,8.6,9.2,55,0,100,35,49,56,27.85,59.91,80.64,57.84,56.71,28.43,99.99,166.7,9.03,8.719999999999999,Normal,100,56
19500,44,55.32,55.6,46.29,46.1,85.33,85.3,94.05,94.1,91.85,73.39,55.05,55.53,96.81,24.4,205,-132.6,81.34,78.9,4.339,1.905,79.83,3.582,0.9815,266.5,216.4,6.7,4.9,39.4,34.5,99,122.1,8.7,43.2,3.8,124,25,88,94,90,25.41,7.465,5.618,20,0,116.2,111.6,142.4,107.1,8.8,9.5,55,0,100,35,49,56,31.87,59.95,80.72,57.8,56.75,28.19,100,163.9,9.03,8.719999999999999,Normal,100,56
19600,44,55.28,55.5,46.25,46.3,85.37,85.3,94.05,93.9,91.89,73.43,55.05,55.53,96.49,23.98,205.3,-132.8,81.49,79.42,4.347,2.279,79.5,3.604,0.9756,266.8,216.8,6.5,5.3,39.8,34.8,99.2,122.6,9.4,43.4,3.6,124,24.5,87.8,93,89,26.76,7.887,5.704,20,0,116,111.6,140.9,105.4,8.8,9.2,55,0,100,35,49,56,31.88,59.95,80.76,57.84,56.75,27.65,96.41,163.6,9.03,8.679999999999993,Normal,100,56
19600,44,55.32,55.5,46.29,46.1,85.33,85.3,94.05,93.9,91.89,73.39,55.05,55.53,96.92,23.97,205.7,-132.7,81.29,78.86,4.337,1.904,79.76,3.583,0.9812,266.8,216.2,6.8,5.3,39.5,34.6,99.2,122.6,9.1,43.2,3.8,123.7,24.5,88.1,94,90,24.79,7.273,5.618,20,0,116.2,111.6,141.9,106.6,8.6,9.2,55,0,100,35,49,56,31.89,59.95,80.76,57.84,56.75,27.64,96.17,164.5,9.03,8.719999999999999,Normal,100,56
19600,44,55.32,55.6,46.25,46.1,85.33,85.1,94.05,93.7,91.89,73.43,55.05,55.53,96.78,23.94,204.9,-132.1,81.29,78.87,4.317,1.895,79.69,3.587,0.9803,266.4,215.3,6.5,5.3,39.5,34.6,99,122.1,8.7,43.2,3.4,123.7,25,88,94,90,25.22,7.411,5.618,20,0,116,111.8,143.4,107.8,8.6,9.3,55,0,100,35,49,56,27.9,59.95,80.72,57.84,56.75,27.66,95.74,163.9,9.07,8.719999999999999,Normal,100,56
19600,44,55.36,55.6,46.33,46.3,85.33,84.9,94.05,93.9,91.85,73.43,55.05,55.53,96.54,24.33,204,-131.8,81.17,78.37,4.33,1.533,79.52,3.589,0.9797,265.7,215.9,6.9,5.3,39.4,34.5,99.2,122.6,8.9,43.2,3.8,123.7,24.5,87.5,94,90,25.45,7.499,5.618,20,0,116.2,111.8,141.9,107.9,8.8,9.2,55,0,100,35,49,56,27.91,59.95,80.59,57.84,56.75,28.28,96.02,163.6,9.03,8.719999999999999,Normal,100,56
19600,44,55.36,55.5,46.29,46.1,85.33,84.9,94.05,93.7,91.85,73.39,55.05,55.53,97.05,24.46,205.5,-132.9,81.98,79.17,4.354,1.542,79.67,3.618,0.9717,267.1,217.1,6.7,5.1,39.4,34.5,99,122.1,8.6,43.4,3.9,124,25,87.5,93,89,26.68,7.819,5.704,20,0,116.2,111.6,142.4,107.6,8.8,9.4,55,0,100,35,49,56,27.92,59.95,80.43,57.88,56.8,28.66,96.54,164.2,9.07,8.719999999999999,Normal,100,56
19600,44,55.32,55.5,46.29,46.1,85.33,85.1,94.05,93.9,91.81,73.35,55.05,55.53,97.26,24.97,205.9,-133.6,81.44,79,4.345,1.908,79.56,3.599,0.9768,267.7,216.6,6.9,4.8,39.5,34.6,98.7,121.6,8.9,43.2,3.8,124,25.3,88,93,89,23.94,7.002,5.704,20,0,116,111.8,144.4,108.9,8.8,9.2,55,0,100,35,49,56,27.93,59.95,80.35,57.84,56.75,29.37,96.35,165,9.03,8.719999999999999,Normal,100,56
19700,45,55.32,55.3,46.29,46.3,85.33,85.1,94.05,93.9,91.85,73.39,55.05,55.49,97.03,24.45,205.5,-132.9,80.78,78.36,3.943,1.525,78.73,3.608,0.9746,267.1,214.9,6.6,5.1,39.5,34.6,99,122.1,9.1,43.2,3.4,124,24.5,87.6,91,87,21.6,6.333,5.877,20,0,116,111.8,137.5,102.4,8.5,9.2,50,0,100,20,49,56,24,59.95,80.64,57.84,56.75,28.37,87.44,165.2,9.03,8.719999999999999,Normal,100,57
19700,45,55.32,55.3,46.29,46.3,85.45,87.2,94.05,94.6,91.81,73.35,55.05,55.49,95.97,24.99,206.1,-135.1,81.02,78.59,3.954,1.53,76.05,3.746,0.9387,267.9,215.5,6.3,5.6,40.1,35,100.2,124.6,10.1,43.2,3.4,123.7,23.8,89.8,87,83,23.48,6.959,6.228,20,0,116,111.6,136,100.1,7.1,9,50,0,100,20,49,56,39,59.99,80.59,57.75,56.71,29.1,91.13,165.8,9.03,8.599999999999994,Normal,100,58
26200,44,50.2,50.3,44.21,44.1,75.75,75.7,81.6,81.3,79.57,61.84,49.44,50.41,65.35,22.7,197.9,-155.2,53.88,47.04,8.745,1.9,51.36,3.689,0.9531,267.9,215.8,5.7,3.9,38.6,33.8,85.2,95.8,6,42.4,3.5,116.9,32,61.6,58,56,11.05,4.81,8.86,20,0,112.7,109.2,139,104.2,5.6,6,90,0,100,25,48,56,49,60.19,69.62,56.36,53.6,57.79,76.02,204.2,5.990000000000002,5.849999999999994,Normal,100,59
26200,44,50.24,50.3,44.21,44.1,75.75,75.6,81.56,81.3,79.61,61.84,49.44,50.41,64.91,21.8,198.4,-155.3,54.13,46.93,8.726,1.529,51.35,3.706,0.9487,268,215.3,5.3,3.3,38.6,33.8,84.6,94.8,6.5,42.5,3.9,116.9,32.3,61.5,58,56,13.43,5.886,8.86,20,0,112.9,109.2,137,101.8,5.6,6.4,90,0,100,25,48,56,49,60.15,69.62,56.32,53.52,55.24,74.74,204.6,6.030000000000001,5.810000000000002,Normal,100,59
26200,44,50.2,50.4,44.21,44.1,75.79,75.7,81.6,81.3,79.61,61.84,49.44,50.37,64.79,22.21,198,-155.5,53.81,46.97,8.367,1.53,51.33,3.686,0.9539,267.5,215.5,5.6,4,38.5,33.7,85.2,95.8,6.2,42.4,3.8,116.9,31.8,62,58,56,12.72,5.583,8.86,20,0,112.9,109.2,138,103,5.5,6.3,90,0,100,25,48,56,49,60.15,69.62,56.28,53.56,56.29,73.82,204.1,5.990000000000002,5.809999999999988,Normal,100,59
26200,44,50.2,50.1,44.21,44.1,75.75,75.6,81.56,81.3,79.57,61.84,49.44,50.37,64.95,22.27,198.1,-155.4,54.03,47.16,8.401,1.537,51.43,3.693,0.9519,268.2,216.4,5.3,3.3,38.9,34,84.6,94.8,5.7,42.5,3.8,117.1,32.3,60.6,58,56,13.04,5.709,8.86,20,0,112.7,109.2,137.5,102.7,5.6,6.2,90,0,100,25,48,56,49,60.19,69.62,56.28,53.52,56.67,73.02,204.3,5.990000000000002,5.810000000000002,Normal,100,59
26200,44,50.2,50.3,44.21,44.1,75.75,75.7,81.6,81.3,79.57,61.8,49.44,50.37,64.85,22.53,196.8,-154.5,53.86,47.02,8.375,1.532,51.37,3.687,0.9537,265.9,215.7,5.5,3.6,38.6,33.8,84.9,95.3,6,42.5,3.9,116.9,32,61.6,58,56,12.75,5.59,8.86,20,0,112.7,109,138,103.2,5.6,6.2,90,0,100,25,48,56,49,60.15,69.58,56.28,53.52,57.34,72.8,202.4,5.990000000000002,5.849999999999994,Normal,100,59
26200,44,50.2,50.3,44.16,44.1,75.79,75.6,81.6,81.5,79.57,61.8,49.4,50.37,64.77,22.66,198,-155.9,54.13,46.93,8.727,1.529,51.39,3.703,0.9495,267.5,215.3,5.2,3.4,38.9,34,84.9,95.3,6.2,42.4,3.5,116.9,32,60.8,58,56,13.96,6.131,8.86,20,0,112.4,109.2,138,103.3,5.8,6.2,90,0,100,25,48,56,49,60.15,69.62,56.28,53.48,57.43,74.75,204.1,6.040000000000006,5.809999999999988,Normal,100,59
28500,45,48.03,48.2,45.15,45.1,75.58,75.6,78.65,78.6,77.56,55.66,47.96,48.2,34.43,12.25,245.7,-223.5,25.88,25.3,2.118,1.531,37.3,2.44,1.441,269.3,215.6,4.3,1.8,40.8,35.8,80.4,87.4,3.7,44.8,4,136.2,56.1,52.1,43,41,7.248,5.987,10.74,20,0,117.6,113.3,136.5,99.3,3,3.1,20,0,100,10,48,56,29,60.11,71.34,48.83,48.65,26.18,50.83,241.5,2.8800000000000026,3.0700000000000074,Normal,100,60
28500,45,48.03,48,45.07,44.9,75.58,75.6,78.65,78.6,77.52,55.62,47.96,48.2,34.42,12.7,245.6,-223.9,26.65,26.06,2.12,1.533,37.28,2.514,1.399,269.2,215.9,4.1,2.1,40.8,35.9,80.4,87.9,3.9,44.9,4.1,136.2,55.8,52,43,41,9.96,8.23,10.74,20,0,117.8,113.3,138,100.9,3.2,3.1,20,0,100,10,48,56,29,60.15,71.3,48.83,48.69,27.35,50.89,240.6,2.960000000000001,3.0700000000000074,Normal,100,60
28500,45,48.03,48.2,45.11,45.1,75.58,75.6,78.65,78.7,77.56,55.66,48,48.24,34.52,12.28,246.4,-224.1,26.3,26.08,2.121,1.902,37.3,2.479,1.418,270,216,4.1,2,40.8,35.8,80.7,87.9,3.4,44.9,4.1,136.2,55.5,51.5,43,41,8.381,6.904,10.74,20,0,117.8,113.3,136,99.4,3.1,3.3,20,0,100,10,48,56,29,60.15,71.26,48.83,48.69,26.54,50.9,241.4,2.9200000000000017,3.0700000000000074,Normal,100,60
28500,45,48.03,48.2,45.07,44.9,75.58,75.6,78.65,78.4,77.56,55.66,48,48.24,34.57,12.3,246.7,-224.4,26.79,26.57,2.13,1.911,37.33,2.523,1.394,270.4,217,4.1,2.3,40.8,35.9,80.7,87.9,4,44.9,4.1,136.5,55.8,51.6,43,41,9.971,8.203,10.74,20,0,118.1,113.3,138,98.8,2.8,3.1,20,0,100,10,48,56,29,60.15,71.18,48.87,48.69,26.77,51.13,241.2,2.960000000000001,3.0700000000000074,Normal,100,60
30200,44,55.23,55.5,44.78,44.6,70.67,70.6,80.62,80.4,77.85,70.6,54.1,55.45,111,30.91,80.81,-0.7398,93.7,83.57,12.02,1.894,70.51,4.672,0.7525,267.7,215.1,7.4,5.6,37.6,32.7,86.3,97.8,9,41.4,4,108,21.4,64.6,82,79,9.756,2.5,6.586,20,0,112.4,109.6,138,104.8,10,10.7,80,100,100,83.09,57,56,65.38,59.33,65.49,64.26,59.83,120.5,64.97,-9.166,10.449999999999996,9.950000000000005,Normal,100,61
30400,44,55.23,55.5,44.74,44.6,70.67,70.4,80.62,80.5,77.81,70.6,54.1,55.41,110.3,31.18,79.87,-0.7354,94.26,84.12,11.68,1.53,70.93,4.673,0.7524,266.1,215.5,7,5.9,37.4,32.9,86.3,97.8,9,41.2,3.8,107.7,21.7,65.1,82,79,14.49,3.737,6.586,20,0,112,109.4,138,105.1,9.8,10.9,80,100,100,81.48,57,56,60.7,59.33,65.53,64.35,59.91,120.8,63.12,-14.15,10.489999999999997,9.950000000000005,Normal,100,61
30400,44,55.23,55.3,44.74,44.6,70.67,70.4,80.58,80.4,77.81,70.56,54.1,55.41,110.2,30.81,80.55,-1.194,94.37,84.22,11.69,1.532,70.35,4.717,0.7454,266.9,215.8,7.2,5.6,37.4,32.7,86,97.3,9.2,41.4,3.8,108,22,65.3,82,79,14.79,3.819,6.586,20,0,112,109.2,139.9,106.7,9.8,10.7,80,100,100,81.07,57,56,60.79,59.29,65.4,64.39,59.91,121,62.61,-12.13,10.489999999999997,9.909999999999997,Normal,100,61
30400,44,55.23,55.5,44.74,44.6,70.63,70.6,80.58,80.2,77.81,70.6,54.1,55.41,110.2,30.7,79.8,-0.281,93.73,83.64,11.61,1.521,70.64,4.665,0.7537,265.9,214.3,7.2,5.8,37.4,32.7,86,97.3,9,41.2,3.8,107.7,21.7,64.4,82,79,12.67,3.268,6.586,20,0,112.2,109.4,139,105.8,9.8,10.9,80,100,100,80.94,57,56,65.81,59.33,65.4,64.35,59.91,121.3,62.76,-12.79,10.489999999999997,9.950000000000005,Normal,100,61
30400,44,55.19,55.3,44.74,44.6,70.63,70.4,80.58,80.2,77.77,70.56,54.1,55.41,110.3,31.17,79.84,-0.7358,93.79,84.02,11.66,1.895,70.88,4.652,0.7557,266,215.3,7.2,5.6,37.4,32.7,86.6,97.3,9.3,41.4,4,107.7,21.1,64.6,82,79,12.92,3.334,6.586,20,0,112.2,109.4,138.5,105.1,10,10.7,80,100,100,80.81,57,56,60.84,59.33,65.45,64.35,59.91,122.4,63.05,-13.93,10.449999999999996,9.950000000000005,Normal,100,61
30400,44,55.19,55.3,44.74,44.6,70.67,70.4,80.54,80.4,77.77,70.56,54.06,55.41,109.4,30.71,79.85,-1.19,94.39,84.19,12.11,1.907,70.8,4.687,0.7501,266.1,216.7,7,5.5,37.6,32.9,86,97.3,8.9,41.4,3.8,108,21.7,64.4,82,79,18.11,4.71,6.586,20,0,112,109.2,137,103.5,10,10.7,80,100,100,80.67,57,56,60.87,59.29,65.49,64.39,59.87,119,64.26,-14.46,10.449999999999996,9.870000000000005,Normal,100,61
30500,44,55.19,55.3,44.7,44.6,70.67,70.8,80.58,80.4,77.81,70.56,54.1,55.41,110.7,30.95,80.91,-1.199,94.84,85,11.75,1.909,68.33,4.88,0.7205,268.1,216.8,6.4,5.3,38.2,33.4,85.7,96.8,8.7,41.4,3.1,108,22.3,63.4,77,74,12.7,3.263,7.045,20,0,111.8,109,133,98.7,9.6,10.7,10.14,0,100,65,51,56,63,59.29,65.49,64.43,59.91,119.9,62.35,-13.55,10.489999999999997,9.909999999999997,Normal,100,62
30500,44,55.19,55.5,44.74,44.9,70.71,70.9,80.54,79.9,77.81,70.48,54.1,55.41,109.7,30.47,81.76,-2.57,93.81,84.04,11.67,1.896,61.7,5.346,0.6577,267.9,215.3,6.3,4.1,38.6,33.8,84,93.8,7.2,41.5,2.9,108,23.7,59.5,65,62,5.949,1.543,8.219,20,0,112,109.2,130.5,96,8.7,10.6,10.28,0,100,65,51,56,63,59.29,65.53,64.35,59.95,117.3,63.64,-7.446,10.449999999999996,9.830000000000013,Normal,100,63
31500,44,51.18,51.2,44,43.9,65.67,65.6,72.39,72,70.97,64.09,51.03,51.31,75.49,15.96,77.31,-17.78,64.54,63.21,2.486,1.163,49.02,4.629,0.7596,269.9,215.7,6.8,4.3,37.1,32.4,76.3,80.9,6.5,41.5,4.4,105.3,29,49,55,53,10.53,3.967,9.199,20,0,109.8,107.5,133.5,100,6.4,7.3,34.25,0,100,65,51,56,57,59.21,63.81,52.39,51.96,83.32,59.66,49.19,7.18,6.719999999999999,Normal,100,64
31500,44,51.18,51.2,44,43.9,65.67,65.6,72.35,72,70.97,64.09,51.07,51.35,74.65,15.42,76.92,-17.69,64.69,63.74,2.493,1.536,49.11,4.632,0.7591,268.5,216.2,6.8,4.6,37.1,32.4,76.6,81.4,6.5,41.7,4.5,105.5,29.2,48.5,55,53,14.09,5.369,9.199,20,0,110.1,107.5,133,99.6,6.4,7.3,34.39,0,100,65,51,56,57,59.21,63.93,52.35,51.96,78.42,59.83,46.03,7.18,6.679999999999993,Normal,100,64
31500,44,51.22,51.4,44,43.9,65.72,65.6,72.39,72.2,70.97,64.13,51.07,51.35,74.5,15.85,76.31,-17.66,64.96,63.64,2.489,1.165,49.04,4.658,0.7549,268,215.9,6.6,4.1,37.2,32.5,76.3,80.9,6.8,41.5,4.3,105.3,29,48.5,55,53,15.49,5.912,9.199,20,0,110.1,107.3,133.5,100.6,6.6,7.6,34.53,0,100,65,51,56,57,59.21,64.01,52.35,51.96,79.21,59.74,44.51,7.219999999999999,6.670000000000002,Normal,100,64
31500,44,51.22,51.4,44,44.1,65.72,65.6,72.39,72,70.97,64.13,51.03,51.35,74.47,15.84,76.28,-17.65,64.84,63.15,2.852,1.163,49.02,4.65,0.7561,267.9,215.5,7,4.3,37.1,32.4,76.3,80.9,6.3,41.7,4.6,105.5,29.3,48.9,55,53,15.15,5.785,9.199,20,0,110.1,107.3,132.5,99.1,6.4,7.3,34.66,0,100,65,51,56,57,59.21,63.97,52.39,51.96,79.86,68.44,46.12,7.219999999999999,6.670000000000002,Normal,100,64
31500,44,51.22,51.2,44.04,43.8,65.72,65.4,72.43,72.2,71.01,64.18,51.07,51.39,75,15.86,76.35,-17.21,64.2,62.88,2.84,1.523,49,4.606,0.7633,268.1,214.6,6.8,4.4,37.1,32.4,76.3,81.4,6.5,41.7,4.6,105.3,29.2,48.9,56,53,11.02,4.18,9.199,20,0,110.1,107.3,133,99.8,6.8,7.3,34.8,0,100,65,51,56,52,59.21,63.89,52.39,52,81.34,68.15,47.3,7.18,6.710000000000008,Normal,100,64
31800,44,51.26,51.2,44.08,43.9,65.72,65.6,72.43,72.2,71.01,64.13,51.12,51.39,75.37,15.94,77.19,-17.76,64.68,63.36,2.492,1.166,48.98,4.643,0.7572,269.5,216.2,6.9,4.1,37.2,32.5,76.3,80.9,6.5,41.7,4.6,105.3,29,47.9,55,53,11.4,4.303,9.199,20,0,109.6,107.3,133.5,100.1,6.6,7.1,38.16,0,100,65,51,56,57,59.25,63.85,52.6,52.09,83.19,59.81,48.29,7.18,6.710000000000008,Normal,100,64
31800,44,51.26,51.4,44.08,43.9,65.72,65.6,72.39,72,71.01,64.13,51.12,51.43,74.8,15.45,77.07,-17.73,64.62,63.3,2.858,1.533,49.02,4.635,0.7585,269.1,216,6.8,4.1,37.1,32.4,76.6,80.9,6.8,41.7,4.8,105.3,28.7,48.5,55,53,13.24,5.036,9.199,20,0,109.8,107.3,132.5,99.3,6.6,7.5,38.3,0,100,65,51,56,57,59.25,63.85,52.6,52.09,80.67,68.6,48.08,7.18,6.670000000000002,Normal,100,64
31800,44,51.3,51.4,44.08,43.9,65.72,65.6,72.43,72.2,71.01,64.13,51.12,51.39,75,15.86,76.81,-17.67,64.73,63.04,2.48,0.793,49.1,4.635,0.7585,268.1,215.1,6.7,4.1,37.2,32.5,76.3,80.9,6.5,41.7,4.3,105.3,29.2,48.4,55,53,12.96,4.916,9.199,20,0,109.8,107.3,134,100.6,6.6,7.3,38.44,0,100,65,51,56,57,59.21,63.89,52.55,52.09,81.34,59.51,48.08,7.219999999999999,6.710000000000008,Normal,100,64
31800,44,51.3,51.4,44.08,44.1,65.76,65.8,72.43,72.2,71.01,64.18,51.12,51.43,74.44,15.84,76.25,-17.64,64.43,62.75,2.834,1.155,49.04,4.62,0.7611,267.8,214.2,6.7,4.3,37.2,32.5,76.3,80.9,6.8,41.7,4.5,105.5,29.2,48.5,56,54,13.86,5.294,9.084,20,0,109.8,107.1,132.5,99,6.8,7.5,38.58,0,100,65,51,56,57,59.21,63.85,52.6,52.13,81.94,68.01,47.38,7.219999999999999,6.670000000000002,Normal,100,64
31800,44,51.26,51.2,44.08,43.9,65.72,65.4,72.43,72,70.97,64.18,51.12,51.39,74.9,16.29,75.79,-17.19,64.43,63.11,2.482,1.161,49.02,4.622,0.7608,267.8,215.4,6.7,4.3,37.2,32.5,76.3,80.9,6.6,41.7,4.5,105.3,29,48.4,55,53,12.21,4.636,9.199,20,0,109.8,107.1,134.5,101.3,6.4,7.3,38.72,0,100,65,51,56,52,59.25,63.81,52.6,52.13,85.82,59.58,44.81,7.18,6.710000000000008,Normal,100,64
31800,44,51.26,51.4,44.08,44.1,65.72,65.6,72.43,72.2,70.97,64.13,51.07,51.43,74.36,16.18,75.7,-17.52,64.6,62.9,3.226,1.533,49.07,4.628,0.7596,265.9,215.9,6.7,4.1,37.2,32.5,76.3,80.9,6.5,41.7,4.5,105.5,29.2,48.4,55,53,14.73,5.635,9.199,20,0,109.6,107.3,133,99.8,6.6,7.5,38.85,0,100,65,51,56,57,59.21,63.81,52.55,52.13,84.45,77.41,44.95,7.18,6.710000000000008,Normal,100,64
31800,44,51.26,51.4,44.08,43.9,65.72,65.4,72.43,72.2,70.97,64.13,51.12,51.39,75.28,16.38,76.63,-17.73,64.71,63.38,2.493,1.166,48.99,4.644,0.7571,269.1,216.3,6.7,4.1,37.2,32.5,76.3,80.9,6.8,41.9,4.5,105.3,29.2,48.2,56,54,11.83,4.469,9.084,20,0,109.8,107.3,133.5,100.5,6.8,7.5,38.99,0,100,65,51,56,52,59.25,63.81,52.6,52.13,86.25,59.83,46.54,7.18,6.710000000000008,Normal,100,64
31800,44,51.3,51.4,44.12,43.9,65.72,65.6,72.43,72.2,70.97,64.13,51.07,51.39,75.62,16.45,76.99,-17.82,64.92,62.85,2.871,0.7999,49.11,4.648,0.7564,270.4,217,6.7,4.4,37.2,32.5,76.6,81.4,6.5,41.9,4.7,105.5,29,48.9,55,53,11.46,4.311,9.199,20,0,109.6,107.1,132,98.8,6.8,7.5,39.13,0,100,65,51,56,57,59.21,63.81,52.6,52.13,85.88,68.91,49.66,7.18,6.710000000000008,Normal,100,64
31900,44,51.3,51.4,44.08,43.9,65.72,65.6,72.43,72.2,70.97,64.13,51.12,51.43,75.29,16.38,76.64,-17.74,64.7,63.02,2.846,1.16,49.04,4.639,0.7579,269.2,215.1,6.9,4.1,37.2,32.5,76.3,80.9,6.3,41.7,4.5,105.3,29.2,48.4,56,54,11.84,4.472,9.084,20,0,109.6,107.1,134,100.8,6.6,7.3,39.27,0,100,65,51,56,57,59.21,63.85,52.6,52.13,84.74,68.3,47.84,7.219999999999999,6.710000000000008,Normal,100,64
31900,44,51.26,51.4,44.08,44.1,65.72,65.4,72.39,72.2,71.01,64.18,51.07,51.43,75.15,15.53,76.97,-17.35,64.36,62.67,3.214,1.527,49.14,4.605,0.7636,270.3,215.1,6.7,4.4,37.2,32.5,76.6,81.4,6.5,41.7,4.5,105.3,28.9,48.4,55,53,11.2,4.24,9.199,20,0,109.6,107.1,133,98.2,6.6,7.1,39.41,0,100,65,51,56,52,59.21,63.93,52.64,52.13,78.94,77.13,50.22,7.18,6.670000000000002,Normal,100,64
31900,44,51.26,51.4,44.08,44.1,65.76,65.6,72.43,72.2,71.01,64.18,51.12,51.43,75.11,15.98,76.93,-17.8,64.64,63.31,2.859,1.534,49.08,4.631,0.7593,270.2,216.1,6.7,4.4,37.2,32.5,76.6,81.4,6.5,41.7,4.5,105.5,29,48.9,56,54,12.27,4.645,9.084,20,0,109.6,107.3,134.5,101.1,6.6,7.5,39.55,0,100,65,51,56,57,59.25,63.89,52.64,52.13,82.68,68.62,47.82,7.18,6.670000000000002,Normal,100,64
31900,44,51.26,51.4,44.08,43.9,65.72,65.4,72.39,72.3,71.01,64.18,51.12,51.43,74.23,15.34,76.03,-17.14,64.95,63.61,2.873,1.541,49.04,4.656,0.7551,267,217.1,6.7,4,37.2,32.5,76.3,80.9,6.6,41.7,4.5,105.3,29.2,48.9,55,53,16.4,6.283,9.199,20,0,109.8,106.9,133.5,100.5,6.9,7.5,39.69,0,100,65,51,56,52,59.25,63.85,52.64,52.13,80.06,68.94,43.61,7.18,6.670000000000002,Normal,100,64
31900,44,51.26,51.4,44.08,44.1,65.76,65.6,72.43,72.2,71.01,64.18,51.12,51.43,74.47,15.84,76.28,-17.65,64.58,63.25,2.856,1.532,49.05,4.629,0.7596,267.9,215.8,6.8,4.4,37.1,32.4,76.6,81.4,6.8,41.7,4.5,105.5,28.7,48.9,56,54,14.25,5.441,9.084,20,0,109.8,107.1,133,101.3,6.4,7.3,39.83,0,100,65,51,56,57,59.25,63.89,52.64,52.17,81.98,68.55,45.76,7.18,6.670000000000002,Normal,100,64
31900,44,51.3,51.4,44.08,43.9,65.72,65.4,72.43,72.2,71.05,64.18,51.12,51.43,75.17,15.44,76.99,-17.25,65.02,63.33,2.86,1.165,49.09,4.657,0.755,268.8,216.1,6.5,4.1,37.4,32.7,76.3,80.9,6.8,41.7,4.5,105.3,28.9,48.4,56,54,13.4,5.069,9.084,20,0,109.8,107.1,132.5,99.1,6.6,7.5,39.97,0,100,65,51,56,52,59.21,63.93,52.64,52.13,78.48,68.63,47.68,7.219999999999999,6.710000000000008,Normal,100,64
31900,44,51.3,51.4,44.08,43.9,65.76,65.6,72.43,72,71.05,64.18,51.16,51.43,74.86,15.47,77.14,-17.74,64.82,63.49,2.483,1.162,49.09,4.642,0.7574,269.3,215.4,6.7,4.6,37.2,32.5,76.6,81.4,6.8,41.7,4.5,105.3,28.7,48.9,55,53,13.77,5.233,9.199,20,0,109.8,107.1,133.5,99.7,6.2,7.5,40.11,0,100,65,51,56,57,59.21,63.93,52.68,52.17,78.64,59.59,47.62,7.219999999999999,6.670000000000002,Normal,100,64
31900,44,51.3,51.4,44.08,43.9,65.76,65.8,72.43,72.3,71.05,64.22,51.16,51.43,74.98,15.49,76.8,-17.31,65.02,63.69,2.491,1.165,49.13,4.653,0.7556,269.7,216.1,6.9,4,37.2,32.5,76.3,80.9,6.5,41.9,4.7,105.5,29.2,48.2,56,54,14.1,5.35,9.084,20,0,109.6,107.1,133.5,99.7,6.7,7.5,40.25,0,100,65,51,56,57,59.21,63.93,52.68,52.17,78.76,59.78,46.02,7.219999999999999,6.670000000000002,Normal,100,64
31900,44,51.3,51.4,44.08,44.1,65.76,65.8,72.43,72,71.05,64.22,51.16,51.47,75.39,15.58,77.22,-17.41,64.79,63.47,2.85,1.529,49.15,4.635,0.7586,271.2,215.4,6.9,4.3,37.2,32.5,76.3,80.9,6.3,41.7,4.5,105.5,29,48.7,55,53,11.89,4.483,9.199,20,0,109.6,107.1,133,99.8,6.2,7.3,40.39,0,100,65,51,56,57,59.21,63.93,52.68,52.17,79.2,68.39,48.29,7.219999999999999,6.670000000000002,Normal,100,64
31900,44,51.3,51.4,44.12,44.1,65.76,65.6,72.43,72.3,71.05,64.22,51.12,51.47,74.89,15.47,76.7,-17.29,64.38,62.69,3.215,1.528,49.14,4.606,0.7634,269.4,215.2,6.7,4.1,37.4,32.7,76.3,80.9,6.5,41.9,4.3,105.5,29.2,48.2,55,53,12.19,4.631,9.199,20,0,109.4,107.1,133.5,100,6.5,7.3,40.53,0,100,65,51,56,57,59.21,63.93,52.68,52.17,78.66,77.15,49.21,7.18,6.670000000000002,Normal,100,64
32000,44,51.3,51.4,44.12,44.1,65.76,65.6,72.47,72.2,71.01,64.22,51.12,51.47,74.98,16.31,75.87,-17.21,64.65,62.95,3.228,1.534,49.09,4.63,0.7594,268.1,216.1,6.9,4.1,37.2,32.5,76.3,80.9,6.6,41.7,4.3,105.3,29.2,48.4,55,53,12.76,4.84,9.199,20,0,109.6,106.9,134.5,101,6.6,7.3,40.67,0,100,65,51,56,57,59.21,63.85,52.72,52.17,84.39,77.48,45.65,7.18,6.709999999999994,Normal,100,64
32000,44,51.3,51.4,44.12,43.9,65.8,65.6,72.47,72.2,71.01,64.18,51.16,51.47,74.96,16.41,76.78,-18.23,63.99,62.68,2.83,1.518,49.13,4.579,0.7678,269.6,213.9,6.5,4.4,37.4,32.7,76.6,81.4,6.8,41.9,4.5,105.5,28.9,48.4,55,53,10.56,4.007,9.199,20,0,109.4,107.1,133.5,100,6.6,7.5,40.81,0,100,65,51,56,57,59.21,63.81,52.72,52.17,85.64,67.93,49.52,7.18,6.670000000000002,Normal,100,64
32000,44,51.3,51.4,44.12,44.1,65.76,65.6,72.47,72.2,71.01,64.18,51.12,51.43,75.68,16.46,77.05,-17.83,64.03,62.36,2.832,1.154,49.12,4.583,0.7671,270.6,214,6.5,4.6,37.4,32.7,76.3,80.9,6.5,41.7,4.3,105.5,29,48.7,55,53,8.17,3.07,9.199,20,0,109.6,107.1,134,100.6,6.6,7.5,40.95,0,100,65,51,56,57,59.21,63.81,52.76,52.21,85.94,67.97,51.59,7.18,6.709999999999994,Normal,100,64
32000,44,51.3,51.4,44.12,44.1,65.76,65.6,72.43,72.2,71.01,64.18,51.16,51.47,74.82,15.92,76.63,-17.73,64.49,63.17,2.852,1.53,49.08,4.62,0.761,269.1,215.6,6.7,4.1,37.2,32.5,76.3,80.9,6.5,41.9,4.7,105.5,29.2,48.4,55,53,12.78,4.857,9.199,20,0,109.4,107.1,133.5,100,6.6,7.3,41.09,0,100,65,51,56,57,59.25,63.77,52.72,52.21,84.59,68.46,47.28,7.18,6.670000000000002,Normal,100,64
32000,44,51.3,51.4,44.12,44.1,65.76,65.6,72.43,72,71.01,64.18,51.16,51.47,74.59,15.87,76.4,-17.68,64.59,63.27,2.857,1.533,49.02,4.633,0.7589,268.3,215.9,6.9,4.6,37.2,32.5,76.6,81.4,6.6,41.7,4.6,105.3,28.7,48.4,56,54,13.86,5.283,9.084,20,0,109.4,107.1,134,100.5,6.4,7.3,41.23,0,100,65,51,56,57,59.21,63.73,52.76,52.21,84.34,68.57,46.13,7.18,6.670000000000002,Normal,100,64
32000,44,51.3,51.4,44.12,44.1,65.76,65.4,72.47,72.2,71.01,64.18,51.16,51.47,75.08,16.33,76.43,-17.69,64.5,63.17,2.853,1.53,49.12,4.616,0.7616,268.4,215.6,6.5,4.3,37.4,32.7,76.3,80.9,6.3,41.7,4.5,105.5,29.2,48.2,55,53,11.92,4.514,9.199,20,0,109.6,106.9,133.5,100.1,6.8,7.5,41.37,0,100,65,51,56,52,59.25,63.73,52.76,52.21,87.6,68.47,46.56,7.18,6.709999999999994,Normal,100,64
32300,45,51.3,51.4,44.16,44.1,65.8,66.2,72.43,72.2,70.97,64.13,51.16,51.52,74.08,16.31,76.34,-18.58,64.44,63.11,3.236,1.907,42.87,5.285,0.6653,268.1,216.6,5.2,3.1,38.9,34,75.3,79.4,5.5,41.9,3,105.5,30,45.6,50,48,8.979,3.448,9.8,20,0,109.4,106.9,133,98.2,6,7.3,0,0,100,48.62,47.93,56,63,59.21,63.77,52.92,52.37,85.93,77.67,46.48,7.140000000000001,6.63000000000001,Normal,100,65
37700,40,46.72,46.8,40.73,40.5,80.25,80.2,86.27,86,84.6,61.31,46.53,46.93,67.28,18.62,260.4,-211.8,53.61,51.93,3.573,1.891,56.53,3.335,1.054,268.3,214.7,4.2,3.8,36.5,31.9,89.4,103.7,6.1,39.4,2.7,120.4,30.8,72,66,63,8.486,3.588,8.116,20,0,112.9,108.6,137,104.8,5.8,6.1,40,0,100,23,49,56,29,59.33,75.52,48.54,47.95,27.61,85.76,214.8,5.990000000000002,6.019999999999996,Normal,100,66
37700,40,46.72,46.8,40.73,40.5,80.25,80,86.23,86,84.56,61.31,46.57,46.97,66.3,18.47,258,-210.2,53.64,52.32,3.576,2.258,56.48,3.339,1.053,266.3,214.8,4,3.4,36.5,31.9,89.4,103.2,6.1,39.4,2.9,120.2,30.8,71.3,65,62,11.96,5.13,8.219,20,0,112.7,108.4,137,104.8,6,6.3,40,0,100,23,49,56,25,59.33,75.52,48.54,47.95,27.39,85.82,212.3,5.990000000000002,5.980000000000004,Normal,100,66
37700,40,46.76,46.8,40.73,40.5,80.25,80.2,86.23,85.8,84.56,61.31,46.57,46.97,66.77,18.6,259.8,-211.6,54.16,52.48,3.586,1.897,56.44,3.374,1.042,268.1,215.4,4,3.6,36.5,31.9,89.4,103.2,6.1,39.2,2.7,119.9,30.8,71.3,66,63,12.13,5.165,8.116,20,0,112.7,108.4,139.4,105.3,5.6,6.3,40,0,100,23,49,56,29,59.33,75.52,48.58,47.95,27.59,86.07,214,6.030000000000001,5.980000000000004,Normal,100,66
38000,40,46.64,46.8,40.64,40.4,80.29,80.2,86.27,85.8,84.64,61.27,46.49,46.85,66.93,18.19,261.8,-213.1,54.09,52.76,3.236,1.908,56.45,3.369,1.044,268.8,216.6,4,3.8,36.5,31.9,89.6,103.7,6.4,39.2,2.7,120.2,30.3,72,65,62,11.3,4.801,8.219,20,0,112.7,108.4,138,105.1,5.8,6.3,50,0,100,23,49,56,29,59.37,75.52,48.5,47.91,27.04,77.67,214.6,6,5.97999999999999,Normal,100,66
38000,40,46.68,46.8,40.64,40.5,80.29,80.2,86.31,86,84.64,61.27,46.49,46.89,67.04,18.55,260.4,-212,54.39,52.7,3.601,1.905,56.49,3.385,1.039,267.4,216.4,4,3.6,36.5,31.9,89.6,103.7,6.3,39.4,3.1,120.2,30.6,71.8,65,62,12.02,5.1,8.219,20,0,112.4,108.4,138,105,5.8,6.3,40,0,100,23,49,56,29,59.37,75.52,48.5,47.87,27.58,86.42,213.3,6.039999999999999,6.019999999999996,Normal,100,66
38000,40,46.68,46.8,40.6,40.5,80.25,80,86.27,85.8,84.6,61.23,46.45,46.89,67.09,18.56,260.6,-212.1,54.76,52.7,3.97,1.905,56.79,3.39,1.037,267.6,216.4,3.9,3.6,36.5,31.9,89.9,103.7,6.7,39.4,2.9,120.2,30.3,72,65,63,13.46,5.706,8.116,20,0,112.4,108.4,139,103.4,5.8,6.4,40,0,100,23,49,56,25,59.37,75.52,48.5,47.87,27.6,95.28,213.5,6.079999999999998,6.019999999999996,Normal,100,66
38000,40,46.68,46.8,40.6,40.5,80.25,80,86.27,86,84.6,61.23,46.49,46.85,67.14,18.58,260.8,-212.3,54.59,52.9,3.222,1.532,56.59,3.391,1.037,267.8,215.7,3.9,3.4,36.5,31.9,89.4,103.2,6.3,39.4,2.9,119.9,30.3,71.8,66,63,12.46,5.276,8.116,20,0,112.9,108.6,137,104.3,5.8,6.4,40,0,100,23,49,56,25,59.37,75.48,48.5,47.83,27.69,77.32,213.5,6.079999999999998,6.019999999999996,Normal,100,66
38100,40,46.64,46.8,40.6,40.4,80.29,80.2,86.27,86,84.6,61.23,46.45,46.85,66.69,18.58,260.9,-212.8,54.21,52.52,3.589,1.899,56.76,3.358,1.047,267.8,215.6,3.8,3.8,36.5,32.1,89.6,103.7,6.3,39.4,2.5,120.2,30.3,71.6,65,62,12.88,5.492,8.219,20,0,112.4,108.4,138.5,105.6,5.8,6.3,50,0,100,23,49,56,29,59.37,75.48,48.5,47.87,27.69,86.14,213.9,6.039999999999999,5.97999999999999,Normal,100,66
38100,40,46.64,46.8,40.6,40.4,80.29,80.2,86.27,86.1,84.6,61.19,46.49,46.81,67.16,18.71,263.2,-214.7,54.13,52.81,2.849,1.529,56.4,3.375,1.042,269.7,215.3,4,3.8,36.5,31.9,89.9,104.2,6.3,39.4,2.9,120.2,30.3,72.3,66,63,10.6,4.489,8.116,20,0,112.7,108.6,136.5,103.5,5.7,6.4,50,0,100,23,49,56,29,59.37,75.52,48.5,47.87,27.82,68.38,215.6,6.039999999999999,5.97999999999999,Normal,100,66
38100,40,46.64,46.8,40.6,40.5,80.33,80.4,86.27,86,84.6,61.23,46.45,46.85,66.43,18.64,261.6,-213.8,54.07,52.38,3.58,1.894,56.6,3.359,1.047,268.6,215.1,3.8,3.4,36.7,32.1,89.4,103.2,6.7,39.4,2.7,120.2,30,71.8,66,63,13.14,5.624,8.116,20,0,112.7,108.4,138,105.4,5.6,6.3,40,0,100,23,49,56,29,59.41,75.68,48.46,47.87,27.5,85.92,214.8,6.039999999999999,5.939999999999998,Normal,100,66
38100,40,46.64,46.6,40.6,40.4,80.29,80.2,86.27,86.1,84.6,61.19,46.45,46.85,66.84,18.62,261.9,-213.7,54.42,52.73,3.603,1.906,56.64,3.379,1.041,268.4,216.5,3.9,3.6,36.7,31.9,89.9,104.2,6.6,39.4,2.9,120.2,30.3,71.8,65,62,12.97,5.518,8.219,20,0,112.7,108.6,139.4,106.8,5.9,6.2,50,0,100,23,49,56,29,59.37,75.8,48.46,47.83,27.2,86.48,214.4,6.039999999999999,5.97999999999999,Normal,100,66
38100,40,46.64,46.6,40.6,40.4,80.33,80.2,86.31,85.8,84.64,61.19,46.45,46.85,66.97,18.66,262.9,-214.6,54.25,52.56,3.592,1.9,56.57,3.372,1.043,269,215.8,3.7,3.6,36.7,32.1,89.4,103.7,5.9,39.4,2.9,120.2,30.8,71.8,66,63,11.83,5.025,8.116,20,0,112.4,108.4,138,105.4,5.8,6.2,50,0,100,23,49,56,29,59.37,75.8,48.46,47.83,27.26,86.2,215.2,6.039999999999999,5.980000000000004,Normal,100,66
38100,40,46.64,46.8,40.64,40.5,80.33,80.2,86.31,86.1,84.64,61.23,46.45,46.85,66.7,18.58,261.4,-213.2,53.96,52.27,3.597,1.903,56.62,3.351,1.049,267.9,216.1,3.9,3.5,36.5,31.9,89.6,103.7,6.4,39.4,2.7,120.2,30.3,71.8,66,63,11.82,5.042,8.116,20,0,112.7,108.4,136,103.3,5.9,6.4,40,0,100,23,49,56,29,59.37,75.72,48.46,47.83,27.28,86.33,214.3,6,5.980000000000004,Normal,100,66
38100,40,46.64,46.8,40.6,40.4,80.29,80.2,86.31,86,84.6,61.23,46.45,46.85,67.71,19.2,263,-214.5,54.38,52.68,3.6,1.905,56.69,3.373,1.042,270.1,216.3,4,3.4,36.5,31.9,89.6,103.2,6.3,39.2,2.9,119.9,30.6,71.3,66,63,9.819,4.124,8.116,20,0,112.7,108.6,138,105.1,5.6,6.3,50,0,100,23,49,56,29,59.37,75.68,48.46,47.83,28.25,86.41,216,6.039999999999999,6.019999999999996,Normal,100,66
38100,40,46.64,46.6,40.6,40.4,80.29,80.2,86.27,86,84.6,61.23,46.45,46.85,66.88,18.64,261.6,-213.4,54.24,52.55,3.591,1.9,56.66,3.366,1.045,268.6,215.7,3.9,3.6,36.5,31.9,89.6,103.7,6.1,39.4,2.9,120.2,30.6,71.3,66,63,12.21,5.19,8.116,20,0,112.9,108.6,135,102.6,5.8,6.2,50,0,100,23,49,56,29,59.37,75.64,48.46,47.83,27.49,86.19,214.6,6.039999999999999,5.97999999999999,Normal,100,66
38300,40,46.6,46.8,40.56,40.5,80.33,80.4,86.31,85.8,84.64,61.19,46.41,46.81,66.92,18.65,262.7,-214.4,53.97,52.29,3.573,1.891,53.71,3.533,0.9952,268.8,214.7,3.3,3.6,37.2,32.5,89.4,103.2,5.8,39.4,2.2,119.9,30.8,70.1,60,58,8.179,3.476,8.641,20,0,112.7,108.6,138,104.3,5.3,6.4,10,0,100,8,49,56,25,59.41,75.6,48.5,47.83,27.65,85.76,215.3,6.039999999999999,5.980000000000004,Normal,100,67
39300,40,43.61,43.8,40.15,39.9,80.21,80.2,83.89,83.8,82.72,53.94,43.66,43.9,41.19,13.13,321.9,-293.8,31.07,31.59,2.12,2.638,43.46,2.513,1.399,268.4,215.9,2.5,2.5,37.6,32.9,86.3,97.8,4.2,40.1,2.5,132.6,46.9,65.1,49,47,7.889,5.448,9.926,20,0,114.7,110.1,138.5,104.3,3.6,3.7,20,0,100,8,49,56,25,59.46,75.64,44.08,44.14,19.46,50.88,242.1,3.460000000000001,3.680000000000007,Normal,100,68
39300,40,43.61,43.6,40.15,40.1,80.25,80.2,83.89,83.7,82.72,53.98,43.66,43.9,40.87,13.17,322.5,-294.8,30.9,31.42,2.109,2.624,43.5,2.498,1.407,269.3,214.7,2.7,2.3,37.4,32.7,86,97.3,4.2,39.9,3.2,132.6,46.3,64.6,49,47,8.457,5.885,9.926,20,0,114.9,110.1,136,102.5,3.5,3.5,20,0,100,8,49,56,25,59.46,75.68,44.08,44.14,19.48,50.61,243.1,3.460000000000001,3.640000000000001,Normal,100,68
39300,40,43.65,43.6,40.15,39.9,80.21,80.2,83.93,83.8,82.72,53.98,43.66,43.86,41.78,13.63,322.5,-294.3,31.36,31.51,1.747,1.897,43.5,2.535,1.387,269.3,215.4,2.7,2.2,37.4,32.7,86,97.3,4.2,39.9,2.5,132.6,46.3,63.9,49,47,6.859,4.669,9.926,20,0,114.9,110.1,136.5,102.8,3.6,3.5,20,0,100,8,49,56,25,59.46,75.8,44.08,44.1,20.01,41.94,243,3.5,3.720000000000013,Normal,100,68
39300,40,43.61,43.9,40.15,39.9,80.25,80.2,83.93,83.8,82.72,53.98,43.66,43.86,41.43,13.66,323.2,-295.5,30.84,31.35,1.739,2.253,43.5,2.493,1.411,269.9,214.3,2.7,2.2,37.4,32.7,86,97.3,4.4,39.9,2.3,132.6,46.6,63.9,50,48,6.282,4.313,9.8,20,0,114.9,110.3,137,103,3.6,3.8,20,0,100,8,49,56,25,59.46,75.89,44.08,44.1,19.96,41.73,243.8,3.460000000000001,3.680000000000007,Normal,100,68
39300,40,43.65,43.6,40.19,40.1,80.25,80,83.93,83.8,82.72,53.98,43.66,43.9,41.25,13.6,321.9,-294.2,31.08,31.23,2.12,2.27,43.52,2.51,1.401,268.8,215.9,2.5,2,37.6,32.9,86,96.8,4.7,39.9,2.3,132.6,46.6,63.9,49,47,7.758,5.349,9.926,20,0,114.9,110.3,136.5,102.5,3.7,3.5,20,0,100,8,49,56,21,59.46,75.89,44.08,44.14,19.87,50.89,242.7,3.460000000000001,3.680000000000007,Normal,100,68
39300,40,43.65,43.8,40.19,40.1,80.25,80.2,83.93,83.7,82.72,53.98,43.66,43.9,41.25,13.61,321.9,-294.2,30.97,31.12,2.113,2.263,43.53,2.501,1.406,268.8,215.2,2.7,2.3,37.4,32.7,86,97.3,4.2,39.9,2.5,132.6,46.3,64.9,50,48,7.388,5.093,9.8,20,0,114.9,110.1,137,103.5,3.7,3.7,20,0,100,8,49,56,25,59.46,75.8,44.08,44.14,19.97,50.72,242.8,3.460000000000001,3.680000000000007,Normal,100,68
39400,40,43.65,43.6,40.19,40.1,80.21,80.2,83.93,83.7,82.72,53.98,43.66,43.86,41.8,13.64,322.6,-294.4,30.93,31.08,1.744,1.893,43.51,2.5,1.406,269.4,214.9,2.7,2.6,37.4,32.7,86.3,97.8,4.5,39.9,2.3,132.6,46.6,63.9,49,47,5.293,3.601,9.926,20,0,115.1,110.1,136.5,102.5,3.7,3.5,20,0,100,8,49,56,25,59.46,75.68,44.08,44.1,20.17,41.85,243.4,3.460000000000001,3.720000000000013,Normal,100,68
39400,40,43.65,43.8,40.15,40.1,80.21,80,83.89,83.7,82.72,53.98,43.66,43.9,41.44,13.21,323.4,-295.2,31.15,31.3,2.101,2.249,43.53,2.516,1.398,270.1,213.9,2.7,2.2,37.4,32.7,86,97.3,4.8,39.9,2.3,132.6,46.6,64.4,49,47,7.339,5.036,9.926,20,0,114.9,110.1,136.5,102.8,3.6,3.7,20,0,100,8,49,56,21,59.46,75.64,44.08,44.14,19.59,50.41,243.9,3.5,3.680000000000007,Normal,100,68
39400,40,43.65,43.8,40.15,40.1,80.21,80,83.93,83.7,82.72,53.98,43.66,43.9,41.71,13.61,321.9,-293.8,31.38,31.53,2.116,2.266,43.51,2.536,1.386,268.8,215.5,2.5,1.8,37.6,32.9,85.5,96.3,4.7,39.9,2.3,132.3,47.1,64.6,49,47,7.201,4.911,9.926,20,0,114.9,110.3,138.5,104.5,3.5,3.7,20,0,100,8,49,56,21,59.46,75.6,44.08,44.14,20.23,50.79,242.5,3.5,3.720000000000013,Normal,100,68
39400,40,43.65,43.6,40.19,40.1,80.17,80.2,83.89,83.8,82.68,53.98,43.66,43.86,41.71,13.6,321.4,-293.3,30.82,30.97,1.737,1.886,43.55,2.488,1.413,268.8,214.1,2.7,2.5,37.4,32.7,86.3,97.8,4.7,39.9,2.5,132.3,46,64.6,49,47,5.263,3.589,9.926,20,0,114.9,110.3,137,102.5,3.8,3.5,20,0,100,8,49,56,25,59.46,75.64,44.12,44.14,20.17,41.7,242.9,3.460000000000001,3.719999999999999,Normal,100,68
39400,40,43.65,43.6,40.11,40.1,80.17,80.2,83.89,83.8,82.72,53.98,43.66,43.9,41.63,13.12,321.3,-292.7,31.62,31.77,2.107,2.256,43.54,2.553,1.377,268.3,214.6,2.9,2,37.2,32.5,85.7,96.8,4.7,39.9,2.5,132.6,46.3,64.1,49,47,8.34,5.698,9.926,20,0,114.9,110.1,138.5,104.8,3.7,3.5,20,0,100,8,49,56,25,59.46,75.6,44.12,44.14,19.5,50.57,241.7,3.539999999999999,3.719999999999999,Normal,100,68
39400,40,43.65,43.6,40.15,40.1,80.21,80,83.89,83.7,82.68,53.98,43.66,43.86,41.21,13.59,321.1,-293.5,31.43,31.58,1.751,1.901,43.51,2.54,1.384,268.5,215.9,2.5,2,37.4,32.7,85.7,96.8,4.5,39.9,2.5,132.6,46.9,64.6,49,47,9.13,6.301,9.926,20,0,115.1,110.1,137,102.8,3.7,3.7,20,0,100,8,49,56,21,59.46,75.68,44.08,44.14,20.1,42.03,242.1,3.5,3.680000000000007,Normal,100,68
39400,40,43.65,43.6,40.15,39.9,80.21,80.2,83.93,83.8,82.72,53.98,43.62,43.86,41.89,13.66,323.2,-295,31.41,31.19,2.118,1.9,43.53,2.537,1.386,269.9,215.7,2.7,2.2,37.4,32.7,86,97.3,4.2,39.9,2.5,132.6,46.6,64.1,50,48,6.688,4.542,9.8,20,0,115.3,110.3,137,103,3.6,3.7,20,0,100,8,49,56,25,59.46,75.72,44.04,44.1,20.16,50.83,243.9,3.5,3.720000000000013,Normal,100,68
39400,40,43.65,43.6,40.11,40.1,80.21,80.2,83.89,83.7,82.68,53.94,43.62,43.86,41.49,13.68,323.7,-295.9,31.64,31.43,2.109,1.892,43.53,2.556,1.376,270.3,214.8,2.7,2.3,37.4,32.7,86,97.3,4.5,39.9,2.3,132.6,46.6,64.6,49,47,8.925,6.119,9.926,20,0,115.1,110.3,136,102.3,3.5,3.5,20,0,100,8,49,56,25,59.46,75.72,44.08,44.14,20.19,50.62,244.1,3.539999999999999,3.680000000000007,Normal,100,68
39400,40,43.61,43.8,40.15,40.1,80.21,80,83.93,83.8,82.72,53.94,43.62,43.86,41.93,13.68,324.1,-295.8,30.92,31.07,2.11,2.259,43.54,2.497,1.408,270.2,214.9,2.7,1.9,37.4,32.7,85.7,96.8,4.7,39.9,2.5,132.6,46.6,64.4,49,47,4.828,3.275,9.926,20,0,115.1,110.3,137,103,3.8,3.7,20,0,100,8,49,56,21,59.5,75.68,44.08,44.14,20.28,50.64,244.3,3.460000000000001,3.720000000000013,Normal,100,68
39500,40,43.65,43.6,40.15,39.9,80.21,80,83.93,83.8,82.72,53.94,43.66,43.9,41.61,13.57,321.5,-293.5,31.25,31.4,2.107,2.256,43.49,2.527,1.392,268.1,214.6,2.5,2.2,37.6,32.9,86,97.3,4.7,39.9,2.5,132.3,46.6,64.6,50,48,7.074,4.836,9.8,20,0,115.3,110.5,139.4,79.8,3.6,3.5,20,0,100,8,49,56,21,59.46,75.76,44.08,44.1,19.97,50.57,241.9,3.5,3.720000000000013,Normal,100,68
39500,40,43.61,43.6,40.15,40.1,80.17,80,83.89,83.7,82.72,53.94,43.66,43.86,41.84,13.19,323.4,-294.7,31.02,31.54,1.749,2.266,43.49,2.508,1.402,269.7,215.6,2.5,2.3,37.6,32.9,86,97.3,4.2,39.9,2.5,132.3,46.6,64.1,49,47,5.446,3.701,9.926,20,0,115.3,110.5,138,104,3.7,3.5,20,0,100,8,49,56,21,59.46,75.8,44.08,44.1,19.36,41.97,243.4,3.460000000000001,3.719999999999999,Normal,100,68
39500,40,43.65,43.6,40.15,40.1,80.17,80.2,83.89,83.8,82.68,53.94,43.66,43.86,41.78,13.63,322.4,-294.3,31.34,31.49,1.746,1.896,43.45,2.536,1.386,269.3,215.2,2.7,2,37.2,32.5,85.5,96.3,4,39.9,2.7,132.3,47.1,64.1,49,47,6.749,4.594,9.926,20,0,115.1,110.3,137.5,103.8,3.6,3.7,20,0,100,8,49,56,25,59.46,75.72,44.08,44.1,20.11,41.91,243,3.5,3.719999999999999,Normal,100,68
39500,40,43.65,43.6,40.15,40.2,80.21,80.2,83.89,83.7,82.68,53.9,43.62,43.86,41.45,13.67,323.9,-296.1,31.44,31.22,2.12,1.902,43.45,2.544,1.382,270.1,215.9,2.7,2.3,37.4,32.7,86,97.3,4.2,39.9,2.3,132.6,46.6,65.1,49,47,8.27,5.675,9.926,20,0,115.1,110.3,137.5,104.3,3.5,3.5,20,0,100,8,49,56,25,59.46,75.68,44.08,44.1,20.22,50.88,244,3.5,3.680000000000007,Normal,100,68
39500,40,43.61,43.8,40.15,40.1,80.17,80.2,83.89,83.8,82.72,53.9,43.66,43.86,41.8,13.18,323.5,-294.9,30.75,31.26,1.733,2.246,43.48,2.486,1.414,269.4,213.6,2.5,1.9,37.4,32.7,85.7,96.8,4.5,39.9,2.5,132.6,46.6,63.9,49,47,4.603,3.132,9.926,20,0,115.1,110.5,138.5,104.7,3.6,3.9,20,0,100,8,49,56,25,59.46,75.76,44.08,44.14,19.39,41.6,243.4,3.460000000000001,3.719999999999999,Normal,100,68
39600,40,43.65,43.8,40.15,39.9,80.21,80,83.93,83.8,82.72,53.9,43.66,43.86,42,13.7,325,-296.7,31.44,31.59,1.752,1.902,43.51,2.541,1.384,270.7,215.9,2.7,2.6,37.4,32.7,86,97.8,4.5,39.9,2.5,132.3,46.6,64.9,49,48,6.394,4.33,9.8,20,0,115.3,110.5,136,102,3.8,3.7,20,0,100,8,49,56,21,59.5,75.76,44.04,44.14,20.21,42.04,244.4,3.5,3.720000000000013,Normal,100,68
39600,40,43.61,43.6,40.15,39.9,80.21,80,83.89,83.8,82.76,53.94,43.66,43.9,41.39,12.73,323.9,-295.2,30.97,31.49,2.113,2.629,43.47,2.505,1.404,269.7,215.2,2.7,1.9,37.4,32.7,85.7,96.8,4.4,39.9,2.5,132.6,46.9,64.6,49,47,6.843,4.703,9.926,20,0,115.3,110.5,135.5,102,3.8,3.5,20,0,100,8,49,56,21,59.46,75.76,44.08,44.14,18.73,50.71,243.5,3.460000000000001,3.680000000000007,Normal,100,68
41800,39,52.2,52.4,40.93,40.7,70.79,70.6,81.52,81.3,78.99,70.64,51.57,52.42,118.1,27.81,91.95,-1.633,101.9,96.18,7.685,1.911,80.56,4.449,0.7902,264.3,217,5.7,6.1,35,30.5,87.4,99.8,9.8,37.8,2.8,108.6,21.1,69.8,96,92,23.68,5.701,5.448,20,0,110.9,107.7,136,105.4,10.7,11.7,60,30,100,85,57,56,57,59,66.71,57.47,54.99,86.57,74.54,-12.14,11.270000000000003,10.72999999999999,Normal,100,69
41900,39,52.2,52.4,40.97,40.9,70.79,70.8,81.52,81.3,78.95,70.64,51.53,52.42,118.7,28.39,91.93,-1.641,100.5,94.45,7.972,1.891,80.66,4.382,0.8023,265.5,214.8,5.8,6.4,35.1,30.6,87.7,100.3,9.5,37.8,2.8,108.8,21.1,69.8,96,92,16.87,4.043,5.448,20,0,110.9,108,136,104.9,10.7,11.5,60,30,100,85,57,56,57,59,66.76,57.47,54.99,87.91,77.32,-7.298,11.230000000000004,10.72999999999999,Normal,100,69
41900,39,52.2,52.2,40.97,40.7,70.79,70.9,81.52,81.3,78.95,70.64,51.57,52.42,118.8,28.41,92,-1.642,101.3,95.54,7.664,1.906,79.42,4.485,0.784,265.8,216.4,5.4,6.7,35.3,30.8,88,100.8,9.8,38.2,2.9,108.6,20.6,70.2,93,89,17.98,4.306,5.704,20,0,110.9,108,132.5,101.9,10.2,11.5,30,0,100,33,48,56,46.97,59,66.71,57.51,55.03,88.45,74.33,-10.22,11.230000000000004,10.72999999999999,Normal,100,70
43000,39,45.82,46.1,39.13,39.1,71.16,71.1,77.55,77.5,76.09,60.86,45.67,46.11,71.15,16.27,169.7,-114.8,59.87,58.55,3.942,2.624,52.32,4.023,0.874,267.4,214.8,3.3,3.8,35.8,31.3,81.3,88.9,6.9,38,2,108.2,26.9,57.8,59,57,12.67,5.066,8.75,20,0,109.2,106.5,134.5,102.1,6.4,7,50,0,100,33,48,56,49.93,59.09,67.9,47.81,47.09,44.3,94.6,175.1,6.689999999999998,6.390000000000001,Normal,100,71
43000,39,45.82,45.9,39.13,38.9,71.2,71.1,77.59,77.5,76.13,60.9,45.67,46.11,71.55,16.36,170.6,-115.4,60.01,58.69,3.951,2.631,52.29,4.035,0.8714,268.9,215.3,3.3,3.8,35.8,31.3,81.3,88.9,6.7,38,2.2,108.4,26.9,57.6,59,57,11.74,4.666,8.75,20,0,109.4,106.5,133,102.4,6.4,6.8,50,0,100,33,48,56,49.9,59.09,67.94,47.76,47.09,44.35,94.83,176.4,6.689999999999998,6.390000000000001,Normal,100,71
43000,39,45.86,45.9,39.13,38.9,71.2,70.9,77.63,77.5,76.13,60.86,45.67,46.11,71.78,16.77,170.5,-115.5,60.12,58.44,3.934,2.254,52.43,4.032,0.872,268.1,214.4,3.1,3.8,36,31.4,81.3,88.9,6.7,38,2.2,108.4,27.1,57.5,59,57,11.44,4.533,8.75,20,0,109.2,106.5,135,102.9,6.4,6.8,50,0,100,33,48,56,43.87,59.09,67.86,47.81,47.09,45.87,94.42,176.2,6.729999999999997,6.429999999999993,Normal,100,71
43000,39,45.86,45.9,39.17,39.1,71.2,70.9,77.63,77.3,76.05,60.9,45.63,46.11,71.98,17.73,169.7,-115.4,60.44,58.37,4.349,2.28,52.21,4.07,0.8639,268.8,216.9,3.5,4,35.8,31.1,81.3,88.9,6.7,38,2.2,108.2,26.9,58.1,59,57,11.61,4.589,8.75,20,0,109.2,106.5,134,101.9,6.4,6.8,50,0,100,33,48,56,43.84,59.05,67.78,47.76,47.09,48.74,104.4,176.3,6.689999999999998,6.429999999999993,Normal,100,71
43000,39,45.86,45.9,39.13,39.1,71.16,70.9,77.63,77.5,76.05,60.86,45.67,46.11,72.21,17.68,169.6,-115,60.53,58.84,3.961,2.269,52.45,4.057,0.8666,268,215.9,3.7,3.8,35.4,30.9,81.3,88.9,6.9,37.8,2.2,108.4,26.9,57.6,59,57,11.36,4.474,8.75,20,0,109.2,106.3,133.5,127.7,6.6,7,50,0,100,33,48,56,43.82,59.09,67.66,47.81,47.09,49.51,95.06,175,6.729999999999997,6.469999999999999,Normal,100,71
43000,39,45.86,45.9,39.17,39.1,71.16,71.1,77.63,77.3,76.05,60.86,45.67,46.11,72,17.63,169.1,-114.7,59.97,58.29,3.949,2.262,52.36,4.027,0.873,267.2,215.2,3.3,4,35.8,31.3,81.3,88.9,6.6,37.8,2.4,108.2,27.1,58,59,57,10.06,3.974,8.75,20,0,109.2,106.5,133,101.2,6.2,6.8,50,0,100,33,48,56,49.79,59.09,67.66,47.76,47.09,49.37,94.77,175.1,6.689999999999998,6.469999999999999,Normal,100,71
43000,39,45.82,46.1,39.17,39.1,71.16,70.9,77.55,77.5,76.09,60.86,45.67,46.11,71.53,16.36,170.6,-115.4,59.94,58.61,3.97,2.643,52.37,4.024,0.8738,268.9,216.4,3.3,3.8,35.6,31.3,81.3,88.9,6.7,38,2,108.4,27.1,57.8,59,57,11.6,4.614,8.75,20,0,109.2,106.5,133.5,101.3,6.6,7,50,0,100,33,48,56,43.76,59.09,67.74,47.81,47.09,45.38,95.29,176.5,6.649999999999999,6.390000000000001,Normal,100,71
43000,39,45.82,45.9,39.17,38.9,71.2,71.1,77.59,77.6,76.09,60.86,45.67,46.11,71.53,16.82,170.6,-115.9,59.51,58.19,3.942,2.624,52.37,3.995,0.88,268.8,214.8,3.3,3.9,35.8,31.3,81.5,89.4,6.9,38,2.4,108.4,26.7,57.8,59,57,10.11,4.02,8.75,20,0,109.2,106.5,133.5,101.1,6.7,6.8,50,0,100,33,48,56,49.73,59.09,67.82,47.81,47.05,46.21,94.61,177.1,6.649999999999999,6.390000000000001,Normal,100,71
43100,39,45.86,45.9,39.17,39.1,71.2,71.1,77.59,77.3,76.13,60.86,45.67,46.11,71.21,16.29,170.3,-115.3,59.97,58.28,3.948,2.262,52.29,4.033,0.8719,267.6,215.2,3.1,4,36,31.4,81.3,88.9,6.6,37.8,2.2,108.4,26.9,58.3,59,57,12.77,5.1,8.75,20,0,109.4,106.7,134.5,102.3,6.4,6.8,50,0,100,33,48,56,49.7,59.05,67.82,47.81,47.09,44.55,94.76,176,6.689999999999998,6.390000000000001,Normal,100,71
43100,39,45.86,46.1,39.17,39.1,71.2,70.9,77.59,77.5,76.09,60.86,45.67,46.11,71.32,16.77,170.1,-115.5,60.23,58.54,3.965,2.272,52.4,4.041,0.8701,268.1,216.1,3.3,3.8,35.6,31.1,81.3,88.9,6.7,38,2.4,108.2,27.1,57.6,59,57,13.41,5.348,8.75,20,0,109,106.5,135,103.1,6.6,7.2,50,0,100,33,48,56,43.68,59.05,67.82,47.76,47.09,45.87,95.17,175.8,6.689999999999998,6.390000000000001,Normal,100,71
43100,39,45.86,45.9,39.17,39.1,71.2,70.9,77.59,77.5,76.09,60.9,45.67,46.11,71.45,16.8,169.9,-115.3,59.86,58.17,3.941,2.258,52.29,4.025,0.8735,268.5,214.8,3.3,3.8,35.8,31.3,81.3,88.9,7.1,38,2.4,108.4,27.1,58,59,57,11.52,4.586,8.75,20,0,109,106.3,133.5,101.6,6.6,6.8,50,0,100,33,48,56,43.65,59.05,67.74,47.81,47.09,46.38,94.58,176.6,6.689999999999998,6.390000000000001,Normal,100,71
43100,39,45.86,45.9,39.17,39.1,71.16,70.9,77.59,77.5,76.09,60.9,45.71,46.11,71.56,16.72,169.1,-114.3,60.2,58.88,3.596,2.271,52.36,4.043,0.8696,267.3,216,3.3,3.8,35.8,31.3,81.3,88.9,6.9,38,2.4,108.4,26.9,58.1,59,57,12.42,4.937,8.75,20,0,109.4,106.3,134,101.9,6.4,6.8,50,0,100,33,48,56,43.62,59.09,67.66,47.81,47.09,46.82,86.3,174.2,6.689999999999998,6.430000000000007,Normal,100,71
43100,39,45.86,46.1,39.17,39.1,71.16,71.1,77.59,77.3,76.13,60.9,45.71,46.11,72.06,16.38,170.8,-115.1,60.08,58.76,3.588,2.266,52.39,4.032,0.872,269.1,215.6,3.5,4,35.6,31.1,81.3,88.9,6.7,38,2.2,108.2,27.1,57.5,59,57,10.24,4.043,8.75,20,0,109.4,106.3,134.5,102.3,6.2,7,50,0,100,33,48,56,49.59,59.09,67.7,47.81,47.09,45.65,86.12,176.5,6.689999999999998,6.430000000000007,Normal,100,71
43100,39,45.86,45.8,39.17,39.1,71.2,71.1,77.59,77.5,76.09,60.9,45.71,46.11,71.71,16.86,170.5,-115.7,59.89,58.57,3.577,2.259,52.29,4.027,0.873,269.5,214.9,3.1,4,35.8,31.3,81.5,89.4,6.7,38,2.4,108.4,26.7,57.8,59,57,10.74,4.26,8.75,20,0,109.2,106.3,133.5,101.4,6.7,6.7,50,0,100,33,48,56,49.56,59.09,67.74,47.81,47.13,46.77,85.85,177,6.689999999999998,6.390000000000001,Normal,100,71
43100,39,45.86,46.1,39.17,39.1,71.2,71.1,77.59,77.5,76.09,60.9,45.71,46.11,71.34,16.77,169.7,-115.1,60.54,59.2,3.616,2.283,52.4,4.062,0.8656,268.1,217.2,3.1,4,36,31.4,81.5,89.4,6.7,38,2,108.4,26.9,57.6,59,57,14.41,5.744,8.75,20,0,109,106.5,133,100.8,6.4,7,50,0,100,33,48,56,49.54,59.09,67.86,47.81,47.09,45.88,86.77,174.6,6.689999999999998,6.390000000000001,Normal,100,71
43100,39,45.86,45.9,39.17,39.1,71.2,70.9,77.63,77.5,76.09,60.9,45.67,46.11,71.9,17.25,169.9,-115.3,60.2,58.51,3.963,2.271,52.39,4.04,0.8702,268.5,216,3.3,3.8,35.8,31.3,81.5,88.9,6.9,37.8,2.2,108.4,26.9,57.8,59,57,11.26,4.455,8.75,20,0,109.2,106.3,133,101.1,6.6,6.8,50,0,100,33,48,56,43.51,59.09,67.86,47.81,47.09,47.2,95.12,176,6.689999999999998,6.429999999999993,Normal,100,71
43100,39,45.9,45.9,39.17,39.1,71.2,70.9,77.63,77.5,76.09,60.9,45.71,46.11,72,17.28,170.1,-115.4,60.69,58.99,3.603,1.906,52.38,4.074,0.8631,268.9,216.4,3.3,3.8,35.4,30.9,81.3,88.9,6.7,38,2.4,108.4,26.9,57.5,59,57,12.62,4.984,8.75,20,0,109,106.3,133.5,101.4,6.4,7,50,0,100,33,48,56,43.48,59.09,67.74,47.81,47.09,47.94,86.46,175.7,6.729999999999997,6.429999999999993,Normal,100,71
43100,39,45.9,45.9,39.17,39.1,71.2,71.1,77.63,77.3,76.09,60.9,45.67,46.11,72.01,17.28,170.2,-115.4,59.78,57.74,3.912,1.877,52.35,4.015,0.8757,268.9,213.2,3.5,4,35.6,31.1,81.3,88.9,6.7,38,2.4,108.4,27.1,58.3,59,57,9.317,3.68,8.75,20,0,109,106.3,134,102.1,6.4,6.8,50,0,100,33,48,56,49.45,59.05,67.7,47.81,47.13,47.94,93.88,177.7,6.729999999999997,6.429999999999993,Normal,100,71
43200,39,45.9,45.9,39.17,39.1,71.2,71.1,77.63,77.5,76.09,60.9,45.67,46.11,72.03,17.29,170.2,-115.5,60.34,58.29,3.949,1.895,52.41,4.048,0.8686,269,215.2,3.1,4,36,31.4,81.5,89.4,6.9,38,2.4,108.6,26.9,58.3,59,57,11.31,4.465,8.75,20,0,109.2,106.3,134.5,102.7,6.4,6.8,50,0,100,33,48,56,49.42,59.09,67.74,47.81,47.09,47.95,94.77,176.9,6.729999999999997,6.429999999999993,Normal,100,71
43200,39,45.86,45.9,39.17,39.1,71.2,71.1,77.63,77.5,76.09,60.86,45.67,46.11,72.2,17.33,171.1,-116.2,59.97,58.28,3.948,2.262,52.33,4.029,0.8726,269.6,215.2,3.1,4,35.6,31.1,81.5,89.4,6.9,38,2.2,108.4,26.9,58,59,57,9.305,3.665,8.75,20,0,109.2,106.5,133.5,101.3,6.6,7,50,0,100,33,48,56,49.4,59.09,67.78,47.81,47.13,47.85,94.76,177.8,6.689999999999998,6.429999999999993,Normal,100,71
43200,39,45.9,46.1,39.21,38.9,71.2,70.9,77.63,77.5,76.09,60.86,45.67,46.11,72.15,17.32,171,-116.1,60.01,57.95,3.951,1.896,52.4,4.027,0.8732,269.5,215.3,2.9,4,36,31.4,81.5,89.4,6.7,38,2.2,108.6,27.1,57.1,59,57,9.698,3.823,8.75,20,0,109,106.5,135,102.1,6.6,6.8,50,0,100,33,48,56,43.37,59.09,67.74,47.81,47.13,48.04,94.82,178.1,6.689999999999998,6.429999999999993,Normal,100,71
43200,39,45.86,45.9,39.21,39.1,71.2,70.9,77.63,77.5,76.05,60.9,45.71,46.11,72.06,17.75,169.8,-115.5,59.44,58.12,3.572,2.256,52.32,3.994,0.8803,269.1,214.6,3.7,4.2,35.4,30.9,81.5,89.4,6.8,37.8,2,108.4,26.7,58.1,59,57,7.935,3.132,8.75,20,0,109,106.3,134,101.8,6.5,6.8,50,0,100,33,48,56,43.34,59.09,67.7,47.81,47.09,49.48,85.72,177,6.649999999999999,6.429999999999993,Normal,100,71
43200,39,45.86,45.9,39.21,39.1,71.16,70.9,77.63,77.5,76.05,60.86,45.67,46.11,72.14,17.66,169.4,-114.9,60.03,58.34,3.977,2.278,52.29,4.037,0.871,267.7,216.7,3.3,4,35.8,31.3,81.5,89.4,6.9,37.8,2.4,108.4,26.9,58.3,59,57,9.718,3.831,8.75,20,0,109,106.5,134,102.1,6.6,7,50,0,100,33,48,56,43.31,59.09,67.7,47.81,47.09,49.23,95.45,175.5,6.649999999999999,6.469999999999999,Normal,100,71
43200,39,45.9,45.9,39.17,39.1,71.2,70.9,77.63,77.5,76.05,60.86,45.67,46.11,72.17,17.78,170.6,-116.2,60.29,58.24,3.945,1.893,52.4,4.045,0.8692,269.5,215,3.1,4,36,31.4,81.5,89.4,6.9,37.8,2,108.4,27.1,58.3,59,57,10.63,4.189,8.75,20,0,109,106.3,134.5,101.1,6.6,6.8,50,0,100,33,48,56,43.28,59.09,67.7,47.81,47.09,49.56,94.69,177.5,6.729999999999997,6.429999999999993,Normal,100,71
43200,39,45.86,46.1,39.17,39.1,71.2,70.9,77.59,77.6,76.09,60.86,45.67,46.11,71.3,16.76,170,-115.5,60.2,58.51,3.964,2.271,52.41,4.038,0.8706,268,216,3.1,3.9,36,31.4,81.5,89.4,6.9,38,2.2,108.6,26.9,58.3,59,57,13.39,5.343,8.75,20,0,109,106.3,135,102.9,6.5,7,50,0,100,33,48,56,43.26,59.09,67.78,47.76,47.09,46.29,95.13,175.8,6.689999999999998,6.390000000000001,Normal,100,71
43200,39,45.86,45.9,39.17,39.1,71.2,71.1,77.59,77.5,76.13,60.9,45.71,46.11,71.82,16.43,171.3,-115.9,59.95,58.63,3.581,2.261,52.42,4.021,0.8743,269.9,215.1,3.1,3.8,35.4,31.4,81.3,88.9,6.9,37.8,2,108.4,27.1,57.6,59,57,10.69,4.235,8.75,20,0,109,106.5,134.5,102.7,6.4,6.8,50,0,100,33,48,56,49.23,59.09,67.86,47.81,47.13,44.93,85.94,177.5,6.689999999999998,6.390000000000001,Normal,100,71
43200,39,45.86,45.9,39.21,38.9,71.2,71.1,77.59,77.6,76.13,60.9,45.71,46.11,71.3,16.31,170,-115,59.58,58.26,3.58,2.261,52.35,4.002,0.8786,268,215.1,3.3,3.9,35.8,31.3,81.5,89.4,7.1,38,2.2,108.4,26.9,58.5,59,57,11.12,4.437,8.75,20,0,109,106.3,134,127.4,6.5,7,50,0,100,33,48,56,49.2,59.13,67.98,47.81,47.13,44.19,85.92,176.2,6.649999999999999,6.390000000000001,Normal,100,71
43200,39,45.86,45.9,39.17,39.1,71.2,71.2,77.63,77.5,76.17,60.94,45.67,46.11,72.18,16.4,171,-115.2,59.75,58.07,3.934,2.254,52.47,4.004,0.8782,269.5,214.4,3.5,4,35.6,31.1,81.5,89.4,6.7,38,2,108.4,27.1,58.1,59,57,8.766,3.454,8.75,20,0,109,106.1,134.5,102.4,6.3,6.8,50,0,100,33,48,56,49.17,59.09,68.02,47.81,47.13,44.04,94.41,178,6.689999999999998,6.429999999999993,Normal,100,71
43300,39,45.9,45.9,39.21,39.1,71.2,71.1,77.67,77.6,76.17,60.94,45.71,46.11,72.43,16.82,170.5,-114.9,60.01,58.32,3.584,1.896,52.37,4.028,0.8728,268.8,215.3,3.1,3.8,35.6,31.4,81.5,89.4,6.9,37.8,1.8,108.4,27.1,57.6,59,57,8.676,3.407,8.75,20,0,109.2,106.3,134.5,103.1,6.5,6.8,50,0,100,33,48,56,49.15,59.13,67.98,47.81,47.13,45.57,86.01,176.9,6.689999999999998,6.469999999999999,Normal,100,71
43300,39,45.86,46.1,39.17,39.1,71.2,71.1,77.63,77.6,76.13,60.9,45.71,46.11,71.98,16.82,170.6,-115.4,60.16,58.84,3.593,2.269,52.41,4.036,0.8711,268.8,215.9,3.3,3.9,35.8,31.3,81.5,89.4,7.1,38,2.4,108.6,27.1,57.6,59,57,10.85,4.288,8.75,20,0,109,106.3,133,126.2,6.5,7,50,0,100,33,48,56,49.12,59.13,67.86,47.81,47.13,46.21,86.24,176.1,6.689999999999998,6.429999999999993,Normal,100,71
43300,39,45.9,45.9,39.17,39.1,71.2,71.1,77.67,77.5,76.13,60.94,45.71,46.11,72.3,17.24,169.8,-114.7,60.09,58.41,3.567,1.887,52.38,4.034,0.8716,268.3,214.3,3.1,4,36,31.4,81.5,89.4,6.8,37.8,2.2,108.6,27.1,58.3,59,57,9.459,3.721,8.75,20,0,109.2,106.1,134.5,102.6,6.4,6.8,50,0,100,33,48,56,49.09,59.13,67.78,47.81,47.09,47.83,85.61,176,6.729999999999997,6.469999999999999,Normal,100,71
43300,39,45.9,46.1,39.21,38.9,71.2,70.9,77.63,77.5,76.09,60.9,45.67,46.11,71.54,17.17,169.1,-114.7,60.1,58.04,3.957,1.899,52.29,4.041,0.87,267.2,215.7,3.5,3.8,35.8,31.1,81.3,88.9,6.7,38,2.4,108.4,27.3,57.6,59,57,12.06,4.794,8.75,20,0,109.2,106.3,133.5,101.9,6.4,7,50,0,100,33,48,56,43.06,59.17,67.66,47.81,47.13,48.55,94.97,175.5,6.689999999999998,6.429999999999993,Normal,100,71
43300,39,45.9,46.1,39.21,39.1,71.2,70.9,77.63,77.5,76.09,60.9,45.67,46.11,71.93,17.26,170,-115.3,59.99,57.94,3.95,1.895,52.32,4.031,0.8722,268.6,215.3,3.5,3.8,35.6,31.1,81.3,88.9,6.8,38,2,108.4,27.1,57.8,59,57,10.34,4.089,8.75,20,0,109,106.3,133.5,101.4,6.3,7.2,50,0,100,33,48,56,43.03,59.13,67.62,47.81,47.09,48.81,94.8,177.1,6.689999999999998,6.429999999999993,Normal,100,71
43300,39,45.9,46.1,39.21,39.1,71.2,70.9,77.63,77.5,76.09,60.86,45.67,46.11,71.94,17.27,170.5,-115.8,59.62,57.58,3.926,1.884,52.37,4.003,0.8784,268.7,213.9,3.3,3.8,35.8,31.3,81.3,88.9,6.8,38,2.4,108.2,26.9,58,59,57,9.064,3.584,8.75,20,0,109.2,106.3,133.5,101.7,6.6,7,50,0,100,33,48,56,43.01,59.13,67.57,47.81,47.09,49.06,94.22,177.9,6.689999999999998,6.429999999999993,Normal,100,71
43300,39,45.86,45.9,39.21,39.1,71.16,71.1,77.59,77.5,76.09,60.86,45.71,46.11,72.12,16.85,170.9,-115.6,59.59,58.27,3.581,2.262,52.38,4,0.8789,269.3,215.1,3.3,4,35.8,31.3,81.3,89.4,6.7,38,2,108.4,27.3,58.5,59,57,8.32,3.281,8.75,20,0,109.2,106.3,133.5,101.4,6.4,6.8,50,0,100,33,48,56,48.98,59.17,67.66,47.81,47.13,47.64,85.95,177.5,6.649999999999999,6.430000000000007,Normal,100,71
43300,39,45.9,45.9,39.21,39.1,71.16,71.1,77.59,77.3,76.09,60.86,45.71,46.11,71.75,16.76,170,-115,60.06,58.37,3.587,1.898,52.43,4.028,0.873,268,215.5,3.3,4.2,35.8,31.3,81.5,89.4,6.7,37.8,2.2,108.4,26.9,57.6,58,56,11.31,4.484,8.86,20,0,109.2,106.1,134,102.1,6.2,6.8,50,0,100,33,48,56,48.95,59.17,67.78,47.85,47.13,46.72,86.09,176,6.689999999999998,6.430000000000007,Normal,100,71
43700,40,45.94,46.1,39.25,39.2,71.24,71.4,77.67,77.5,76.13,60.94,45.75,46.15,72.34,17.36,171,-116,59.54,57.87,3.556,1.881,49.32,4.245,0.8283,270.2,213.6,2.6,3.8,36.5,31.9,81.3,88.9,6.4,38,1.7,108.4,27.4,56.5,56,54,4.315,1.696,9.084,20,0,108.8,106.1,133.5,100.6,6.1,7,30,0,100,15,48,56,45.98,59.21,67.86,47.97,47.21,48.16,85.35,178.7,6.689999999999998,6.430000000000007,Normal,100,72
43700,40,45.94,45.9,39.29,39.6,71.33,73,77.67,77.6,76.17,60.9,45.75,46.11,70.97,16.79,170.8,-116.6,59.4,57.72,3.204,1.522,45.17,4.623,0.7605,268.5,214.4,2.7,3.7,37.1,32.2,81.3,88.9,6.4,38.4,1.5,108.6,27.1,57,52,50,4.499,1.803,9.553,20,0,109,106.1,133.5,100.3,4.5,6.3,30,0,100,15,48,56,45.97,59.21,67.9,47.89,47.21,46.37,76.89,177.7,6.649999999999999,6.340000000000003,Normal,100,73
45100,40,43.4,43.4,40.03,39.9,71.2,70.9,74.76,74.6,73.55,52.51,43.25,43.61,39.99,13.65,236.4,-210,30.3,28.98,3.222,1.9,38.08,2.798,1.257,269.6,215.7,2.7,1.7,37.2,32.5,76.3,80.9,4.2,39.9,2.7,123.7,47.7,48.9,43,41,4.013,2.854,10.74,20,0,112.7,109.2,133.5,99.7,3.7,3.5,30,0,100,15,48,56,37.65,59.29,66.8,44.94,44.47,43.64,77.33,236.5,3.369999999999997,3.5600000000000023,Normal,100,74
45100,40,43.4,43.6,39.95,39.8,71.2,71.1,74.72,74.7,73.51,52.55,43.25,43.65,39.4,13.6,234.6,-208.8,31.08,29.75,3.594,2.27,38.14,2.865,1.227,268.7,215.9,2.5,1.9,37.4,32.7,76.6,81.4,3.9,39.8,2.4,123.7,47.4,48.7,44,42,8.878,6.409,10.6,20,0,112.7,109.2,133,100,3.6,3.5,30,0,100,15,48,56,43.64,59.29,66.76,44.94,44.47,43.73,86.26,234.6,3.449999999999996,3.519999999999996,Normal,100,74
45100,40,43.4,43.6,39.99,39.9,71.2,71.1,74.72,74.7,73.55,52.51,43.3,43.61,39.39,13.14,235.5,-209.3,30.37,29.43,2.826,1.881,38.11,2.802,1.255,268.6,213.6,2.5,1.9,37.4,32.7,76.6,81.4,4.2,39.9,2.5,124,46.8,48.7,43,41,6.396,4.618,10.74,20,0,112.7,109.2,132.5,98.8,3.6,3.7,30,0,100,15,48,56,43.62,59.29,66.8,44.94,44.47,42.02,67.83,235.1,3.4099999999999966,3.519999999999996,Normal,100,74
45100,40,43.4,43.4,40.03,39.9,71.2,71.1,74.72,74.7,73.51,52.51,43.25,43.61,39.61,13.67,236.4,-210.4,30.31,28.99,3.222,1.9,38.12,2.796,1.258,270.1,215.7,2.5,2.2,37.2,32.7,76.9,81.9,3.9,39.8,2.5,123.7,47.1,49.4,44,42,5.401,3.878,10.6,20,0,112.7,109.2,131.5,97.7,3.6,3.5,30,0,100,15,48,56,43.6,59.29,66.88,44.98,44.47,43.25,77.34,237,3.369999999999997,3.519999999999996,Normal,100,74
45100,40,43.4,43.4,39.99,39.9,71.2,71.1,74.72,74.6,73.51,52.51,43.25,43.65,39.53,13.64,235.9,-210,30.57,29.25,3.578,2.26,38.04,2.825,1.245,269.6,214.9,2.7,2,37.4,32.5,76.9,81.9,4.2,39.9,2.6,123.7,47.1,48.7,43,41,6.518,4.689,10.74,20,0,112.7,109.4,134,100.5,3.7,3.5,30,0,100,15,48,56,43.59,59.29,66.88,44.98,44.47,43.16,85.87,236.2,3.4099999999999966,3.519999999999996,Normal,100,74
45100,40,43.36,43.6,39.99,39.9,71.2,71.1,74.76,74.6,73.55,52.51,43.3,43.61,40.06,13.67,236.8,-210.4,30.26,29.67,2.849,2.264,38.1,2.792,1.259,270,215.3,2.5,2.3,37.4,32.7,76.9,81.9,4.1,39.8,2.6,124,47.1,49.2,44,42,3.627,2.575,10.6,20,0,112.9,109.2,132.5,98.8,3.5,3.7,30,0,100,15,48,56,43.57,59.29,66.88,44.94,44.47,43.24,68.39,236.2,3.369999999999997,3.5600000000000023,Normal,100,74
45100,40,43.4,43.4,39.99,39.9,71.2,71.1,74.72,74.7,73.51,52.51,43.25,43.65,39.66,13.69,236.6,-210.7,30.61,29.29,3.583,2.264,38.08,2.827,1.244,270.4,215.3,2.7,2.2,37.4,32.7,76.3,80.9,3.6,39.9,2.4,124.2,47.7,49.4,43,41,6.289,4.51,10.74,20,0,112.7,109.2,132.5,99,3.8,3.3,30,0,100,15,48,56,43.55,59.29,66.88,44.94,44.51,43.3,86,236.9,3.4099999999999966,3.519999999999996,Normal,100,74
45100,40,43.4,43.4,40.03,39.9,71.2,71.2,74.72,74.6,73.51,52.51,43.3,43.61,39.62,13.68,236.4,-210.5,30.29,29.34,2.853,1.899,38.09,2.796,1.257,270.2,215.6,2.5,2.3,37.4,32.7,76.9,81.9,4.2,39.9,2.7,123.7,47.1,48.7,44,42,5.296,3.802,10.6,20,0,112.7,109.2,132,98.2,3.5,3.5,30,0,100,15,48,56,43.54,59.33,66.88,44.98,44.47,43.5,68.47,236.7,3.369999999999997,3.519999999999996,Normal,100,74
45200,40,43.4,43.6,39.99,39.9,71.2,71.1,74.72,74.7,73.51,52.47,43.3,43.61,39.52,13.64,236.3,-210.4,30.65,29.7,2.852,1.899,38.09,2.829,1.243,269.5,215.5,2.3,1.9,37.6,32.9,76.6,81.4,4.1,39.9,2.7,123.7,47.4,48.7,43,41,6.933,4.99,10.74,20,0,112.9,109.2,132.5,98.8,3.6,3.7,30,0,100,15,48,56,43.52,59.29,66.88,44.98,44.47,43.15,68.45,235.6,3.4099999999999966,3.519999999999996,Normal,100,74
45200,40,43.4,43.4,40.03,39.9,71.2,71.1,74.72,74.6,73.51,52.51,43.25,43.61,39.58,13.66,236.2,-210.3,30.18,28.86,3.208,1.892,38.09,2.786,1.262,269.9,214.8,2.5,1.7,37.4,32.7,76.6,81.4,3.9,39.8,2.5,124,47.1,48.2,44,42,5.024,3.61,10.6,20,0,112.9,109.2,133,99.3,3.5,3.5,30,0,100,15,48,56,43.5,59.29,66.88,44.94,44.47,43.21,77,236.9,3.369999999999997,3.519999999999996,Normal,100,74
45200,40,43.4,43.4,40.03,39.9,71.2,71.1,74.72,74.6,73.55,52.51,43.25,43.65,39.3,13.11,235,-208.8,30.45,29.12,3.607,2.279,38.08,2.812,1.251,268,216.7,2.6,2,37.2,32.5,76.9,81.4,4.4,39.9,2.6,124,47.1,48.7,44,42,6.952,5.03,10.6,20,0,112.7,109.4,132.5,98.5,3.5,3.6,30,0,100,15,48,56,43.49,59.29,66.88,44.94,44.47,41.47,86.58,234.8,3.369999999999997,3.519999999999996,Normal,100,74
45200,40,43.4,43.4,39.99,39.9,71.2,71.1,74.72,74.6,73.55,52.51,43.3,43.65,39.51,13.18,236.2,-209.9,30.55,29.6,3.209,2.259,38.08,2.821,1.247,269.5,214.8,2.7,2,37.2,32.5,76.6,81.4,4.2,39.9,2.5,123.7,47.1,48.9,43,41,6.56,4.722,10.74,20,0,112.9,109.2,132.5,99,3.7,3.5,30,0,100,15,48,56,43.47,59.29,66.88,44.94,44.51,41.69,77.02,235.7,3.4099999999999966,3.519999999999996,Normal,100,74
45200,40,43.4,43.4,40.03,39.9,71.2,71.1,74.72,74.7,73.55,52.47,43.3,43.61,39.18,13.07,234.7,-208.6,29.87,28.93,2.813,1.872,38.08,2.757,1.275,267.2,212.6,2.5,2.6,37.4,32.7,76.9,82.4,4.2,39.8,2.4,124,47.1,49.9,44,42,5.325,3.865,10.6,20,0,112.9,109.4,133.5,99.8,3.8,3.5,30,0,100,15,48,56,43.45,59.33,66.88,44.94,44.47,41.57,67.5,234.3,3.369999999999997,3.519999999999996,Normal,100,74
45200,40,43.44,43.4,40.03,40.1,71.2,70.9,74.72,74.6,73.55,52.51,43.3,43.65,39.55,13.19,236.4,-210.1,30.52,29.2,3.206,1.89,38.06,2.819,1.247,269.7,214.6,2.7,2,37.4,32.7,76.6,81.4,3.6,39.8,2.4,124,47.6,49.2,44,42,6.328,4.551,10.6,20,0,112.9,109.4,132.5,98.5,3.7,3.5,30,0,100,15,48,56,37.44,59.33,66.88,44.94,44.47,41.95,76.94,236.4,3.4099999999999966,3.519999999999996,Normal,100,74
45200,40,43.44,43.6,40.03,39.8,71.2,71.1,74.72,74.7,73.55,52.51,43.25,43.65,39.42,13.15,235.7,-209.4,30.41,28.74,3.56,1.883,38.07,2.809,1.252,268.8,213.9,2.5,1.9,37.4,32.7,76.6,81.4,4.2,39.8,2.4,124.2,47.1,49.2,44,42,6.392,4.612,10.6,20,0,112.9,109.4,132.5,98.8,3.5,3.7,30,0,100,15,48,56,43.42,59.33,66.88,44.94,44.47,41.82,85.43,236.1,3.4099999999999966,3.519999999999996,Normal,100,74
45200,40,43.4,43.4,40.03,39.9,71.24,71.1,74.72,74.7,73.55,52.47,43.3,43.65,39.09,13.19,236.9,-211,29.96,29.02,3.186,2.242,38.08,2.767,1.271,269.7,213.3,2.5,2.3,37.4,32.7,76.9,81.9,4.2,39.8,2.4,124.2,47.1,49.2,44,41,5.984,4.354,10.74,20,0,113.1,109.4,133,99.3,3.5,3.5,30,0,100,15,48,56,43.4,59.33,66.88,44.94,44.47,41.96,76.46,236.7,3.369999999999997,3.480000000000004,Normal,100,74
45200,40,43.4,43.4,40.03,39.9,71.2,71.2,74.76,74.6,73.55,52.51,43.3,43.65,39.98,13.64,236.3,-209.9,30.2,29.25,3.211,2.26,38.06,2.79,1.26,269.5,214.9,2.5,1.9,37.4,32.7,76.6,81.4,4.4,39.8,2.4,124,47.3,48.7,44,42,3.677,2.616,10.6,20,0,112.9,109.6,131.5,97.7,3.6,3.5,30,0,100,15,48,56,43.39,59.33,66.92,44.98,44.47,43.15,77.05,236.1,3.369999999999997,3.5600000000000023,Normal,100,74
45200,40,43.4,43.4,40.03,39.9,71.2,70.9,74.76,74.7,73.55,52.51,43.3,43.65,39.97,13.64,236.2,-209.9,30.33,29.38,3.225,2.27,38.11,2.798,1.257,269.4,215.9,2.7,1.9,37.2,32.5,76.6,81.4,4.1,39.9,2.3,124.2,47.4,48.7,43,41,4.216,3,10.74,20,0,112.9,109.4,132.5,99,3.6,3.5,30,0,100,15,48,56,37.37,59.33,66.96,44.98,44.47,42.91,77.4,235.9,3.369999999999997,3.5600000000000023,Normal,100,74
45300,40,43.4,43.4,40.03,39.9,71.2,71.1,74.72,74.7,73.55,52.51,43.3,43.65,39.45,13.16,235.9,-209.6,30.29,29.34,3.221,2.267,38.12,2.794,1.259,269,215.6,2.5,2,37.4,32.7,76.6,81.4,3.9,39.8,2.4,124.2,47.4,48.7,43,42,5.91,4.261,10.6,20,0,112.9,109.6,133.5,100,3.5,3.5,30,0,100,15,48,56,43.35,59.33,66.96,44.98,44.47,41.4,77.3,235.6,3.369999999999997,3.519999999999996,Normal,100,74
45300,40,43.4,43.6,40.03,39.9,71.24,71.2,74.76,74.7,73.59,52.55,43.3,43.65,39.33,13.12,235.1,-208.9,30.11,29.17,3.202,2.253,38.12,2.777,1.266,268.2,214.3,2.5,2.2,37.2,32.5,76.9,81.9,4.2,39.9,2.5,124,47.1,49.9,44,42,5.72,4.137,10.6,20,0,112.9,109.6,135,101,3.6,3.7,30,0,100,15,48,56,43.34,59.33,66.96,45.02,44.55,41.27,76.84,234.9,3.369999999999997,3.5200000000000102,Normal,100,74
45300,40,43.4,43.4,40.03,39.9,71.24,71.1,74.76,74.7,73.59,52.55,43.3,43.69,39.74,13.25,237.6,-211.1,30.01,29.06,3.555,2.61,38.08,2.771,1.269,271,213.6,2.5,1.9,37.4,32.7,76.6,81.4,4.2,39.8,2.4,124.2,47.4,49.2,44,42,3.88,2.777,10.6,20,0,113.1,109.6,132,99.5,3.6,3.7,30,0,100,15,48,56,43.32,59.33,67,44.98,44.51,41.48,85.32,237.8,3.369999999999997,3.5200000000000102,Normal,100,74
45500,39,43.48,43.6,40.07,39.9,71.2,70.6,74.8,74.6,73.63,52.59,43.34,43.74,40.5,13.2,236.7,-209.4,30.71,29.39,3.594,2.269,41.24,2.618,1.343,269.9,215.9,3,2.3,36.9,32.2,76.9,81.9,4.2,39.9,3,124.2,47.3,50,46,44,6.811,4.783,10.32,20,0,113.3,109.8,133,100.1,4,3.7,40,0,100,22.76,48.14,56,37,59.37,66.96,45.1,44.59,41.76,86.25,236.4,3.4099999999999966,3.5999999999999943,Normal,100,75
46700,39,50.2,50.3,40.28,40.1,66.53,66.2,75.91,75.9,73.75,66.51,49.52,50.41,104.2,23.97,80.53,-0.2826,89.76,83.61,8.057,1.911,64.87,4.865,0.7227,266.8,217.1,5.1,5.6,35.1,30.6,81.5,89.4,9,37.7,2.7,102.7,21,58.8,76,73,14.02,3.827,7.139,20,0,109.6,107.5,131.5,100.6,9.5,10.2,60,0,100,100,57,56,70,59.17,63.6,55.79,53.31,129.8,78.14,-10.22,9.920000000000002,9.379999999999995,Normal,100,76
46700,39,50.2,50.3,40.28,40.1,66.58,66.4,75.91,75.6,73.71,66.51,49.56,50.41,104.1,24.5,80.3,-0.7393,89.72,83.95,7.684,1.91,65.03,4.851,0.7248,267.6,217,5,5.9,35.1,30.6,81.5,89.4,9.2,37.7,2.7,102.8,21.3,58.6,75,73,14.65,4.004,7.139,20,0,109.6,107.7,136,101.9,9.1,10.2,60,0,100,100,57,56,70,59.17,63.6,55.79,53.27,132.6,73.31,-12.18,9.920000000000002,9.329999999999998,Normal,100,76
46800,39,50.2,50.3,40.28,40.2,66.53,66.4,75.91,75.7,73.71,66.51,49.56,50.41,104.2,24.43,80.08,-0.2826,89.29,83.55,7.647,1.901,65.67,4.78,0.7355,266.8,216,5.1,5.8,35,30.5,81.5,89.4,9.2,37.7,2.6,102.5,21.3,58.9,75,72,13.15,3.587,7.233,20,0,109.6,107.5,134.5,103.4,9.3,10.2,60,0,100,100,57,56,70,59.17,63.6,55.79,53.27,132.2,72.96,-11.54,9.920000000000002,9.379999999999995,Normal,100,76
46800,39,50.2,50.4,40.28,40.1,66.58,66.5,75.91,75.7,73.75,66.51,49.52,50.37,103.5,23.91,80.31,-0.7353,89.06,82.97,7.628,1.53,64.66,4.843,0.7261,266.1,215.4,5.1,5.8,35,30.5,81.3,88.9,9.2,37.7,2.7,102.7,21.5,58.8,76,73,13.94,3.832,7.139,20,0,109.6,107.5,133,101.7,9.2,10.3,60,0,100,100,57,56,70,59.17,63.6,55.79,53.27,129.4,72.78,-8.784,9.920000000000002,9.329999999999998,Normal,100,76
46800,39,50.2,50.3,40.23,40.1,66.53,66.4,75.91,75.7,73.71,66.51,49.52,50.37,104.2,24.43,80.07,-0.2826,89.8,83.67,7.659,1.536,64.95,4.861,0.7233,266.8,216.3,5.4,5.6,34.7,30.3,81.3,88.9,9.2,37.8,2.8,102.7,21.4,58.9,75,72,14.23,3.884,7.233,20,0,109.6,107.5,135,104.1,9.3,10.3,60,0,100,100,57,56,70,59.17,63.56,55.75,53.27,133.5,74.28,-12,9.970000000000006,9.379999999999995,Normal,100,76
46800,39,50.2,50.4,40.28,40.1,66.58,66.5,75.95,75.7,73.71,66.47,49.52,50.41,104.1,24.87,80.47,-1.192,88.92,82.83,7.981,1.893,65.44,4.778,0.7359,266.6,215.1,5,5.8,35.1,30.6,81.5,89.4,9,37.7,3,102.7,21.4,58.9,76,73,11.91,3.254,7.139,20,0,109.4,107.5,135.5,104.6,9.3,10.3,60,0,100,100,57,56,70,59.17,63.56,55.79,53.23,135.9,74.93,-7.829,9.920000000000002,9.370000000000005,Normal,100,76
46800,39,50.2,50.3,40.28,40.1,66.58,66.4,75.91,75.9,73.75,66.51,49.52,50.41,103.5,23.91,80.31,-0.7352,89.17,83.07,8.004,1.898,64.87,4.833,0.7275,266.1,215.7,5.1,5.8,35.1,30.5,81.3,88.9,9,37.7,2.7,102.8,21.4,58.8,76,73,14.54,3.997,7.139,20,0,109.4,107.5,133.5,102.2,9.5,10.2,60,0,100,100,57,56,70,59.21,63.56,55.75,53.23,131.9,76.37,-9.13,9.920000000000002,9.329999999999998,Normal,100,76
46800,39,50.24,50.3,40.28,40.1,66.58,66.5,75.95,75.9,73.75,66.51,49.52,50.37,103.8,24.33,80.2,-0.7342,89.8,83.3,7.659,1.167,64.89,4.865,0.7226,265.7,216.3,5.1,5.6,35,30.5,81.5,89.4,9,37.7,3,102.7,21.3,58.6,75,72,15.68,4.297,7.233,20,0,109.4,107.5,135,104.2,9.5,10.2,60,0,100,100,57,56,70,59.17,63.6,55.75,53.23,131.7,73.08,-10.3,9.96,9.370000000000005,Normal,100,76
46800,39,50.2,50.3,40.28,40.2,66.58,66.4,75.91,75.7,73.71,66.51,49.52,50.37,103.7,24.42,80.03,-0.7369,89.44,83.32,7.66,1.536,65.73,4.784,0.7349,266.7,216.3,5.5,5.6,34.7,30.3,81.3,88.9,9.1,37.7,3,102.8,21.2,58.9,75,72,15.54,4.261,7.233,20,0,109.4,107.7,133.5,103,9.2,10.1,60,0,100,100,57,56,70,59.17,63.6,55.75,53.23,132.2,73.09,-10.93,9.920000000000002,9.329999999999998,Normal,100,76
46800,39,50.2,50.3,40.28,40.1,66.58,66.4,75.95,75.9,73.75,66.51,49.56,50.37,104.8,24.57,80.99,-0.7415,89.39,83.64,7.287,1.535,64.94,4.84,0.7264,268.3,216.2,5.1,5.9,35.1,30.6,81.5,89.4,9.2,37.7,2.7,102.7,21,59.3,76,73,10.7,2.904,7.139,20,0,109.4,107.5,134,103.2,9.5,10.1,60,0,100,100,57,56,70,59.17,63.6,55.79,53.23,133,68.42,-8.781,9.920000000000002,9.370000000000005,Normal,100,76
50500,40,43.57,43.6,39.95,39.9,65.59,65.4,69.32,69.2,68.23,52.96,43.58,43.82,41.72,12.23,171.1,-141.6,32.6,32.75,2.124,2.273,36.29,3.158,1.113,268.9,216.2,3.2,3,36.7,32.1,72.2,74.5,3.7,39.6,2.9,117.1,45.9,41.4,40,39,4.197,2.861,11.04,20,0,110.7,107.7,128,95.6,3.8,3.7,25,0,100,22,47,56,52,58.55,62.58,44,43.98,72.95,50.97,217.4,3.619999999999997,3.7299999999999898,Normal,100,77
50500,40,43.57,43.6,39.95,39.8,65.59,65.6,69.28,69.2,68.23,52.92,43.54,43.82,41.37,11.81,172,-142.4,32.49,32.27,2.484,2.266,36.34,3.144,1.118,269.6,215.5,3.2,2.2,36.5,32.1,71.6,73.5,3.9,39.6,2.9,116.9,45.5,41.1,42,40,5.118,3.518,10.89,20,0,110.9,107.7,129,95.6,3.6,3.7,25,0,100,22,47,56,57,58.55,62.58,43.96,44.02,70.4,59.61,219,3.619999999999997,3.6899999999999977,Normal,100,77
50500,40,43.57,43.6,39.91,39.9,65.59,65.6,69.32,68.9,68.23,52.96,43.54,43.78,41.58,12.19,170.5,-141.1,32.72,32.51,2.107,1.89,36.29,3.17,1.109,268,214.6,3.2,2.7,36.7,32.1,71.6,73.5,4.3,39.4,2.9,117.1,45.5,42.1,40,39,5.135,3.512,11.04,20,0,110.7,108,129,96.3,3.5,3.8,25,0,100,22,47,56,57,58.51,62.62,44,44.02,71.26,50.57,216.9,3.660000000000004,3.7299999999999898,Normal,100,77
50500,40,43.52,43.6,39.91,39.8,65.63,65.4,69.28,69,68.27,52.96,43.54,43.82,40.64,11.27,170.8,-141.4,32.21,32.36,2.462,2.611,36.32,3.118,1.128,267.8,213.7,2.9,2.6,36.9,32.2,71.6,73.5,4.3,39.6,2.9,116.9,45.5,40.9,42,40,6.695,4.685,10.89,20,0,110.7,108,128.5,96.1,3.4,3.8,25,0,100,22,47,56,52,58.51,62.62,44,44.02,65.86,59.1,217,3.610000000000007,3.6500000000000057,Normal,100,77
50600,40,43.57,43.6,39.95,39.9,65.63,65.3,69.32,69,68.23,52.92,43.54,43.78,41.22,12.22,171.3,-142.3,32.47,32.25,2.114,1.897,36.25,3.149,1.117,268.6,215.4,3.1,2.2,36.5,32.1,71.6,73.5,4.3,39.4,2.9,117.1,45.3,40.9,40,39,5.485,3.785,11.04,20,0,110.9,108,130.5,97.1,3.7,3.8,25,0,100,22,47,56,52,58.55,62.58,43.96,44.02,72.87,50.75,218,3.619999999999997,3.6899999999999977,Normal,100,77
50600,40,43.57,43.6,39.95,39.8,65.59,65.4,69.28,69,68.23,52.96,43.54,43.82,41,11.7,170,-140.7,32.47,32.25,2.482,2.264,36.27,3.148,1.117,267.2,215.4,3.1,2.2,36.7,32.1,71.2,73,4.3,39.6,2.9,116.9,45.7,41.1,42,40,6.277,4.354,10.89,20,0,110.9,108,129.5,96.6,3.4,3.7,25,0,100,22,47,56,52,58.55,62.54,43.96,44.02,70.49,59.57,216.5,3.619999999999997,3.6899999999999977,Normal,100,77
50600,40,43.57,43.6,39.91,39.9,65.59,65.3,69.28,69,68.23,52.96,43.54,43.82,41.11,11.73,170.4,-141,32.85,32.63,2.483,2.265,36.26,3.185,1.104,267.9,215.5,3.1,2.2,36.7,32.1,71.2,73,3.7,39.6,3.1,116.9,45.7,41.1,42,40,7.211,4.989,10.89,20,0,110.9,107.7,130,97.3,3.7,3.8,25,0,100,22,47,56,52,58.55,62.54,43.96,44.02,70.67,59.59,216.6,3.660000000000004,3.6899999999999977,Normal,100,77
50600,40,43.57,43.6,39.91,39.9,65.59,65.4,69.28,69,68.23,52.96,43.54,43.82,41.26,11.77,171,-141.5,32.99,32.77,2.494,2.275,36.31,3.195,1.101,268.8,216.4,3.2,2.7,36.7,32.1,71.2,73,3.9,39.6,2.7,117.1,45.7,41.4,40,39,7.245,4.995,11.04,20,0,110.9,107.7,129.5,96.3,3.6,3.7,25,0,100,22,47,56,52,58.51,62.58,43.96,43.98,69.5,59.85,217.3,3.660000000000004,3.6899999999999977,Normal,100,77
50600,40,43.57,43.8,39.95,39.9,65.63,65.4,69.28,69.2,68.23,52.96,43.54,43.78,40.75,11.76,170.8,-141.8,32.5,32.28,2.117,1.899,36.3,3.148,1.117,268.5,215.6,3.3,2.4,36.5,31.9,71.6,73.5,3.7,39.4,2.7,117.1,45.5,40.8,42,40,7.305,5.098,10.89,20,0,110.9,108,130,97.1,3.6,4,25,0,100,22,47,56,52,58.51,62.62,43.96,43.98,68.72,50.8,217.8,3.619999999999997,3.6500000000000057,Normal,100,77
50600,40,43.57,43.4,39.91,39.8,65.59,65.4,69.28,69.2,68.23,52.92,43.54,43.82,41.27,11.78,171.5,-142,32.86,32.65,2.484,2.266,36.28,3.185,1.104,268.9,215.6,3.4,2.4,36.5,31.9,71.6,73.5,4.4,39.6,2.9,117.1,45.2,40.9,40,39,6.722,4.632,11.04,20,0,110.9,108,130.5,97.1,3.8,3.5,25,0,100,22,47,56,52,58.55,62.66,43.96,44.02,68.82,59.62,217.7,3.660000000000004,3.6899999999999977,Normal,100,77
50600,40,43.57,43.6,39.91,39.9,65.59,65.6,69.28,69,68.27,52.96,43.54,43.82,41.12,11.28,170.9,-141.1,32.86,32.64,2.484,2.266,36.32,3.181,1.105,267.9,215.5,3.4,2.7,36.5,31.9,71.6,73.5,4.3,39.6,3.1,116.9,45.3,41.6,42,40,7.294,5.045,10.89,20,0,111.1,108,129,96.1,3.4,3.7,25,0,100,22,47,56,57,58.51,62.7,43.96,44.02,64.61,59.61,216.7,3.660000000000004,3.6899999999999977,Normal,100,77
50600,40,43.57,43.6,39.91,39.9,65.59,65.4,69.28,69,68.27,52.96,43.54,43.82,41.07,11.26,170.7,-140.9,32.65,32.43,2.468,2.251,36.3,3.162,1.112,267.6,214.2,3.1,2.6,36.7,32.1,71.6,73.5,4.1,39.4,2.9,116.9,45.3,41.6,42,40,6.695,4.636,10.89,20,0,110.9,108,130.5,97.3,3.6,3.8,25,0,100,22,47,56,52,58.51,62.74,43.96,43.98,63.91,59.23,216.8,3.660000000000004,3.6899999999999977,Normal,100,77
50600,40,43.57,43.6,39.91,39.8,65.59,65.4,69.32,69,68.31,52.96,43.54,43.82,41.44,11.24,170.8,-140.6,32.81,32.59,2.48,2.262,36.3,3.178,1.106,267,215.2,3.1,2.2,36.7,32.1,71.2,73,3.7,39.4,2.7,117.1,45.9,42.4,42,40,5.961,4.091,10.89,20,0,111.1,108,129.5,96.1,3.7,3.8,25,0,100,22,47,56,52,58.51,62.7,43.96,43.98,64.4,59.52,216.1,3.660000000000004,3.7299999999999898,Normal,100,77
50600,40,43.57,43.4,39.91,39.9,65.59,65.4,69.28,69,68.27,52.96,43.54,43.82,40.87,11.21,169.9,-140.2,32.76,32.54,2.476,2.259,36.28,3.175,1.107,266.3,214.9,3.3,2.6,36.5,31.9,71.6,73.5,4.1,39.6,3.1,116.9,45.5,41.4,42,40,7.785,5.418,10.89,20,0,111.1,107.7,129.5,97.1,3.4,3.6,25,0,100,22,47,56,52,58.55,62.66,44,44.02,65.5,59.43,215.3,3.660000000000004,3.6899999999999977,Normal,100,77
50700,40,43.52,43.4,39.91,39.8,65.59,65.6,69.28,69.2,68.27,52.96,43.54,43.78,41.24,11.31,171.4,-141.5,32.39,32.54,2.109,2.259,36.31,3.136,1.121,268.7,214.9,3.1,2,36.7,32.1,71.2,73,4.3,39.6,2.9,117.1,45.9,41.9,42,40,5.176,3.57,10.89,20,0,111.1,107.7,130.5,97.1,3.6,3.6,25,0,100,22,47,56,57,58.51,62.66,43.96,43.98,65.45,50.62,217.7,3.610000000000007,3.6899999999999977,Normal,100,77
50700,40,43.52,43.6,39.91,39.9,65.63,65.3,69.32,69,68.27,52.92,43.54,43.78,41.13,11.74,171.4,-142,32.51,32.66,2.117,2.267,36.32,3.147,1.117,268,215.7,3.2,2.6,36.7,32.1,71.6,73.5,4.4,39.4,2.7,116.9,45,41.9,42,40,6.004,4.151,10.89,20,0,111.1,108,131,98.3,3.6,3.7,25,0,100,22,47,56,52,58.51,62.66,43.96,44.02,67.92,50.81,217,3.610000000000007,3.6899999999999977,Normal,100,77
5844,50,53.76,53.9,50.35,50.4,85.86,85.6,89.3,88.9,87.92,61.51,53.61,53.89,38.75,15.54,297.7,-274.5,30.65,29.33,2.484,1.162,43.4,2.484,1.416,270.5,215.5,6.9,2.8,43.5,38.7,91.7,107.7,5.2,50,6.5,146.1,54.4,69,49,47,14.93,10.96,9.926,20,0,122,115.6,138.5,99.4,3.5,3.4,40,0,100,5,49,56,20,58.8,80.55,55.22,54.63,17.14,59.61,243.9,3.4099999999999966,3.4399999999999977,Normal,100,78
5854,50,53.76,53.9,50.35,50.4,85.82,85.6,89.26,89,87.92,61.51,53.61,53.89,38.72,15.07,297.5,-273.8,30.71,29.39,2.489,1.165,43.4,2.488,1.413,270.4,216,6.9,2.5,43.5,38.7,91.5,107.2,5.2,49.8,6.3,146.1,54.8,68.4,49,47,15.24,11.19,9.926,20,0,122,115.6,139,98.9,3.4,3.5,40,0,100,5,49,56,20,58.8,80.55,55.26,54.67,16.62,59.73,243.7,3.4099999999999966,3.440000000000012,Normal,100,78
5864,50,53.76,53.9,50.35,50.4,85.86,85.6,89.26,89,87.92,61.51,53.57,53.89,38.19,15.04,296.9,-273.8,30.63,28.94,2.85,1.162,43.39,2.482,1.416,269.9,215.4,6.8,2.7,43.6,38.8,91.7,107.7,5.2,49.8,6.2,146.1,54.8,69,49,47,16.81,12.51,9.926,20,0,122.2,115.6,138.5,98.9,3.4,3.5,40,0,100,5,49,56,20,58.8,80.55,55.26,54.63,16.59,68.39,243.6,3.4099999999999966,3.4000000000000057,Normal,100,78
5874,50,53.76,53.9,50.35,50.4,85.86,85.8,89.26,89,87.92,61.51,53.61,53.89,38.13,15.02,296.5,-273.3,30.74,29.41,2.491,1.166,43.35,2.493,1.41,269.5,216.1,6.8,2.5,43.6,38.8,91.5,107.2,5,49.8,6.2,146.5,54.6,67.9,49,47,17.35,12.94,9.926,20,0,122.2,115.6,138,98,3.4,3.5,40,0,100,5,49,56,20,58.8,80.59,55.22,54.67,16.54,59.78,242.7,3.4099999999999966,3.4000000000000057,Normal,100,78
5884,50,53.8,53.9,50.35,50.4,85.86,85.6,89.22,89,87.92,61.51,53.61,53.89,37.71,14.57,296.7,-273.6,31.24,29.54,2.502,0.8002,43.38,2.533,1.388,269.7,217.1,6.8,2.7,43.5,38.7,91.7,107.7,5,49.8,6.2,146.5,54.6,68.5,49,47,20.64,15.57,9.926,20,0,122.2,115.6,139,99.2,3.6,3.6,40,0,100,5,49,56,20,58.8,80.55,55.22,54.67,16.08,60.04,242.9,3.449999999999996,3.3599999999999994,Normal,100,78
5894,50,53.76,53.9,50.35,50.4,85.86,85.6,89.3,89,87.92,61.51,53.61,53.89,38.81,15.56,298.1,-274.9,30.82,29.49,2.497,1.169,43.35,2.499,1.407,271,216.7,6.9,2.7,43.6,38.7,91.5,107.2,5,49.8,6.3,146.1,55,69,49,47,15.25,11.18,9.926,20,0,122,115.7,139.9,99.9,3.4,3.5,40,0,100,5,49,56,20,58.8,80.55,55.26,54.63,17.17,59.93,244.2,3.4099999999999966,3.4399999999999977,Normal,100,78
5904,50,53.76,53.9,50.31,50.3,85.86,85.8,89.3,89,87.92,61.51,53.61,53.89,38.57,15.47,296.3,-273.2,31.11,29.79,2.491,1.166,43.36,2.523,1.394,269.3,216.2,6.5,2.5,43.8,39,91.5,107.2,5.2,49.8,6,146.9,54.6,67.9,49,47,17.15,12.65,9.926,20,0,122.2,115.3,138,98,3.4,3.5,40,0,100,5,49,56,20,58.8,80.55,55.22,54.58,17.06,59.78,242.2,3.449999999999996,3.4399999999999977,Normal,100,78
5914,50,53.76,53.9,50.35,50.4,85.86,85.6,89.3,89.2,87.88,61.51,53.57,53.89,38.64,15.95,296.3,-273.6,30.61,28.92,2.848,1.161,43.35,2.482,1.416,269.7,215.2,6.5,2.5,43.8,39,91.7,107.7,4.7,49.8,6.3,146.5,55.7,68.4,49,47,15.14,11.14,9.926,20,0,122.2,115.6,139.4,99.6,3.6,3.6,40,0,100,5,49,56,20,58.8,80.55,55.22,54.63,17.6,68.34,243.4,3.4099999999999966,3.4399999999999977,Normal,100,78
5924,50,53.76,53.9,50.35,50.4,85.82,85.6,89.26,89,87.92,61.51,53.57,53.85,38.67,15.05,297,-273.4,30.69,29,2.487,0.796,43.34,2.489,1.412,270,215.8,6.9,2.5,43.5,38.7,91.7,107.7,5.4,49.8,6.3,146.5,54.8,68.9,49,47,15.28,11.24,9.926,20,0,122.2,115.6,139.4,99.1,3.6,3.5,40,0,100,5,49,56,20,58.8,80.55,55.22,54.58,16.6,59.69,243.6,3.4099999999999966,3.440000000000012,Normal,100,78
5934,50,53.76,53.9,50.35,50.4,85.86,85.8,89.26,88.9,87.92,61.51,53.57,53.89,38.28,15.08,297.6,-274.4,30.65,28.97,2.852,1.162,43.33,2.488,1.413,270.5,215.5,6.8,2.6,43.6,38.8,91.5,107.2,5.2,49.6,6,146.5,55,68.9,49,47,16.51,12.26,9.926,20,0,122.2,115.6,139.9,100.3,3.3,3.5,40,0,100,5,49,56,20,58.8,80.55,55.22,54.63,16.63,68.44,244.2,3.4099999999999966,3.4000000000000057,Normal,100,78
5944,50,53.76,53.8,50.35,50.4,85.86,85.8,89.3,89.2,87.92,61.51,53.57,53.89,38.53,15.45,296,-272.9,30.41,28.74,2.829,1.153,43.3,2.47,1.424,269,213.9,6.5,2.5,43.8,39,91.7,107.7,5.4,49.8,6,146.5,54.8,68.4,49,47,14.75,10.89,9.926,20,0,122.2,115.7,137.5,97.5,3.4,3.5,40,0,100,5,49,56,20,58.8,80.55,55.22,54.63,17.05,67.9,242.9,3.4099999999999966,3.4399999999999977,Normal,100,78
5954,50,53.76,53.8,50.35,50.4,85.86,85.6,89.26,88.9,87.92,61.51,53.61,53.89,38.15,15.02,296.6,-273.5,30.59,29.27,2.478,1.16,43.35,2.481,1.417,269.6,215.1,6.9,2.7,43.5,38.7,91.2,107.7,4.9,49.8,6.3,146.9,55.3,69,49,47,16.75,12.48,9.926,20,0,122.2,115.7,138,98.2,3.5,3.4,40,0,100,5,49,56,20,58.8,80.55,55.22,54.63,16.58,59.48,243,3.4099999999999966,3.4000000000000057,Normal,100,78
5964,50,53.76,53.8,50.35,50.4,85.86,85.6,89.26,89,87.92,61.51,53.61,53.89,38.1,15,296.2,-273.1,30.47,29.16,2.469,1.155,43.34,2.472,1.423,269.2,214.2,6.8,2.7,43.6,38.8,91.7,107.7,5,49.6,6,146.5,54.8,68.4,49,47,16.51,12.32,9.926,20,0,122.5,115.7,139,99.4,3.4,3.4,40,0,100,5,49,56,20,58.8,80.55,55.22,54.63,16.55,59.25,242.7,3.4099999999999966,3.4000000000000057,Normal,100,78
5974,50,53.76,53.9,50.35,50.4,85.86,85.6,89.26,89,87.88,61.51,53.57,53.89,38.31,15.55,297.3,-274.6,30.61,28.92,2.847,1.161,43.35,2.482,1.416,270.7,215.2,6.8,2.5,43.6,38.8,91.5,107.2,5.2,49.8,6.2,146.1,54.4,69,49,47,16.27,12.08,9.926,20,0,122.5,115.7,139,98.9,3.4,3.5,40,0,100,5,49,56,20,58.8,80.55,55.22,54.63,17.15,68.33,244.4,3.4099999999999966,3.4000000000000057,Normal,100,78
5984,50,53.76,53.8,50.35,50.4,85.86,85.8,89.26,89,87.92,61.51,53.57,53.89,38.09,15,296.2,-273.1,30.84,29.14,2.869,1.169,43.38,2.5,1.406,269.2,216.9,6.8,2.6,43.6,38.8,91.5,107.2,5,49.8,6.2,146.5,55.4,68.4,49,47,17.87,13.34,9.926,20,0,122.5,115.7,137.5,97.5,3.3,3.4,40,0,100,5,49,56,20,58.76,80.55,55.26,54.63,16.52,68.86,242.7,3.4099999999999966,3.4000000000000057,Normal,100,78
5994,50,53.76,53.8,50.35,50.4,85.86,85.6,89.26,89,87.92,61.51,53.57,53.89,38.12,15.01,296.3,-273.2,30.66,28.97,2.853,1.163,43.44,2.482,1.417,269.3,215.6,6.9,2.5,43.5,38.7,91.5,107.2,4.7,49.8,6.3,146.1,54.6,68.5,49,47,17.23,12.86,9.926,20,0,122.5,115.7,139,99.2,3.2,3.4,40,0,100,5,49,56,20,58.8,80.51,55.22,54.63,16.59,68.46,243,3.4099999999999966,3.4000000000000057,Normal,100,78
6004,50,53.76,53.9,50.35,50.4,85.86,85.6,89.26,89,87.92,61.51,53.57,53.85,38.19,15.04,296.9,-273.8,30.53,28.84,2.474,0.7918,43.36,2.475,1.421,269.9,214.6,6.8,2.7,43.8,39,91.7,107.7,5.2,49.8,6.3,146.5,55,68.4,49,47,16.42,12.23,9.926,20,0,122.7,115.6,137,97.2,3.4,3.3,40,0,100,5,49,56,20,58.84,80.55,55.22,54.63,16.62,59.38,243.6,3.4099999999999966,3.4000000000000057,Normal,100,78
6014,50,53.8,53.8,50.35,50.4,85.82,85.6,89.3,89.2,87.92,61.51,53.61,53.89,39.12,15.5,297,-273.3,31.05,29.36,2.486,0.7952,43.39,2.516,1.398,269.9,215.7,6.9,2.7,43.5,38.7,91.7,107.7,5,49.8,6.2,146.9,55.4,68.9,49,47,15.01,10.92,9.926,20,0,122.5,115.7,139,99.5,3.2,3.4,40,0,100,5,49,56,20,58.8,80.59,55.22,54.63,17.07,59.66,243.2,3.449999999999996,3.480000000000004,Normal,100,78
6024,50,53.76,53.8,50.35,50.4,85.86,85.6,89.26,89,87.92,61.51,53.61,53.89,37.8,14.88,293.8,-270.9,30.8,29.48,2.496,1.168,43.42,2.495,1.409,267.1,216.6,6.8,2.5,43.5,38.7,91.5,107.2,4.7,49.8,6.2,146.1,55,68.9,49,47,18.83,14.17,9.926,20,0,122.5,115.6,139.4,99.4,3.2,3.4,40,0,100,5,49,56,20,58.8,80.59,55.22,54.63,16.39,59.9,240.3,3.4099999999999966,3.4000000000000057,Normal,100,78
6034,50,53.76,53.9,50.35,50.4,85.86,85.6,89.26,89,87.92,61.51,53.57,53.89,38.16,15.03,296.7,-273.5,30.57,28.89,2.844,1.159,43.43,2.475,1.421,269.6,215,6.6,2.5,43.8,39,91.5,107.2,4.7,49.8,6.3,146.1,55,69,49,47,16.75,12.49,9.926,20,0,122.5,115.7,137.5,99.8,3.4,3.4,40,0,100,5,49,56,20,58.8,80.59,55.26,54.63,16.55,68.26,243.4,3.4099999999999966,3.4000000000000057,Normal,100,78
6045,50,53.76,53.9,50.35,50.4,85.86,85.6,89.26,88.9,87.92,61.51,53.57,53.85,38.02,14.97,295.6,-272.5,30.62,28.94,2.482,0.7943,43.41,2.48,1.418,268.6,215.3,6.9,2.8,43.5,38.7,91.7,107.7,5,49.6,6.1,146.5,54.8,68.4,50,48,17.41,13.02,9.8,20,0,122.7,115.7,139.4,98.9,3.1,3.4,40,0,100,5,49,56,20,58.8,80.59,55.22,54.63,16.49,59.56,242.3,3.4099999999999966,3.4000000000000057,Normal,100,78
6054,50,53.76,53.9,50.35,50.3,85.86,85.4,89.26,89,87.92,61.51,53.57,53.89,38.38,15.11,298.4,-275.1,30.62,28.93,2.849,1.161,43.41,2.48,1.418,271.2,215.3,6.8,3,43.8,39,92,108.2,5.2,50,6,146.5,54.5,68.4,49,47,16.13,11.95,9.926,20,0,122.5,116,138.5,98.7,3.4,3.5,40,0,100,5,49,56,20,58.8,80.59,55.26,54.63,16.64,68.37,244.9,3.4099999999999966,3.4000000000000057,Normal,100,78
6064,50,53.76,53.8,50.35,50.4,85.86,85.8,89.26,88.9,87.92,61.51,53.57,53.89,38.29,15.08,297.7,-274.5,30.55,28.86,2.842,1.158,43.4,2.475,1.421,270.6,214.8,6.8,2.6,43.6,38.8,91.5,107.2,5.2,49.8,6.3,146.5,55,69.5,50,48,16.17,12.01,9.8,20,0,122.7,116,139.4,98.7,3.1,3.6,40,0,100,5,49,56,20,58.8,80.55,55.22,54.63,16.64,68.2,244.3,3.4099999999999966,3.4000000000000057,Normal,100,78
6074,50,53.76,53.9,50.35,50.3,85.86,85.6,89.26,89,87.88,61.51,53.57,53.85,38.28,15.54,297.2,-274.4,30.39,28.72,2.463,0.7883,43.4,2.462,1.428,270.5,213.7,6.8,2.2,43.5,38.7,91.2,106.7,5.2,49.8,6.2,146.5,54.8,68.2,49,47,15.65,11.63,9.926,20,0,122.5,116,138.5,98.9,3.4,3.6,40,0,100,5,49,56,20,58.8,80.55,55.26,54.63,17.14,59.11,244.4,3.4099999999999966,3.4000000000000057,Normal,100,78
6084,50,53.76,53.9,50.31,50.4,85.86,85.6,89.26,89.2,87.88,61.51,53.57,53.85,38.35,15.56,297.7,-274.9,30.86,29.18,2.472,0.791,43.44,2.498,1.407,271,214.4,6.9,2.5,43.6,38.7,91.5,107.2,5.2,49.8,6.3,146.5,54.6,68.2,49,47,17.12,12.7,9.926,20,0,122.7,115.7,139.4,99.6,3.6,3.5,40,0,100,5,49,56,20,58.8,80.55,55.26,54.63,17.17,59.32,244.4,3.449999999999996,3.4000000000000057,Normal,100,78
6094,50,53.76,53.9,50.31,50.4,85.82,85.6,89.3,89,87.92,61.51,53.57,53.85,39.33,15.58,298.5,-274.8,30.93,29.24,2.477,0.7927,43.4,2.506,1.403,271.3,214.9,6.8,2.7,43.6,38.8,91.7,107.7,5,49.8,6.2,146.5,54.4,68.9,49,47,13.87,10.03,9.926,20,0,122.5,116,138,98.2,3.2,3.5,40,0,100,5,49,56,20,58.8,80.55,55.22,54.63,17.19,59.44,244.8,3.449999999999996,3.480000000000004,Normal,100,78
6105,50,53.72,53.8,50.31,50.4,85.86,85.8,89.26,89.2,87.92,61.51,53.57,53.85,38.07,14.99,296,-272.9,30.64,29.32,2.483,1.162,43.4,2.482,1.417,269,215.4,6.8,2.5,43.5,38.7,91.7,107.7,4.7,49.8,6.2,146.5,54.8,68.9,49,47,17.26,12.9,9.926,20,0,122.7,115.7,139.4,99.6,3.4,3.5,40,0,100,5,49,56,20,58.8,80.55,55.22,54.63,16.54,59.59,242.4,3.4099999999999966,3.4000000000000057,Normal,100,78
6114,50,53.76,53.9,50.35,50.4,85.86,85.6,89.26,89,87.92,61.51,53.57,53.89,38.27,15.07,297.5,-274.3,30.61,28.92,2.847,1.161,43.38,2.481,1.417,270.4,215.2,6.6,2.5,43.5,39,91.5,107.2,5.2,49.8,6,146.5,55,68.5,49,47,16.44,12.22,9.926,20,0,122.7,116.2,138.5,98.7,3.2,3.5,40,0,100,5,49,56,20,58.8,80.59,55.26,54.63,16.6,68.33,244.1,3.4099999999999966,3.4000000000000057,Normal,100,78
6124,50,53.76,53.8,50.35,50.4,85.86,85.4,89.26,89,87.92,61.51,53.57,53.89,38.09,15,296.1,-273,30.68,28.99,2.855,1.164,43.45,2.483,1.416,269.1,215.8,6.8,2.2,43.6,38.8,91.2,106.7,5.2,49.8,6.2,146.5,55.3,68.4,49,47,17.41,13,9.926,20,0,122.5,115.7,140.4,100.1,3.4,3.4,40,0,100,5,49,56,20,58.8,80.59,55.26,54.63,16.52,68.51,242.8,3.4099999999999966,3.4000000000000057,Normal,100,78
6134,50,53.76,53.9,50.31,50.4,85.86,85.6,89.3,89,87.92,61.51,53.57,53.89,38.68,15.51,297.2,-274,31.05,29.36,2.854,1.163,43.41,2.515,1.398,270.1,215.7,6.8,2.7,43.6,38.8,91.7,107.7,5,49.8,6.2,146.5,55,68.9,49,47,16.57,12.18,9.926,20,0,123,115.7,139.4,99.4,3.4,3.5,40,0,100,5,49,56,20,58.8,80.59,55.3,54.63,17.08,68.5,243.4,3.449999999999996,3.4399999999999977,Normal,100,78
6144,50,53.76,53.8,50.31,50.4,85.86,85.6,89.26,89,87.92,61.51,53.57,53.85,38.07,14.99,295.9,-272.9,30.96,29.27,2.48,0.7935,43.42,2.507,1.402,269,215.1,6.6,2.5,43.6,39,91.5,107.2,5,49.8,6,146.1,55,68.4,49,47,18.44,13.77,9.926,20,0,122.7,116,140.4,100.6,3.4,3.4,40,0,100,5,49,56,20,58.8,80.59,55.22,54.63,16.51,59.51,242.4,3.449999999999996,3.4000000000000057,Normal,100,78
6154,50,53.76,53.9,50.31,50.6,85.86,85.6,89.26,88.9,87.92,61.51,53.57,53.85,38.26,15.07,297.4,-274.2,31.17,29.47,2.496,0.7989,43.45,2.522,1.394,270.3,216.6,7.1,2.8,43.5,38.7,91.7,107.7,5.2,49.8,6.2,146.9,54.4,68,49,47,18.54,13.78,9.926,20,0,122.7,116.2,139.4,99.8,3.3,3.5,35,0,100,5,49,56,20,58.8,80.59,55.26,54.63,16.59,59.91,243.5,3.449999999999996,3.4000000000000057,Normal,100,78
6165,50,53.76,53.9,50.31,50.4,85.86,85.6,89.26,89.2,87.92,61.51,53.57,53.85,38.13,15.01,296.4,-273.3,31,29.31,2.482,0.7945,43.36,2.513,1.399,269.4,215.4,6.8,2,43.5,38.7,91.2,106.7,5.4,49.8,6.3,146.1,55.3,68,49,47,18.29,13.64,9.926,20,0,123,116,138,98.4,3.4,3.6,40,0,100,5,49,56,20,58.8,80.59,55.26,54.63,16.53,59.58,242.8,3.449999999999996,3.4000000000000057,Normal,100,78
7575,49,60.52,60.8,50.22,50.1,75.87,75.9,85.53,85.3,83.13,75.56,59.71,60.65,108.1,26.87,84.7,-3.492,92.48,85.27,8.372,1.164,71.26,4.563,0.7706,268.5,215.7,8.6,6.2,41.5,36.6,91.5,107.2,10.2,46.8,5.3,114.9,23,71,84,80,16.43,4.323,6.496,20,0,117.6,113.6,139,101.8,9.4,10.7,73.15,25.44,100,100,57,56,51.09,58.55,70.65,66.48,63.47,53.34,66.83,-1.825,10.300000000000004,9.659999999999997,Normal,100,79
7585,49,60.56,60.6,50.27,50.3,75.87,75.7,85.53,85.3,83.13,75.56,59.71,60.65,107.3,26.67,84.07,-3.466,92.15,84.6,8.343,0.7927,71.31,4.544,0.7738,266.5,214.9,8.6,6.2,41.5,36.6,91.7,107.2,10.2,46.8,5.3,114.7,23.2,70.6,82,79,18.13,4.806,6.586,20,0,117.6,113.3,139.4,102.2,9.6,10.5,73.26,25.5,100,100,57,56,47.1,58.55,70.56,66.52,63.47,53.31,65.7,-1.687,10.29,9.659999999999997,Normal,100,79
7595,49,60.56,60.8,50.27,50.1,75.87,76,85.53,85.1,83.09,75.56,59.71,60.65,107.6,27.21,83.87,-3.476,92.57,84.98,8.38,0.7963,71.77,4.535,0.7754,267.3,215.9,9,6.6,41.3,36.4,91.7,107.7,10.2,46.8,5.2,114.9,23.2,71.3,82,79,18.89,4.993,6.586,20,0,117.1,113.3,138.5,101.4,9.1,10.5,73.36,25.57,100,100,57,56,51.11,58.55,70.56,66.52,63.47,54.38,65.99,-3.538,10.29,9.659999999999997,Normal,100,79
7605,49,60.56,60.8,50.22,50.3,75.87,75.9,85.53,85.3,83.09,75.6,59.71,60.69,107.5,27.17,83.3,-3.015,92.94,85.35,8.749,1.165,71.38,4.578,0.768,267,215.9,8.5,6.2,41.6,36.7,91.5,107.2,10,46.8,5.2,114.9,23.2,70.6,82,79,20.32,5.378,6.586,20,0,117.4,113.1,138.5,101.3,9.6,10.7,73.46,25.64,100,100,57,56,51.13,58.6,70.56,66.52,63.47,54.49,68.89,-6.577,10.340000000000003,9.659999999999997,Normal,100,79
7615,49,60.56,60.6,50.22,50.1,75.87,75.9,85.57,85.1,83.09,75.6,59.71,60.69,108.1,27.68,83.46,-3.021,92.48,84.93,8.705,1.159,71.37,4.555,0.7718,267.5,214.8,8.7,6.4,41.6,36.7,91.5,107.2,10,46.8,5.5,114.7,23.4,70.6,82,79,16.35,4.299,6.586,20,0,117.1,113.3,139,101.9,9.2,10.3,73.56,25.7,100,100,57,56,51.14,58.55,70.56,66.56,63.47,55.33,67.64,-4.695,10.340000000000003,9.699999999999989,Normal,100,79
7625,49,60.56,60.6,50.27,50.1,75.87,75.9,85.53,85.3,83.09,75.6,59.71,60.69,107.8,27.26,83.57,-3.025,92.63,85.04,8.754,1.165,71.78,4.537,0.775,267.8,216,8.7,6.4,41.6,36.7,91.7,107.7,10,46.8,5.2,114.7,23,71,82,79,18.43,4.864,6.586,20,0,117.1,113.3,138.5,101.3,9.4,10.5,73.66,25.77,100,100,57,56,51.15,58.55,70.52,66.52,63.51,54.67,69.88,-4.721,10.29,9.659999999999997,Normal,100,79
7635,49,60.56,60.8,50.27,50.3,75.87,75.9,85.57,85.3,83.05,75.6,59.76,60.69,108.6,28.25,83.34,-3.033,92.66,85.44,8.389,1.166,71.37,4.565,0.7703,268.5,216.1,9.1,6.2,41.2,36.3,91.5,107.2,10,46.8,5.3,114.9,23.4,70.6,82,79,15.47,4.053,6.586,20,0,116.9,113.1,139,102.3,9.6,10.5,73.76,25.84,100,100,57,56,51.17,58.55,70.48,66.6,63.47,56.85,64.33,-6.754,10.29,9.699999999999989,Normal,100,79
7645,49,60.56,60.6,50.27,50.3,75.83,75.7,85.53,85.3,83.05,75.56,59.71,60.69,107.9,27.61,83.25,-3.014,92.28,84.72,8.721,1.161,71.36,4.547,0.7733,266.8,215.2,8.8,6.2,41.3,36.4,91.7,107.2,10.4,46.8,5.3,114.9,23,70.6,82,79,16.6,4.378,6.586,20,0,117.1,113.1,140.4,103.3,9.4,10.5,73.86,25.91,100,100,57,56,47.18,58.55,70.36,66.6,63.51,56.14,67.77,-4.696,10.29,9.700000000000005,Normal,100,79
7655,49,60.56,60.8,50.22,50.3,75.83,75.7,85.53,85.1,83.05,75.56,59.71,60.69,108,27.66,83.38,-3.019,93.21,85.61,8.775,1.168,71.8,4.564,0.7703,267.2,216.5,9,6.6,41.3,36.4,91.7,107.7,10.2,46.8,5.5,114.7,23.2,71.1,82,79,19.75,5.2,6.586,20,0,117.1,113.1,139.4,102,9.4,10.5,73.96,25.97,100,100,57,56,47.19,58.6,70.32,66.6,63.51,56.62,68.18,-7.131,10.340000000000003,9.700000000000005,Normal,100,79
7665,49,60.56,60.8,50.22,50.1,75.83,75.9,85.49,85.1,83.01,75.52,59.71,60.65,107.4,27.62,83.28,-3.47,92.6,85.04,8.349,0.7934,71,4.585,0.7668,266.9,215.1,8.5,6.4,41.6,36.7,91.5,107.2,10.4,46.8,5.3,114.7,23.4,70.6,82,79,18.82,4.983,6.586,20,0,116.9,113.1,137,100.1,9.4,10.5,74.06,26.04,100,100,57,56,51.21,58.55,70.28,66.64,63.55,56.56,64.88,-5.633,10.340000000000003,9.659999999999997,Normal,100,79
12900,49,59.41,59.7,49.9,49.8,71.53,71.4,80.41,80.2,77.56,71.26,57.83,59.5,99,31.79,70.23,-3.021,85.62,71.4,15.02,0.7962,63.14,4.768,0.7374,267.5,216,9,6.1,40.8,35.9,86.3,97.8,9.3,46.8,6,111.3,24.8,62,74,71,16.11,4.627,7.328,20,0,116,112.7,134.5,98.1,8.8,9.9,85,100,100,100,56,56,68,58.8,64.38,70.94,65.11,136.7,61.8,-4.459,9.509999999999998,8.879999999999995,Normal,100,80
12900,49,59.37,59.6,49.86,50,71.53,71.2,80.37,80,77.56,71.26,57.83,59.5,98.61,31.35,70.28,-3.023,85.6,71.75,15.01,1.165,63,4.777,0.736,267.6,215.9,9,6,40.8,35.9,86,97.3,9,46.8,6,111.3,25.3,60.9,73,70,17.29,4.987,7.424,20,0,116.2,112.7,136.5,100.6,8.5,9.8,80,100,100,100,56,56,68,58.8,64.42,70.94,65.07,133.9,61.36,-5.632,9.509999999999998,8.840000000000003,Normal,100,80
12900,49,59.41,59.7,49.86,49.8,71.53,71.4,80.37,80.2,77.56,71.3,57.83,59.5,98.45,31.3,69.71,-2.563,86,71.78,15.02,0.7963,63.43,4.767,0.7376,267.2,216,9,5.8,40.8,35.8,86,97.3,9.5,46.8,6,111.3,25,60.7,73,70,19.69,5.688,7.424,20,0,116,112.7,135.5,99.1,8.8,9.9,85,100,100,100,56,56,68,58.8,64.42,70.94,65.11,133.6,61.81,-7.951,9.549999999999995,8.840000000000003,Normal,100,80
13000,49,59.41,59.7,49.86,49.8,71.53,71.4,80.37,80.2,77.56,71.26,57.83,59.5,97.87,31.12,69.75,-3.001,85.51,71.37,14.93,0.7917,62.94,4.777,0.7361,265.6,214.8,9,5.6,40.8,35.8,86,97.3,9.3,46.6,6,111.3,25.3,61.4,74,71,19.48,5.661,7.328,20,0,116,112.7,135.5,98.9,8.8,9.9,85,100,100,100,56,56,68,58.8,64.46,70.9,65.07,131.9,61.46,-6.157,9.549999999999995,8.840000000000003,Normal,100,80
13000,49,59.41,59.6,49.86,49.8,71.53,71.4,80.41,80.2,77.56,71.3,57.83,59.5,99.16,31.84,69.89,-2.57,85.98,71.76,15.02,0.7961,62.97,4.801,0.7323,267.9,216,9.2,5.5,40.8,35.9,85.7,96.8,8.9,46.8,6,111.1,25.6,61.4,73,70,16.65,4.775,7.424,20,0,115.7,112.4,135,98.3,8.8,9.8,85,100,100,100,56,56,68,58.8,64.42,70.94,65.11,135.9,61.8,-7.2,9.549999999999995,8.879999999999995,Normal,100,80
13000,49,59.41,59.7,49.86,49.8,71.57,71.4,80.41,80.4,77.56,71.26,57.83,59.5,98.53,31.79,70.22,-3.476,85.6,71.45,14.95,0.7926,63.25,4.759,0.7388,267.4,215,9.2,5.3,40.8,35.9,85.7,96.8,8.9,46.8,6,111.3,25.4,61.4,73,70,17.79,5.134,7.424,20,0,115.7,112.4,134.5,97.8,9,9.7,85,100,100,100,56,56,68,58.8,64.42,70.9,65.07,135.7,61.52,-4.661,9.549999999999995,8.840000000000003,Normal,100,80
13000,49,59.41,59.7,49.9,50,71.53,71.4,80.41,80.4,77.56,71.34,57.83,59.54,99.41,31.92,69.61,-2.118,85.67,71.44,15.4,1.166,62.81,4.796,0.7331,268.6,216.1,9,5.6,40.8,35.9,85.7,96.8,8.9,46.8,5.8,111.3,25.6,61.4,74,71,14.5,4.149,7.328,20,0,115.7,112.4,136,99.6,9,9.9,80,100,100,100,56,56,68,58.8,64.46,70.86,65.07,135.3,63.81,-7.085,9.509999999999998,8.879999999999995,Normal,100,80
13000,49,59.41,59.6,49.9,50,71.57,71.4,80.41,80.2,77.56,71.3,57.83,59.5,98.18,31.67,69.52,-3.01,85.62,71.4,15.02,0.7962,62.86,4.789,0.7341,266.5,216,8.8,5.5,41,36.1,85.7,96.8,8.9,46.6,5.8,111.3,25.4,61.4,73,70,18.68,5.411,7.424,20,0,115.6,112.4,136.5,99.8,8.8,9.6,80,100,100,100,56,56,68,58.76,64.46,70.86,65.03,133.3,61.8,-7.202,9.509999999999998,8.840000000000003,Normal,100,80
13000,49,59.37,59.6,49.86,50,71.53,71.2,80.37,80.2,77.56,71.3,57.83,59.54,98.4,31.29,69.67,-2.562,85.45,71.63,15.36,1.531,63.47,4.734,0.7428,267.1,215.6,9.2,6.1,40.8,35.9,86.3,97.8,8.9,46.6,5.8,111.3,25.6,61.4,73,70,17.95,5.189,7.424,20,0,115.6,112.2,137,100.6,8.8,9.6,80,100,100,100,56,56,68,58.76,64.46,70.86,65.07,131.7,63.64,-7.492,9.509999999999998,8.840000000000003,Normal,100,80
13000,49,59.41,59.6,49.86,50,71.57,71.4,80.41,80.2,77.56,71.3,57.79,59.5,98.27,31.7,69.58,-3.013,85.95,71.36,15.38,0.7958,62.91,4.803,0.732,266.7,215.9,9,5.7,40.8,35.9,86,96.8,9.2,46.8,6,111.1,25.3,61,73,71,19.57,5.664,7.328,20,0,115.6,112.4,133,96.4,8.8,9.8,80,100,100,100,56,56,68,58.8,64.46,70.86,65.07,134.4,63.73,-6.826,9.549999999999995,8.840000000000003,Normal,100,80
13000,49,59.41,59.6,49.86,50,71.53,71.2,80.41,80.2,77.56,71.3,57.83,59.5,99.16,31.84,69.89,-2.57,85.93,71.72,15.01,0.7956,63.06,4.791,0.7338,267.9,215.8,9,5.8,40.8,35.9,86,97.3,8.9,46.8,6,111.3,25.3,60.9,73,70,16.52,4.738,7.424,20,0,115.7,112.4,137,100.3,8.8,9.8,80,100,100,100,56,56,68,58.8,64.42,70.86,65.07,136,62.19,-7.003,9.549999999999995,8.879999999999995,Normal,100,80
13000,49,59.41,59.6,49.9,49.8,71.57,71.4,80.37,80,77.6,71.3,57.83,59.5,97.99,30.85,70.16,-3.018,85.79,71.54,15.05,0.7978,62.95,4.792,0.7338,267.2,216.4,9.2,6,40.8,35.8,86,97.3,8.9,46.8,6,111.3,25.6,61.4,73,70,20.08,5.828,7.424,20,0,115.7,112,136.5,99.6,8.6,9.6,85,100,100,100,56,56,68,58.8,64.46,70.86,65.07,130.7,62.36,-5.268,9.509999999999998,8.800000000000011,Normal,100,80
13000,49,59.41,59.7,49.86,50,71.57,71.4,80.41,80,77.56,71.3,57.79,59.5,98.56,31.8,69.79,-3.022,86.02,71.42,15.39,0.7965,63.15,4.79,0.7341,267.5,216.1,9,5.5,40.8,35.8,85.7,96.8,8.9,46.6,5.8,111.3,25.6,60.7,73,70,19.04,5.494,7.424,20,0,115.3,112.2,136,99.4,8.6,9.9,80,100,100,100,56,56,68,58.8,64.46,70.82,65.07,134.8,64.24,-6.273,9.549999999999995,8.840000000000003,Normal,100,80
13100,49,59.41,59.7,49.86,49.8,71.57,71.4,80.37,80.2,77.52,71.3,57.83,59.5,98.6,31.96,69.68,-3.037,85.68,71.51,14.96,0.7933,63.18,4.768,0.7375,268.9,215.2,9.2,5.5,40.8,35.8,85.7,96.8,8.7,46.6,5.8,111.1,25.4,60.9,73,70,17.75,5.119,7.424,20,0,115.3,112,137,100.4,8.8,9.7,85,100,100,100,56,56,68,58.8,64.46,70.82,65.03,135.4,62.01,-7.048,9.549999999999995,8.800000000000011,Normal,100,80
13100,49,59.41,59.6,49.86,49.8,71.57,71.5,80.41,80.4,77.56,71.3,57.87,59.5,99.12,31.98,70.19,-3.039,86.35,72.44,14.71,0.7995,63.25,4.8,0.7325,269,216.9,8.8,5.3,41,36.1,85.7,96.8,8.9,46.8,6,111.3,25.6,60.9,73,70,18.34,5.262,7.424,20,0,115.6,112.2,137.5,100.6,9,9.8,85,100,100,100,56,56,75,58.76,64.46,70.9,65.03,134.6,60.12,-8.642,9.549999999999995,8.840000000000003,Normal,100,80
13100,49,59.41,59.6,49.9,50,71.57,71.4,80.41,80.4,77.56,71.3,57.83,59.5,97.96,31.6,69.36,-3.003,85.67,71.44,15.03,0.7967,62.91,4.788,0.7343,265.9,216.1,9.2,5.6,40.8,35.8,85.7,97.3,8.9,46.8,5.8,111.3,25.4,61.5,74,71,19.72,5.725,7.328,20,0,115.3,112,135,98.6,9,9.6,80,100,100,100,56,56,68,58.76,64.46,70.9,65.07,133,61.84,-7.991,9.509999999999998,8.840000000000003,Normal,100,80
13100,49,59.41,59.4,49.86,50,71.57,71.4,80.41,80,77.56,71.3,57.83,59.5,98.82,31.88,69.97,-3.03,85.58,71.43,14.95,0.7924,62.74,4.796,0.7331,268.2,215,9.2,5.7,40.8,35.9,85.7,96.8,9,46.6,5.8,111.1,25.4,60.9,73,70,16.18,4.657,7.424,20,0,115.3,112,136,98.9,8.6,9.4,80,100,100,100,56,56,68,58.8,64.46,70.9,65.03,135.1,61.08,-5.578,9.549999999999995,8.840000000000003,Normal,100,80
13100,49,59.37,59.6,49.86,49.8,71.57,71.2,80.37,80.2,77.56,71.3,57.83,59.5,98.16,31.36,69.83,-3.023,84.99,71.24,14.91,1.156,63.09,4.736,0.7423,267.7,214.4,9,5.5,40.8,35.9,85.7,96.8,9.2,46.8,6,111.3,25.4,60.9,73,70,16.8,4.869,7.424,20,0,115.1,111.8,135,100.1,9,9.8,85,100,100,100,56,56,68,58.8,64.38,70.94,65.07,134.9,60.92,-5.432,9.509999999999998,8.800000000000011,Normal,100,80
13100,49,59.41,59.6,49.86,49.8,71.57,71.5,80.41,80.2,77.56,71.3,57.83,59.5,98.42,31.75,69.68,-3.017,85.27,71.17,14.89,0.7896,63.1,4.752,0.7399,267.1,214.2,9.2,5.8,40.8,35.9,86,97.3,8.9,46.6,5.8,111.3,25.6,61.4,73,70,16.89,4.882,7.424,20,0,115.3,112,134.5,98.2,8.8,9.6,85,100,100,100,56,56,75,58.8,64.42,70.9,65.07,135.6,61.29,-5.705,9.549999999999995,8.840000000000003,Normal,100,80
13100,49,59.41,59.6,49.86,49.8,71.57,71.4,80.41,80.2,77.52,71.3,57.79,59.5,98.33,32.18,69.17,-3.014,85.99,71.4,15.39,0.7962,63.02,4.798,0.7328,266.9,216,9,5.5,40.8,35.8,85.7,96.8,8.9,46.6,5.8,111.1,25.6,60.7,73,70,19.65,5.684,7.424,20,0,115.3,112,136,99.6,8.8,9.8,85,100,100,100,56,56,68,58.76,64.38,70.86,65.07,137.4,63.77,-8.627,9.549999999999995,8.840000000000003,Normal,100,80
13100,49,59.41,59.7,49.86,50,71.53,71.5,80.37,80.2,77.56,71.3,57.83,59.5,98.89,31.44,70.02,-2.574,86.07,71.83,15.03,0.7969,63.46,4.769,0.7373,268.4,216.2,9,5.8,40.8,35.9,86,97.3,9.2,46.6,5.8,111.3,25.3,61,73,70,18.37,5.284,7.424,20,0,115.3,112,136.5,98.9,8.8,9.8,80,100,100,100,56,56,75,58.76,64.38,70.86,65.03,134.3,61.86,-6.951,9.549999999999995,8.840000000000003,Normal,100,80
13100,49,59.37,59.6,49.86,50,71.53,71.2,80.37,80.2,77.52,71.3,57.83,59.5,98.76,31.86,69.47,-2.571,85.25,71.46,14.95,1.16,62.91,4.765,0.7379,268.1,215.1,9.2,5.8,40.8,35.9,86,97.3,8.9,46.6,5.8,111.1,25.6,61.5,74,71,15.43,4.445,7.328,20,0,115.3,112,135,98.4,9,9.6,80,100,100,100,56,56,68,58.8,64.34,70.9,65.07,138,61.54,-7.684,9.509999999999998,8.840000000000003,Normal,100,80
13100,49,59.41,59.6,49.86,49.8,71.53,71.2,80.37,80.2,77.52,71.3,57.79,59.5,98.94,31.92,69.6,-2.576,86.31,71.66,15.44,0.7991,63.07,4.811,0.7308,268.5,216.8,9.3,5.5,40.8,35.8,85.7,96.8,9.2,46.6,5.8,111.1,25.6,61.5,73,70,18.67,5.368,7.424,20,0,115.1,111.8,137.5,100.8,8.8,9.5,85,100,100,100,56,56,68,58.8,64.38,70.86,65.03,137.3,63.55,-7.983,9.549999999999995,8.840000000000003,Normal,100,80
13200,49,59.41,59.6,49.82,49.8,71.53,71.4,80.37,80,77.48,71.26,57.83,59.5,97.92,32.04,68.88,-3.002,86.64,72.37,15.07,0.7988,63.46,4.8,0.7325,265.8,216.7,9,5.7,40.8,35.9,85.7,96.8,8.9,46.6,5.8,111.3,25.4,60.4,73,70,23.81,6.916,7.424,20,0,115.1,111.8,136.5,98.6,8.6,9.8,85,100,100,100,56,56,68,58.84,64.34,70.86,65.03,139.9,62,-13.49,9.589999999999996,8.840000000000003,Normal,100,80
13200,49,59.37,59.7,49.86,49.8,71.49,71.4,80.37,80.2,77.52,71.26,57.79,59.5,99.02,31.8,69.79,-2.565,85.72,71.48,15.4,1.166,63.15,4.773,0.7367,267.5,216.2,9.2,5.8,40.8,35.8,86,97.3,8.9,46.6,5.6,111.3,25.4,61.4,74,71,16.36,4.698,7.328,20,0,115.1,111.8,136.5,99.9,8.8,9.7,85,100,100,100,56,56,68,58.8,64.34,70.86,65.03,137.8,63.39,-6.469,9.509999999999998,8.88000000000001,Normal,100,80
13200,49,59.37,59.6,49.86,49.8,71.49,71.2,80.37,80.2,77.56,71.3,57.83,59.5,98.47,31.17,69.4,-2.098,85.34,71.54,14.97,1.161,62.85,4.775,0.7364,266,215.3,9,5.5,40.8,35.9,85.7,96.8,9.2,46.6,6,111.3,25.4,60.9,73,70,16.68,4.819,7.424,20,0,115.1,111.8,138,101.1,8.8,9.8,85,100,100,100,56,56,68,58.8,64.38,70.9,65.03,134,61.17,-8.175,9.509999999999998,8.88000000000001,Normal,100,80
13200,49,59.37,59.6,49.86,49.8,71.53,71.4,80.37,80,77.56,71.26,57.83,59.5,98.57,31.34,70.25,-3.022,85.94,72.03,15.07,1.169,63.06,4.791,0.7338,267.5,216.8,9,6,40.8,35.8,86,97.3,8.9,46.6,5.8,111.1,25.3,61.5,73,70,18.65,5.38,7.424,20,0,115.1,111.8,136.5,99.8,8.8,9.4,85,100,100,100,56,56,68,58.8,64.38,70.9,65.03,134.8,61.6,-6.795,9.509999999999998,8.840000000000003,Normal,100,80
13200,49,59.41,59.6,49.86,49.8,71.53,71.4,80.37,80.2,77.48,71.26,57.79,59.5,98.29,32.16,69.14,-3.013,85.82,71.26,15.36,0.7946,62.75,4.808,0.7312,266.8,215.6,9,5.5,40.8,35.9,85.7,96.8,8.9,46.4,5.6,111.1,25.6,60.9,73,70,18.9,5.469,7.424,20,0,115.1,111.6,136.5,99.6,8.8,9.8,85,100,100,100,56,56,68,58.8,64.38,70.9,65.03,138.3,62.75,-8.174,9.549999999999995,8.840000000000003,Normal,100,80
13200,49,59.37,59.6,49.86,49.8,71.49,71.5,80.37,80.2,77.52,71.26,57.79,59.5,98.86,31.75,69.68,-2.561,85.34,71.16,15.34,1.161,63.21,4.747,0.7407,267.1,215.3,9.2,5.5,40.8,35.8,85.5,96.3,8.8,46.4,5.8,111.3,25.8,60.9,73,70,15.66,4.507,7.424,20,0,115.1,111.8,137.5,100.6,8.8,9.6,85,100,100,100,56,56,75,58.8,64.38,70.94,65.03,136.5,62.24,-5.702,9.509999999999998,8.88000000000001,Normal,100,80
13200,49,59.37,59.6,49.86,50,71.49,71.1,80.37,80.2,77.52,71.3,57.79,59.5,98.91,31.76,69.25,-2.107,85.39,71.21,15.34,1.162,63.17,4.753,0.7398,267.2,215.4,9,5.8,40.8,35.8,86,97.3,9,46.6,5.8,111.3,25.1,61.4,73,70,15.65,4.499,7.424,20,0,115.1,111.6,135.5,98.6,8.8,9.8,80,100,100,100,56,56,62,58.8,64.38,70.94,65.07,136.6,62.71,-7.535,9.509999999999998,8.88000000000001,Normal,100,80
13200,49,59.37,59.6,49.86,49.8,71.53,71.2,80.37,80.2,77.52,71.26,57.79,59.5,98.14,31.66,69.49,-3.009,85.94,71.67,15.44,1.169,62.85,4.808,0.7313,266.4,216.8,9,5.8,40.8,35.8,86,97.3,9.5,46.6,5.8,111.1,24.8,61.5,74,71,19.97,5.787,7.328,20,0,114.9,111.6,135.5,98.6,9,9.8,85,100,100,100,56,56,68,58.8,64.38,70.98,65.07,136.2,62.68,-8.354,9.509999999999998,8.840000000000003,Normal,100,80
13200,49,59.37,59.6,49.86,50,71.53,71.2,80.37,80,77.48,71.22,57.79,59.5,98.39,32.2,69.66,-3.472,85.63,71.4,15.39,1.165,63.16,4.767,0.7376,267,216,9.2,5.5,40.8,35.9,86,97.3,9.2,46.6,5.6,111.3,25.3,60.9,73,70,18.29,5.289,7.424,20,0,114.9,111.3,137,100.4,8.8,9.6,80,100,100,100,56,56,68,58.8,64.34,70.98,65.07,139.5,62.45,-6.673,9.509999999999998,8.840000000000003,Normal,100,80
13200,49,59.37,59.6,49.82,49.8,71.49,71.4,80.33,80.2,77.48,71.22,57.79,59.5,98.74,31.86,69.92,-3.027,86.16,71.91,15.42,1.167,63.38,4.78,0.7356,268,216.4,9,5.5,40.8,35.9,85.7,96.8,9.5,46.6,5.8,111.3,25.4,61.5,73,70,19.13,5.51,7.424,20,0,114.9,111.3,136.5,99.6,8.8,9.8,85,100,100,100,56,56,68,58.8,64.38,70.98,65.07,137,62.57,-7.647,9.549999999999995,8.840000000000003,Normal,100,80
13300,49,59.37,59.7,49.82,49.8,71.53,71.4,80.33,80.2,77.52,71.26,57.79,59.5,97.95,31.29,69.67,-3.017,85.58,71.43,15.31,1.159,62.83,4.789,0.7342,267.1,215,9,5.5,40.8,35.9,85.7,96.8,9.2,46.6,5.8,111.1,25.3,60.9,74,71,19.35,5.618,7.328,20,0,114.7,111.6,135.5,98.6,8.8,9.9,85,100,100,100,56,56,68,58.76,64.42,71.02,65.07,132.6,61.72,-6.713,9.549999999999995,8.799999999999997,Normal,100,80
13300,49,59.33,59.6,49.82,49.8,71.53,71.2,80.37,80.2,77.56,71.3,57.83,59.5,98.43,31.3,69.7,-2.563,85.87,72.35,15.06,1.538,62.8,4.808,0.7313,267.2,216.6,9,6,40.8,35.9,85.7,97.3,8.9,46.6,5.8,111.3,25.6,61.4,73,70,18.63,5.384,7.424,20,0,114.9,111.3,135,98.4,8.8,9.8,85,100,100,100,56,56,68,58.8,64.46,71.02,65.11,132.7,61.12,-10.17,9.509999999999998,8.840000000000003,Normal,100,80
13700,50,59.41,59.6,49.86,49.8,71.53,71.4,80.37,80,77.52,71.26,57.79,59.5,98.24,31.69,69.56,-3.012,85.9,71.32,15.37,0.7953,56.68,5.329,0.6598,266.6,215.8,7.4,3.5,42.6,37.7,83.5,92.8,7.1,46.6,4,111.3,27.8,53.8,57,55,13.3,3.851,8.971,20,0,113.6,110.7,130.5,91.7,8.8,9.6,50,0,100,80,56,56,67,58.72,64.3,70.98,65.11,136.3,62.81,-6.775,9.549999999999995,8.840000000000003,Normal,100,81
13700,50,59.37,59.6,49.9,50.3,71.53,71.2,80.25,78.1,77.48,71.26,57.83,59.54,97.81,31.08,69.77,-3.041,85.1,71.27,15.36,1.531,46.56,6.426,0.5472,269.2,215.6,9.2,3.4,41.2,36.3,81.5,89.4,5,47.2,6.2,111.3,29.5,53.5,52,50,1.859,0.5404,9.553,20,0,113.8,110.5,134.5,97.3,6.9,9.2,50,0,100,80,56,56,67,58.72,64.3,70.94,65.11,133.7,63.2,-5.78,9.47,8.719999999999999,Normal,100,82
15200,50,56.22,56.5,49.82,49.8,66.25,66.1,72.06,71.7,70.68,66.02,55.99,56.39,65.29,15.48,52.39,-2.586,57.89,55.82,3.611,1.541,44.27,4.597,0.7648,269.6,217,8.7,4.3,41.3,36.4,76,80.4,6.3,47.8,6.5,110.9,35,44,51,49,18.23,7.941,9.675,20,0,112.2,109,132,94.6,5.6,6.5,50,0,100,80,56,56,54,58.68,63.28,58.33,57.41,80.83,86.68,-17.61,6.399999999999999,5.810000000000002,Normal,100,83
15200,50,56.22,56.5,49.82,50,66.25,65.9,72.06,71.7,70.68,66.02,55.99,56.39,65.04,15.42,52.19,-2.576,57.87,55.8,3.61,1.54,44.23,4.6,0.7644,268.5,216.9,8.8,4.3,41.2,36.3,76,80.4,6.6,47.8,6.5,111.1,34.9,44,51,49,19.02,8.316,9.675,20,0,112.2,109.2,131,93.6,5.6,6.5,50,0,100,80,56,56,54,58.68,63.15,58.41,57.45,82.73,86.64,-18.56,6.399999999999999,5.810000000000002,Normal,100,83
15200,50,56.22,56.3,49.82,50,66.21,66.1,72.02,71.7,70.6,65.98,55.95,56.39,65.61,16.02,52.19,-2.597,57.77,55.33,3.974,1.537,44.22,4.593,0.7655,270.9,216.6,8.8,4.5,41.2,36.3,76,80.4,6.6,47.7,6.5,110.9,35.6,44.1,51,49,16.65,7.217,9.675,20,0,112.2,108.8,131.5,94.4,5.5,6.2,50,0,100,80,56,56,54,58.68,63.07,58.37,57.45,87.54,95.37,-16.34,6.399999999999999,5.810000000000002,Normal,100,83
15200,50,56.22,56.5,49.82,50.1,66.21,65.9,72.02,71.8,70.64,66.02,55.95,56.35,65.17,15.46,51.83,-2.121,57.64,55.21,3.597,1.166,44.26,4.579,0.7679,269.1,216.1,8.6,3.9,41.2,36.3,75.7,79.9,6.6,47.7,6.5,110.9,34.9,44.1,51,49,17.79,7.765,9.675,20,0,112.2,109,131.5,93.9,5.7,6.7,50,0,100,80,56,56,54,58.68,63.11,58.37,57.45,83.66,86.32,-17.52,6.399999999999999,5.810000000000002,Normal,100,83
15200,50,56.22,56.5,49.77,50,66.21,66.1,72.02,71.7,70.64,65.98,55.95,56.39,65.39,15.51,52.47,-2.588,57.96,55.53,3.962,1.533,44.28,4.602,0.764,270,215.9,9,4.3,41,36.1,75.7,80.4,6.3,47.7,6.5,110.9,35.4,44.1,51,49,18.15,7.893,9.675,20,0,112.2,109,130.5,93.4,5.6,6.5,50,0,100,80,56,56,54,58.68,63.19,58.37,57.45,82.42,95.08,-15.75,6.449999999999996,5.810000000000002,Normal,100,83
15200,50,56.26,56.5,49.82,50,66.21,66.2,72.02,71.7,70.64,66.02,55.95,56.35,65.48,15.53,52.08,-2.131,58.12,55.31,3.604,0.7986,44.25,4.618,0.7613,270.4,216.5,8.8,4,41,36.1,75.7,79.9,6.9,47.8,6.6,110.9,35.2,43.6,51,49,18.38,7.982,9.675,20,0,112,108.8,132,94.8,5.5,6.5,50,0,100,80,56,56,60,58.68,63.32,58.37,57.45,80.35,86.48,-16.79,6.439999999999998,5.810000000000002,Normal,100,83
15200,50,56.22,56.3,49.82,50.1,66.25,66.1,72.06,71.8,70.64,66.02,55.95,56.35,65.17,15.91,51.83,-2.581,57.4,54.97,3.581,1.161,44.28,4.557,0.7716,269.1,215.2,8.7,4.2,41.3,36.4,76,80.4,6.6,47.7,6.5,110.9,34.9,43.6,51,49,16.96,7.404,9.675,20,0,112,109,131.5,95.6,5.7,6.4,50,0,100,80,56,56,54,58.68,63.36,58.37,57.45,81.62,85.95,-16.32,6.399999999999999,5.810000000000002,Normal,100,83
15200,50,56.22,56.5,49.82,50,66.25,66.2,72.1,71.7,70.64,65.98,55.95,56.35,64.99,16.22,51.79,-3.01,58.04,55.6,3.622,1.174,44.27,4.61,0.7627,266.5,217.6,8.9,4.2,41.2,36.3,76,80.4,6.6,47.8,6.5,111.1,34.9,44,51,49,19.83,8.678,9.675,20,0,112.2,109,131.5,94.3,5.6,6.4,50,0,100,80,56,56,60,58.68,63.4,58.37,57.45,82.45,86.93,-19.6,6.399999999999999,5.849999999999994,Normal,100,83
15200,50,56.26,56.5,49.82,50,66.25,66.1,72.1,71.8,70.64,66.02,55.95,56.35,65.51,16.35,51.74,-2.576,57.9,55.11,3.59,0.7956,44.23,4.602,0.7639,268.6,215.7,8.8,3.9,41.2,36.3,75.7,79.9,6.5,47.8,6.5,110.9,35,44.1,51,49,17.48,7.587,9.675,20,0,112.2,108.8,133,95.8,5.7,6.5,50,0,100,80,56,56,54,58.68,63.36,58.37,57.45,83.83,86.16,-17.47,6.439999999999998,5.849999999999994,Normal,100,83
15300,50,56.26,56.5,49.86,50,66.21,66.1,72.06,71.7,70.64,66.02,55.95,56.35,65.59,15.91,51.8,-2.12,57.64,54.84,3.597,0.7971,44.28,4.577,0.7682,268.9,216.1,8.8,4.3,41.2,36.3,76,80.4,6.6,47.8,6.5,110.9,34.7,44.1,51,49,16.33,7.081,9.675,20,0,112.2,109,132,94.8,5.6,6.5,50,0,100,80,56,56,54,58.68,63.28,58.37,57.41,83.03,86.32,-15.77,6.399999999999999,5.8500000000000085,Normal,100,83
15300,50,56.22,56.5,49.82,50,66.25,66.1,72.06,71.8,70.64,65.98,55.95,56.39,65.53,16.01,52.59,-3.057,57.45,55.02,3.952,1.529,44.26,4.563,0.7705,270.6,215.4,8.9,3.9,41.2,36.3,75.7,79.9,6.6,47.7,6.4,110.9,34.9,43.5,51,49,15.83,6.869,9.675,20,0,112.2,109,132,94.6,5.7,6.4,50,0,100,80,56,56,54,58.68,63.23,58.37,57.45,84.3,94.84,-12.54,6.399999999999999,5.810000000000002,Normal,100,83
15300,50,56.22,56.5,49.86,50.1,66.21,66.2,72.06,71.7,70.64,66.02,55.95,56.35,65.58,15.9,51.79,-2.119,57.34,54.91,3.601,1.167,44.31,4.551,0.7726,268.9,216.4,8.9,4,41.2,36.3,75.7,79.9,6.6,47.8,6.6,110.9,35.2,44.1,51,49,15.36,6.664,9.675,20,0,112.2,108.8,133,95.6,5.6,6.4,50,0,100,80,56,56,60,58.68,63.23,58.37,57.45,83.76,86.43,-16.19,6.359999999999999,5.8500000000000085,Normal,100,83
15300,50,56.22,56.5,49.82,50,66.25,66.1,72.06,71.8,70.64,66.02,55.95,56.35,65.36,15.96,51.99,-2.589,57.52,55.09,3.589,1.163,44.28,4.566,0.7699,269.9,215.6,8.8,4.2,41.2,36.3,76,80.4,6.3,47.8,6.5,110.7,34.9,44.5,51,49,16.71,7.272,9.675,20,0,112.2,108.8,132,93.1,5.7,6.5,50,0,100,80,56,56,54,58.68,63.32,58.37,57.45,82.59,86.14,-16.12,6.399999999999999,5.810000000000002,Normal,100,83
15300,50,56.22,56.5,49.82,50,66.21,66.1,72.06,71.8,70.68,66.02,55.99,56.39,65.92,15.52,52.52,-2.13,57.27,55.22,3.573,1.524,44.31,4.544,0.7737,270.3,214.7,8.9,4.5,41.2,36.3,76.3,80.9,6.6,47.8,6.6,111.1,34.9,44.1,51,49,13.91,6.002,9.675,20,0,112.2,109,130,92.4,5.7,6.4,50,0,100,80,56,56,54,58.68,63.36,58.37,57.45,79.61,85.76,-13.88,6.399999999999999,5.8500000000000085,Normal,100,83
15300,50,56.22,56.3,49.86,50.1,66.25,66.2,72.06,71.5,70.68,66.02,55.99,56.39,65.11,15.44,52.25,-2.579,57.38,55.32,3.603,1.537,44.27,4.557,0.7715,268.9,216.5,8.7,3.9,41,36.4,76,80.4,6.6,47.8,6.4,110.9,34.9,43.5,51,49,17.1,7.469,9.675,20,0,112,109,132,95.3,5.4,6.3,50,0,100,80,56,56,60,58.68,63.28,58.41,57.49,80.61,86.47,-15.8,6.359999999999999,5.810000000000002,Normal,100,83
15300,50,56.26,56.5,49.86,50,66.21,66.1,72.06,71.7,70.68,66.02,55.99,56.39,65.72,15.48,52.37,-2.124,57.55,55.13,3.591,1.163,44.3,4.568,0.7696,269.5,215.8,8.7,4.3,41.3,36.4,76,80.4,6.6,47.8,6.5,110.9,34.9,44.1,51,49,15.58,6.743,9.675,20,0,112.2,109,131.5,94.3,5.5,6.5,50,0,100,80,56,56,54,58.68,63.28,58.37,57.45,80.79,86.18,-14.2,6.399999999999999,5.8500000000000085,Normal,100,83
15500,50,56.22,56.5,49.86,50,66.25,66.2,72.02,71.4,70.64,66.02,55.99,56.39,64.7,15.46,51.83,-2.581,57.16,55.1,3.589,1.531,41.17,4.882,0.7202,269.1,215.7,7.9,3.9,42.1,37.2,75.3,79.4,5.6,47.8,5.7,110.7,35.7,42.2,48,46,14.64,6.436,10.06,20,0,112.2,108.8,130.5,92,5,6.5,30,0,100,40,47,56,67,58.72,63.23,58.33,57.41,82.14,86.14,-16.99,6.359999999999999,5.769999999999996,Normal,100,84
16800,50,53.97,54.1,50.1,50.3,64.24,64.2,67.84,67.6,66.71,60.57,53.82,54.09,40.65,12.79,69.27,-41.41,34.78,33.46,2.49,1.165,34.73,3.522,0.9984,270.9,216.1,8.7,3,41.6,36.7,70.6,72,4.2,49.1,7.3,123,52.7,34.8,40,39,14.11,9.873,11.04,20,0,114,109.8,130.5,92.5,3.4,3.8,30,0,100,40,47,56,67,58.76,61.15,55.09,54.63,128.6,59.77,140.1,3.869999999999997,3.6000000000000085,Normal,100,85
16800,50,53.97,53.9,50.1,50.1,64.24,64,67.84,67.6,66.71,60.61,53.82,54.09,40.68,12.8,68.87,-40.99,34.77,33.45,2.49,1.165,34.74,3.519,0.9991,271.1,216,8.5,2.5,41.8,36.9,70.3,71.5,4.4,49.1,7.3,123.2,52.7,34.6,40,39,13.97,9.767,11.04,20,0,114,109.8,128.5,90.5,3.6,3.6,30,0,100,40,47,56,67,58.8,61.15,55.05,54.67,130.9,59.75,139.4,3.869999999999997,3.6000000000000085,Normal,100,85
16800,50,53.97,54.1,50.06,50.3,64.24,64.2,67.84,67.6,66.71,60.61,53.82,54.09,40.57,12.76,68.68,-40.87,34.87,33.56,2.471,1.156,34.74,3.529,0.9962,270.4,214.4,8.5,3,41.8,36.9,70.6,72,4.2,49.1,7.3,123,52.4,35.1,40,39,14.72,10.32,11.04,20,0,114.2,110.1,127.5,89.5,3.6,3.8,30,0,100,40,47,56,67,58.8,61.19,55.09,54.63,128.3,59.3,138.3,3.9099999999999966,3.6000000000000085,Normal,100,85
16800,50,53.97,53.9,50.06,50.3,64.24,64,67.8,67.5,66.71,60.57,53.82,54.05,40.32,12.36,69.51,-41.55,34.87,33.55,2.104,0.7894,34.73,3.53,0.9961,271.8,214.3,8.7,3.1,41.6,36.7,70.6,72,4.5,49.1,7.3,123,52.4,35.3,39,38,15.56,10.98,11.2,20,0,114,109.8,129.5,91.9,3.5,3.6,30,0,100,40,47,56,67,58.8,61.19,55.05,54.63,124.3,50.49,140.6,3.9099999999999966,3.5600000000000023,Normal,100,85
16800,50,53.97,53.9,50.1,50.3,64.24,64,67.8,67.6,66.71,60.57,53.78,54.05,40.31,12.36,69.49,-41.54,34.52,32.84,2.471,0.7898,34.72,3.495,1.006,271.7,214.4,8.7,2.7,41.6,36.7,70.6,71.5,4.5,49.1,7.5,123,52.6,34.6,40,39,14.37,10.14,11.04,20,0,114.2,109.8,129.5,91.6,3.6,3.6,30,0,100,40,47,56,67,58.76,61.15,55.05,54.63,124.3,59.3,143.3,3.869999999999997,3.5600000000000023,Normal,100,85
16800,50,53.92,54.1,50.1,50.3,64.24,64.2,67.8,67.5,66.67,60.57,53.78,54.01,40.22,12.8,68.87,-41.45,34.2,32.88,2.109,0.792,34.76,3.459,1.016,271.1,214.7,8.8,2.8,41.8,36.9,70.3,71.5,4.4,49.1,7.5,123,52.7,35.1,40,39,13.58,9.603,11.04,20,0,114,110.1,128.5,90.6,3.3,3.7,30,0,100,40,47,56,67,58.8,61.15,55.05,54.63,130.9,50.61,141.7,3.82,3.5600000000000023,Normal,100,85
16900,50,53.97,53.9,50.1,50.1,64.24,63.9,67.8,67.6,66.71,60.57,53.78,54.05,39.97,12.26,68.9,-41.19,34.59,32.91,2.476,0.7916,34.76,3.499,1.005,269.4,214.9,8.3,2.7,41.8,36.9,70.3,71.5,4.7,49.1,7.3,123.2,52.4,35.3,40,39,15.86,11.29,11.04,20,0,114.2,110.1,128.5,90.5,3.6,3.8,30,0,100,40,47,56,67,58.8,61.15,55.01,54.63,125.4,59.43,140.7,3.869999999999997,3.5600000000000023,Normal,100,85
16900,50,53.88,53.9,50.06,50.3,64.2,64,67.8,67.6,66.71,60.57,53.82,54.09,40.71,12.34,69.38,-41.02,34.39,33.8,2.489,1.901,34.7,3.484,1.009,271.3,215.9,8.5,2.7,41.6,36.7,70.6,71.5,4.5,49.1,7.3,123.2,52.6,34.6,40,39,12.49,8.724,11.04,20,0,114.2,110.1,127,88.8,3.6,3.8,30,0,100,40,47,56,67,58.8,61.15,55.05,54.63,126.3,59.73,139.1,3.82,3.5999999999999943,Normal,100,85
16900,50,53.92,54.1,50.1,50.3,64.24,64,67.8,67.5,66.71,60.61,53.78,54.05,40.32,12.37,69.06,-41.1,34.31,32.99,2.482,1.161,34.74,3.473,1.012,271.8,215.4,8.3,2.8,41.6,36.7,70.3,71.5,4.5,49.1,7.3,123,52.9,34.6,40,39,13.59,9.587,11.04,20,0,114,110.1,129,91,3.5,4,30,0,100,40,47,56,67,58.76,61.15,55.05,54.67,124.3,59.58,142,3.82,3.5600000000000023,Normal,100,85
16900,50,53.92,54.1,50.06,50.1,64.24,64.2,67.8,67.6,66.71,60.61,53.82,54.09,40.11,12.3,68.69,-40.88,34.78,33.82,2.49,1.534,34.74,3.52,0.9989,270.4,216,8.5,3,41.6,36.7,70.6,72,4.5,49.1,7.3,122.7,52.4,34.6,40,39,15.97,11.32,11.04,20,0,114.2,110.1,152.6,90.9,3.4,4,30,0,100,40,47,56,67,58.76,61.19,55.05,54.63,121.6,59.76,137.3,3.86,3.5600000000000023,Normal,100,85
16900,50,53.92,53.9,50.06,50.3,64.24,64.2,67.84,67.6,66.71,60.61,53.82,54.09,40.91,12.87,69.26,-41.22,34.69,33.74,2.484,1.53,34.74,3.511,1.001,272.6,215.5,8.7,2.4,41.6,36.7,69.9,71,4.4,49.1,7.3,123,52.9,34.1,40,39,12.89,8.961,11.04,20,0,114.2,109.8,128.5,90.6,3.3,3.6,30,0,100,40,47,56,67,58.8,61.15,55.09,54.63,131.7,59.62,139.8,3.86,3.6000000000000085,Normal,100,85
16900,50,53.97,53.9,50.1,50.3,64.24,63.9,67.8,67.6,66.71,60.57,53.78,54.09,40.17,12.32,69.24,-41.4,34.71,33.02,2.853,1.163,34.74,3.512,1.001,270.7,215.6,8.5,2.7,41.8,36.9,70.3,71.5,4.2,49.1,7.5,123.2,52.7,35.3,40,39,15.55,11.01,11.04,20,0,114.2,110.1,128.5,90.6,3.6,3.8,30,0,100,40,47,56,67,58.8,61.19,55.05,54.63,123.9,68.47,141.7,3.869999999999997,3.5600000000000023,Normal,100,85
16900,50,53.92,54.1,50.1,50.3,64.24,64.2,67.84,67.6,66.67,60.61,53.78,54.05,40.61,13.24,68.3,-40.92,34.4,33.08,2.489,1.164,34.74,3.482,1.01,270.7,216,8.3,3,41.8,36.9,70.6,72,4.2,49.1,7.3,123,52.6,35.3,40,39,12.89,9.026,11.04,20,0,114.2,109.8,129.5,91,3.4,3.8,30,0,100,40,47,56,67,58.8,61.15,55.05,54.63,135.4,59.73,139.6,3.82,3.6000000000000085,Normal,100,85
16900,50,53.92,53.9,50.06,50.1,64.2,64,67.8,67.6,66.71,60.61,53.78,54.09,40.73,12.35,68.95,-40.57,34.65,33.33,2.848,1.528,34.75,3.506,1.003,271.4,215.2,8.7,2.7,41.6,36.7,70.3,71.5,5,49,7.2,123.2,52.1,34.6,40,39,13.38,9.343,11.04,20,0,114,110.1,129,91.4,3.6,3.6,30,0,100,40,47,56,67,58.76,61.15,55.05,54.63,124.2,68.36,140.2,3.86,3.5999999999999943,Normal,100,85
16900,50,53.92,54.1,50.1,50.3,64.24,64,67.8,67.6,66.71,60.61,53.78,54.09,40.16,12.32,68.77,-40.93,34.33,33.01,2.852,1.53,34.73,3.475,1.012,270.7,215.5,8.5,3,41.6,36.7,70.3,71.5,4.7,49.1,7.5,123,52.7,35.3,40,39,14.22,10.07,11.04,20,0,114.2,110.1,128,90.1,3.6,4,30,0,100,40,47,56,67,58.8,61.19,55.05,54.63,123.8,68.44,140.8,3.82,3.5600000000000023,Normal,100,85
16900,50,53.97,54.1,50.1,50.3,64.24,64,67.84,67.5,66.71,60.61,53.78,54.05,40.72,12.81,68.94,-41.03,34.77,33.08,2.489,0.7956,34.75,3.518,0.9994,271.4,216,8.3,2.8,41.8,36.9,70.3,71.5,4.4,49.1,7.5,123,52.9,35.8,40,39,13.82,9.652,11.04,20,0,114,110.1,128.5,90.8,3.3,3.8,30,0,100,40,47,56,67,58.8,61.15,55.05,54.63,131.1,59.73,141.2,3.869999999999997,3.6000000000000085,Normal,100,85
17000,50,53.92,54.1,50.1,50.1,64.24,64,67.8,67.6,66.71,60.57,53.78,54.09,39.96,12.25,68.88,-41.18,34.54,33.21,2.87,1.54,34.77,3.493,1.007,269.3,216.9,8.5,3,41.6,36.7,70.6,72,4.7,49.1,7.3,123,52.6,35.3,40,39,15.73,11.2,11.04,20,0,114.2,110.1,128,90,3.6,4,30,0,100,40,47,56,67,58.8,61.19,55.05,54.63,123.2,68.87,139.5,3.82,3.5600000000000023,Normal,100,85
17000,50,53.92,54.1,50.1,50.1,64.2,64.2,67.8,67.6,66.71,60.57,53.78,54.05,40.62,12.32,69.23,-40.93,34.33,33.01,2.484,1.162,34.72,3.476,1.011,270.7,215.5,8.5,2.7,41.8,36.9,70.3,71.5,4.4,49.1,7.3,123.2,52.9,34.8,40,39,12.61,8.828,11.04,20,0,114,109.8,129.5,91.9,3.6,3.8,30,0,100,40,47,56,67,58.8,61.19,55.05,54.63,123.8,59.61,141.6,3.82,3.5999999999999943,Normal,100,85
17000,50,53.92,54.1,50.06,50.3,64.24,64.2,67.8,67.5,66.71,60.57,53.78,54.05,40.06,12.29,69.06,-41.29,34.82,33.5,2.493,1.166,34.73,3.526,0.9972,270,216.3,8.7,2.8,41.6,36.7,70.3,71.5,4.4,49,7.4,123,52.9,34.6,40,39,16.31,11.58,11.04,20,0,114.2,110.1,128,90.3,3.3,3.8,30,0,100,40,47,56,67,58.84,61.19,55.01,54.63,125.7,59.82,139.1,3.86,3.5600000000000023,Normal,100,85
17000,50,53.92,53.9,50.1,50.3,64.24,64,67.8,67.6,66.71,60.57,53.78,54.05,40.29,12.35,69.45,-41.52,34.56,33.23,2.5,1.17,34.75,3.497,1.005,271.6,217,8.3,3,41.8,36.9,70.6,72,4.2,49.1,7.3,123,52.9,35.3,40,39,14.61,10.31,11.04,20,0,114.2,109.8,127.5,89.3,3.6,3.8,30,0,100,40,47,56,67,58.8,61.15,55.05,54.63,126.4,60.01,141.6,3.82,3.5600000000000023,Normal,100,85
17000,50,53.92,54.1,50.1,50.1,64.24,64.2,67.8,67.6,66.71,60.61,53.78,54.09,40.17,12.32,68.79,-40.94,34.23,32.91,2.844,1.526,34.77,3.462,1.016,270.8,214.9,8.5,2.7,41.6,36.9,70.3,71.5,4.2,49.3,7.3,123.2,52.9,34.8,40,39,13.89,9.831,11.04,20,0,114.2,110.1,128.5,90.8,3.4,3.8,30,0,100,40,47,56,67,58.8,61.19,55.05,54.63,123.9,68.25,141.2,3.82,3.5600000000000023,Normal,100,85
17000,50,53.92,54.1,50.06,50.3,64.24,64,67.84,67.5,66.71,60.61,53.78,54.05,40.5,12.74,68.57,-40.81,34.72,33.4,2.486,1.163,34.73,3.515,1,269.9,215.7,8.5,2.8,41.6,36.7,70.3,71.5,4.2,49.1,7.3,123.2,52.7,34.6,39,38,14.42,10.12,11.2,20,0,114.5,109.8,130,92.3,3.3,4,30,0,100,40,47,56,67,58.8,61.15,55.05,54.67,130.3,59.65,138.4,3.86,3.6000000000000085,Normal,100,85
17000,50,53.92,53.9,50.06,50.1,64.2,64,67.8,67.8,66.71,60.61,53.82,54.09,40.54,12.29,68.63,-40.38,34.43,33.48,2.465,1.518,34.7,3.488,1.008,270.2,213.9,8.7,2.5,41.6,36.7,70.3,71.5,4.5,49.1,7.5,123.2,52.6,35.1,40,39,13.23,9.282,11.04,20,0,114.5,109.8,129,91.1,3.6,3.6,30,0,100,40,47,56,67,58.84,61.19,55.05,54.63,125.7,59.16,138.4,3.86,3.5999999999999943,Normal,100,85
17000,50,53.92,54.1,50.06,50.3,64.24,64,67.84,67.6,66.71,60.61,53.78,54.09,40.65,12.79,68.82,-40.96,34.63,33.31,2.846,1.527,34.73,3.506,1.003,270.9,215.1,8.7,3.1,41.6,36.7,70.6,72,4.5,49.1,7.5,123.2,52.6,35.3,39,39,13.57,9.491,11.04,20,0,114.2,110.3,127,89,3.6,3.8,30,0,100,40,47,56,67,58.8,61.19,55.05,54.63,128.6,68.32,139.8,3.86,3.6000000000000085,Normal,100,85
17000,50,53.92,54.1,50.1,50.3,64.24,64,67.8,67.6,66.71,60.57,53.74,54.05,40.03,12.28,69.01,-41.26,34.24,32.55,2.844,1.159,34.72,3.468,1.014,269.8,215,8.3,2.7,41.8,36.9,70.3,71.5,4.2,49.1,7.5,123,52.9,35.1,40,39,14.35,10.2,11.04,20,0,114.2,110.1,127,88.8,3.4,3.8,30,0,100,40,47,56,67,58.8,61.19,55.05,54.63,123.4,68.26,142.6,3.82,3.5600000000000023,Normal,100,85
17300,44,53.88,54.1,50.06,50.1,64.2,63.7,67.8,67.5,66.71,60.57,53.78,54.05,41.32,12.53,70.43,-41.64,34.61,33.64,2.504,1.542,36.06,3.374,1.042,275.4,217.3,9.5,3.7,40.6,35.6,71.2,73,4.7,49.1,8.8,123.2,52.4,37.7,44,42,12.44,8.564,10.6,20,0,114.2,110.3,128.5,91.3,3.8,4,55,70,100,83.31,55.9,56,17,58.8,61.19,55.18,54.63,126,60.09,143.8,3.82,3.5999999999999943,Normal,100,86
19500,44,55.11,55.2,45.93,45.9,85.21,84.9,93.97,93.7,91.73,73.35,54.84,55.24,98.46,25.16,206.6,-133.3,82.36,79.94,3.581,1.16,80.16,3.613,0.9732,269.7,215.2,6.1,5.5,39.8,34.8,99.2,122.6,8.9,43.2,3.2,123.5,24.5,87.8,95,91,23.56,6.805,5.533,20,0,116,111.1,139.4,103.8,8.8,9.3,55,0,100,35,49,56,29.78,59.17,80.02,57.67,56.51,28.95,73.83,165.4,9.18,8.760000000000005,Normal,100,87
19500,44,55.11,55.3,45.93,45.9,85.21,85.1,93.97,93.7,91.73,73.35,54.84,55.28,98.54,25.18,206.8,-133.4,82.24,79.83,3.943,1.525,80.22,3.605,0.9754,270,214.9,6,5.5,39.8,34.8,99.2,122.6,9.4,43.2,3.2,123.7,24.3,87.8,95,91,22.92,6.615,5.533,20,0,116,111.1,138.5,106.1,8.6,9.4,55,0,100,35,49,56,29.8,59.17,80.02,57.67,56.51,28.98,81.28,165.7,9.18,8.760000000000005,Normal,100,87
19600,44,55.11,55.2,45.93,45.8,85.21,85.1,93.97,93.7,91.73,73.35,54.8,55.24,98.51,25.17,206.7,-133.4,82.2,79.41,3.94,1.158,79.89,3.618,0.9719,269.9,214.7,6.3,5.5,39.5,34.6,99.2,122.6,9.4,43.2,3.7,123.7,24.2,88.3,95,91,22.51,6.5,5.533,20,0,116,111.1,136.5,100.7,8.6,9.4,55,0,100,35,49,56,29.82,59.17,80.02,57.67,56.51,28.97,81.24,166.2,9.18,8.760000000000005,Normal,100,87
19600,44,55.11,55.3,45.97,45.9,85.25,84.9,94.01,93.9,91.73,73.35,54.84,55.24,98.02,25.5,205.7,-133.1,82.36,79.93,3.597,1.166,80.33,3.605,0.9754,268.5,216.1,5.8,5.3,39.8,35,99.2,122.6,9.3,43.2,3.2,123.7,24.3,87.3,95,91,25.28,7.336,5.533,20,0,116,111.1,140.9,105.8,8.8,9.5,55,0,100,35,49,56,29.83,59.17,80.02,57.67,56.51,29.35,74.16,164.2,9.14,8.760000000000005,Normal,100,87
19600,44,55.11,55.3,45.97,45.9,85.21,84.9,93.97,93.7,91.73,73.35,54.84,55.24,97.96,25.03,205.5,-132.6,81.71,79.3,3.569,1.156,80.12,3.586,0.9806,268.4,214.4,6.1,5.5,39.8,34.8,99.2,122.6,9.6,43.2,3.2,123.5,24.3,88.3,95,91,22.99,6.674,5.533,20,0,116.2,111.3,139,103.4,8.8,9.5,55,0,100,35,49,56,29.85,59.21,80.02,57.67,56.51,28.86,73.57,164.8,9.14,8.760000000000005,Normal,100,87
19600,44,55.11,55.3,45.97,45.9,85.21,84.9,93.97,93.7,91.73,73.35,54.84,55.28,98.07,25.06,205.8,-132.8,82.05,79.63,3.951,1.529,80.08,3.602,0.976,268.7,215.3,5.9,5.8,40,35,99.5,123.1,9.1,43.4,3.4,123.7,24.5,88.1,95,91,23.77,6.892,5.533,20,0,116.2,111.1,138.5,102.9,8.8,9.4,55,0,100,35,49,56,29.87,59.17,80.02,57.67,56.51,28.84,81.46,164.7,9.14,8.760000000000005,Normal,100,87
19600,44,55.11,55.3,45.97,45.9,85.21,84.9,94.01,93.9,91.73,73.35,54.84,55.28,98.68,25.56,206.1,-133,82.03,79.61,3.95,1.528,80.02,3.604,0.9755,269.1,215.3,5.8,5.6,40,35,99,122.1,8.9,43,3.2,123.7,24.5,88.1,95,91,21.49,6.193,5.533,20,0,116,111.3,139.9,104.4,8.8,9.5,55,0,100,35,49,56,29.88,59.21,80.02,57.67,56.47,29.47,78.67,165.1,9.14,8.800000000000011,Normal,100,87
19600,44,55.11,55.2,45.97,45.9,85.21,85.1,94.01,93.7,91.73,73.35,54.84,55.28,98.48,25.5,205.7,-132.7,82.13,79.7,3.955,1.53,80.2,3.6,0.9766,268.5,215.5,6.1,5.3,39.8,34.8,99,122.1,9.8,43.2,3.4,123.7,24.5,87.6,95,91,22.69,6.553,5.533,20,0,116,111.3,140.4,105.3,8.8,9.3,55,0,100,35,49,56,29.9,59.17,80.06,57.67,56.51,29.3,81.53,164.5,9.14,8.800000000000011,Normal,100,87
21200,45,51.88,52,45.68,45.6,86.11,85.8,92.16,91.7,89.97,64.46,51.12,52.05,68.16,24.72,287,-243.5,56.15,49.25,8.441,1.544,61.34,3.218,1.093,270,217.4,5.5,4,40.1,35.1,95.7,115.6,6.8,43.8,3.7,128.5,32.8,80.5,71,68,19.1,7.969,7.617,20,0,116.9,111.3,139.4,103.5,5.7,6.2,65,0,100,20,49,56,28,59.17,78.42,58.21,55.16,30.81,66.47,223.7,6.200000000000003,6.049999999999997,Normal,100,88
22700,45,49.01,49,45.43,45.4,85.7,85.6,89.38,89,88,58.32,48.9,49.14,41.66,15.59,335.7,-309.6,32.31,31.35,2.13,1.17,45.67,2.488,1.413,271.5,216.8,4.4,2.5,41,36.1,91.5,107.2,4.9,44.9,3.9,141.3,49.5,71.1,52,50,12.82,8.751,9.553,20,0,119.7,113.6,136,98.8,3.6,3.6,30,0,100,5,49,56,21,59.37,80.72,49.81,49.63,17.53,51.11,246.1,3.5799999999999983,3.6799999999999926,Normal,100,89
22700,45,49.01,49,45.43,45.4,85.74,85.4,89.38,89,88,58.32,48.86,49.14,41.13,15.57,335.2,-309.6,32.1,30.78,2.482,1.162,45.67,2.471,1.423,271,215.4,4.4,2.7,41,36.1,91.5,107.7,4.7,44.9,3.8,141.3,49.8,71.6,52,50,13.93,9.631,9.553,20,0,119.5,113.3,137,99.8,3.6,3.6,30,0,100,5,49,56,21,59.41,80.76,49.85,49.63,17.5,59.58,246.1,3.5799999999999983,3.640000000000001,Normal,100,89
22700,45,49.01,49,45.43,45.4,85.7,85.4,89.38,89.2,88,58.32,48.9,49.1,41.61,15.57,335.3,-309.3,32.07,31.11,1.746,0.7937,45.68,2.468,1.425,271.1,215.2,4.4,2.5,41,36.1,91.7,107.7,5.4,44.9,3.9,141,49.6,72.1,52,50,12.13,8.291,9.553,20,0,119.5,113.3,138.5,101.6,3.6,3.7,30,0,100,5,49,56,21,59.37,80.72,49.81,49.59,17.51,41.91,246,3.5799999999999983,3.6799999999999926,Normal,100,89
22700,45,49.01,49,45.39,45.4,85.78,85.6,89.38,89,88,58.32,48.86,49.1,40.8,15.62,336.3,-311.1,32.53,31.21,2.119,0.7961,45.7,2.503,1.405,271.9,215.8,4.6,2.7,40.8,35.9,91.7,107.7,5.2,44.9,3.7,141,49.6,71.4,52,50,16.63,11.59,9.553,20,0,119.5,113.3,136.5,99.4,3.6,3.6,30,0,100,5,49,56,21,59.37,80.76,49.81,49.59,17.53,50.86,246.7,3.619999999999997,3.5999999999999943,Normal,100,89
22700,45,49.01,49.1,45.43,45.4,85.74,85.6,89.34,89,88,58.36,48.9,49.14,40.73,15.13,335.3,-309.7,32.13,31.18,2.118,1.163,45.68,2.473,1.422,271.5,215.6,4.2,2.5,41.2,36.3,91.5,107.7,4.9,44.9,3.9,141,49.5,71.6,52,50,15.43,10.78,9.553,20,0,119.7,113.6,138,100.4,3.8,3.7,30,0,100,5,49,56,21,59.37,80.72,49.85,49.59,17.01,50.82,246.2,3.5799999999999983,3.6000000000000085,Normal,100,89
22700,45,49.01,49,45.43,45.4,85.74,85.4,89.38,89.2,87.96,58.32,48.86,49.1,41.08,16.01,334.3,-309.2,32.08,30.76,2.114,0.794,45.7,2.468,1.425,270.7,215.3,4.4,2.5,41.2,36.3,91.7,107.7,5.4,45.1,4.1,141,49.3,71.3,52,50,14.06,9.733,9.553,20,0,119.7,113.6,137.5,100.4,3.6,3.6,30,0,100,5,49,56,21,59.41,80.76,49.81,49.59,18,50.73,245.8,3.5799999999999983,3.640000000000001,Normal,100,89
22700,45,49.01,49,45.39,45.4,85.74,85.6,89.38,89.2,88,58.28,48.9,49.14,41.27,15.62,336.8,-311.2,32.41,31.46,2.112,1.16,45.66,2.496,1.409,272,215,4.2,2.3,41.2,36.3,91.5,107.2,5,45.1,4.1,141,49.5,70.9,52,50,14.51,9.998,9.553,20,0,119.7,113.3,138,100.8,3.8,3.6,30,0,100,5,49,56,21,59.37,80.76,49.81,49.63,17.53,50.69,246.6,3.619999999999997,3.640000000000001,Normal,100,89
22800,45,49.01,49,45.43,45.4,85.74,85.6,89.34,89.2,88,58.28,48.9,49.1,40.76,15.14,336.4,-310.8,31.9,30.95,1.737,0.7895,45.67,2.456,1.432,271.7,214,4.6,2.7,40.8,35.9,91.5,107.7,4.9,44.9,3.7,141.3,49.8,71.4,52,50,14.5,10.12,9.553,20,0,119.7,113.3,136,98.9,3.4,3.6,30,0,100,5,49,56,21,59.37,80.76,49.85,49.59,16.99,41.69,246.7,3.5799999999999983,3.6000000000000085,Normal,100,89
22800,45,48.97,49.1,45.43,45.4,85.74,85.6,89.38,89.2,88,58.28,48.86,49.1,41.25,15.61,336.7,-311,31.62,30.67,2.107,1.157,45.73,2.431,1.446,271.8,214.6,4.1,2.3,41,36.1,91.5,107.2,4.9,44.9,3.7,140.7,49.8,71.3,52,50,11.84,8.161,9.553,20,0,119.7,113.6,138,100.8,3.8,3.8,30,0,100,5,49,56,21,59.37,80.76,49.81,49.59,17.52,50.57,247.1,3.539999999999999,3.640000000000001,Normal,100,89
22800,45,48.97,49,45.39,45.4,85.7,85.4,89.34,89,88,58.32,48.9,49.14,40.95,15.04,333.7,-307.8,32.08,31.49,2.114,1.528,45.68,2.469,1.424,269.8,215.2,4.4,2.7,41,36.1,91.7,107.7,4.9,45.1,4.1,141.3,49.6,71.1,52,50,14.51,10.08,9.553,20,0,119.7,113.3,138,99.3,3.6,3.4,30,0,100,5,49,56,21,59.37,80.72,49.81,49.63,16.91,50.74,244.3,3.5799999999999983,3.640000000000001,Normal,100,89
22800,45,49.01,49.1,45.39,45.4,85.7,85.6,89.38,89.2,88,58.28,48.86,49.14,41.63,15.58,335.9,-309.9,32.5,31.18,2.485,1.163,45.65,2.503,1.404,271.3,215.6,4.2,2.3,41.2,36.3,91.5,107.2,4.9,45.1,4.1,141,49.5,71.1,52,50,13.56,9.267,9.553,20,0,119.9,113.6,138.5,101.3,3.8,3.7,30,0,100,5,49,56,21,59.41,80.76,49.81,49.59,17.52,59.65,246.1,3.619999999999997,3.6799999999999926,Normal,100,89
22800,45,49.01,49,45.39,45.4,85.74,85.6,89.38,89.2,88,58.28,48.86,49.1,41.11,15.56,335.5,-309.9,32.53,31.21,2.119,0.7961,45.7,2.503,1.405,270.9,215.8,4.2,2.5,41.2,36.3,91.7,107.7,4.7,44.9,3.7,141,49,71.6,52,50,15.53,10.75,9.553,20,0,119.7,113.6,137.5,100.1,3.8,3.6,30,0,100,5,49,56,21,59.41,80.76,49.81,49.59,17.5,50.86,245.7,3.619999999999997,3.640000000000001,Normal,100,89
26500,44,50.81,50.9,44.62,44.6,76.2,76,82.09,81.8,80.06,62.41,49.89,51.02,66.14,22.82,198,-154.7,55.9,47.55,10.25,1.906,52.33,3.755,0.9363,269.3,216.5,6,3.7,38.6,33.8,85.5,96.3,6.8,42.9,4,117.8,32.1,63,59,57,16.33,7.023,8.75,20,0,113.1,108.8,135,100.3,5.8,6.1,85,0,100,25,48,56,46,59,69.29,57.51,54.34,53.23,77.6,204.6,6.190000000000005,5.890000000000001,Normal,100,90
26600,44,50.85,50.9,44.62,44.6,76.16,76.2,82.13,81.8,80.02,62.37,49.93,51.02,67.3,23.82,198.7,-155.2,55.79,47.51,9.797,1.524,52.39,3.744,0.9391,270.3,214.6,5.7,3.9,38.9,34,85.7,96.8,6.1,42.9,4,117.8,32.1,62.5,59,57,11.9,5.03,8.75,20,0,112.7,108.6,134.5,98.7,5.6,6.3,85,0,100,25,48,56,52,59,69.29,57.43,54.3,55.57,75.13,205.6,6.230000000000004,5.969999999999999,Normal,100,90
26600,44,50.81,50.9,44.62,44.6,76.2,76,82.13,81.7,80.02,62.41,49.97,50.98,66.61,23.74,197.5,-154.7,55.55,47.99,9.086,1.527,52.26,3.738,0.9407,269.3,215.1,6.2,3.8,38.6,33.8,85.5,96.3,6.3,42.9,4.3,117.8,32.1,62.8,59,57,13.38,5.714,8.75,20,0,112.9,108.8,134,99.2,5.7,6.1,85,0,100,25,48,56,46,59,69.13,57.47,54.3,56.27,68.78,203.9,6.190000000000005,5.929999999999993,Normal,100,90
26600,44,50.81,50.9,44.62,44.6,76.12,76.2,82.01,81.8,79.94,62.33,49.89,50.98,65.8,23.16,196.5,-153.9,55.41,47.14,9.796,1.523,52.29,3.726,0.9437,267.9,214.6,5.7,3.9,38.9,34,85.7,96.8,6.3,42.9,4,117.6,32.1,62.5,59,57,15.77,6.817,8.75,20,0,112.7,108.6,134,99,5.6,6.3,85,0,100,25,48,56,52,59,68.93,57.88,54.34,56.03,66.43,203.7,6.190000000000005,5.890000000000001,Normal,100,90
26600,44,50.81,50.9,44.62,44.4,76.16,76.4,82.05,81.8,79.98,62.33,49.93,50.98,65.98,23.22,197.5,-154.7,55.53,47.61,9.45,1.527,52.34,3.73,0.9425,268.7,215.1,5.7,3.7,38.9,34,85.5,96.3,6.3,42.9,3.8,117.6,32.3,62.3,59,57,15.61,6.728,8.75,20,0,112.9,108.8,134,98.7,5.6,6.3,90,0,100,25,48,56,52,59,69.13,58.04,54.42,55.05,62.63,203.9,6.190000000000005,5.890000000000001,Normal,100,90
26700,44,50.81,50.9,44.62,44.8,76.16,76,82.05,81.8,79.98,62.33,49.93,51.02,66.15,23.28,198,-155.2,56.05,48.05,9.908,1.911,52.36,3.764,0.9341,269.4,217,5.9,4.2,38.9,34,86,97.3,6.5,42.9,4,117.6,31.6,62.8,59,57,16.82,7.231,8.75,20,0,113.1,108.8,135,98.2,5.8,6.3,85,0,100,25,48,56,46,59,69.29,58.08,54.46,54.31,65.67,204,6.190000000000005,5.890000000000001,Normal,100,90
26700,44,50.81,50.9,44.62,44.6,76.16,76,82.09,81.7,79.98,62.33,49.93,50.98,66.48,23.7,197.6,-154.8,55.48,47.57,9.442,1.525,52.26,3.733,0.9419,268.8,214.9,6,4,38.6,33.8,85.7,96.8,6.6,42.9,4,117.6,32.1,62.5,59,57,13.6,5.82,8.75,20,0,112.9,108.8,134.5,99.8,5.7,6.3,85,0,100,25,48,56,46,59,69.21,58.12,54.54,55.72,63.3,204.1,6.190000000000005,5.930000000000007,Normal,100,90
26700,44,50.81,50.9,44.57,44.6,76.12,76.2,82.09,81.7,79.98,62.37,49.93,51.02,67.28,23.82,198.2,-154.7,56.11,48.16,9.854,1.901,52.35,3.769,0.933,270.2,215.9,5.7,3.9,38.9,34,85.5,96.3,6.4,42.9,4,117.6,31.9,63,59,57,13.07,5.525,8.75,20,0,112.9,108.8,135.5,100.5,5.5,6.3,85,0,100,25,48,56,52,59,69.13,58.16,54.58,56.46,66.06,204.5,6.240000000000002,5.969999999999999,Normal,100,90
27900,45,48.44,48.5,45.43,45.4,75.83,75.9,78.82,78.7,77.72,55.95,48.33,48.57,33.75,12.34,246.1,-224.6,26.95,25.99,2.114,1.161,37.21,2.546,1.381,271.1,215.3,4,1.7,41.3,36.4,80.4,87.4,3.7,45.3,4.1,137.1,56.7,52.1,43,41,13.29,11.2,10.74,20,0,116.9,111.8,133.5,96.4,2.8,3.2,20,0,100,10,48,56,29,59.37,71.46,48.83,48.81,24.49,50.74,242.5,3.009999999999998,2.989999999999995,Normal,100,91
27900,45,48.44,48.5,45.43,45.4,75.83,75.7,78.82,78.7,77.72,55.99,48.33,48.61,33.66,12.3,245,-223.6,26.99,26.03,2.486,1.531,37.23,2.549,1.38,270.4,215.6,4.4,2.6,41.2,36.3,80.7,88.9,3.9,45.3,4.1,137.4,56.4,52.6,43,41,13.78,11.64,10.74,20,0,116.9,112,132.5,95.3,3,2.9,20,0,100,10,48,56,25,59.37,71.46,48.79,48.85,24.42,59.65,241.7,3.009999999999998,2.989999999999995,Normal,100,91
27900,45,48.44,48.3,45.43,45.4,75.83,75.7,78.82,78.7,77.72,55.99,48.33,48.61,33.61,12.29,244.6,-223.3,27,26.05,2.487,1.532,37.21,2.552,1.378,270,215.8,4.2,2.3,41.2,36.3,81,88.4,3.7,45.3,4.1,137.1,56.1,52,43,41,13.98,11.83,10.74,20,0,116.9,112,133,95.9,3,2.9,20,0,100,10,48,56,25,59.33,71.46,48.87,48.85,24.3,59.68,241.3,3.009999999999998,2.989999999999995,Normal,100,91
27900,45,48.4,48.5,45.43,45.6,75.79,75.7,78.82,78.7,77.72,55.99,48.33,48.57,34.02,12.27,244.2,-222.5,26.66,26.08,2.121,1.534,37.31,2.513,1.399,269.6,216,4.4,2.3,41.2,36.3,81,88.4,4.2,45.3,4.1,137.1,56.4,51.6,43,41,11.45,9.571,10.74,20,0,117.4,112,132.5,94.9,3,2.9,15,0,100,10,48,56,25,59.33,71.42,48.83,48.85,24.35,50.91,240.9,2.969999999999999,3.029999999999987,Normal,100,91
28000,45,48.4,48.5,45.43,45.4,75.83,75.7,78.82,78.7,77.68,55.95,48.33,48.57,33.71,12.78,245.3,-224.4,26.56,25.97,2.113,1.528,37.22,2.509,1.402,270.8,215.1,4.2,2,41.2,36.3,81,87.9,4,45.3,3.8,137.4,56.1,51.3,43,41,12.08,10.19,10.74,20,0,117.4,112,133.5,95.8,3,3.1,20,0,100,10,48,56,25,59.37,71.38,48.79,48.81,25.55,50.7,242.2,2.969999999999999,2.989999999999995,Normal,100,91
28000,45,48.4,48.5,45.43,45.4,75.83,75.7,78.82,78.6,77.72,55.95,48.33,48.57,33.5,12.24,244.2,-223,26.6,26.02,2.116,1.531,37.2,2.515,1.398,269.1,215.5,4.3,2.1,41.2,36.3,80.7,87.9,4,45.1,3.8,137.4,56.4,51.6,43,41,12.96,11.01,10.74,20,0,117.1,112,133.5,95.9,2.9,2.9,20,0,100,10,48,56,25,59.33,71.42,48.83,48.81,24.31,50.79,240.5,2.969999999999999,2.989999999999995,Normal,100,91
28000,45,48.4,48.5,45.43,45.4,75.83,75.9,78.82,78.7,77.72,55.99,48.33,48.57,33.68,12.31,245.1,-223.8,26.42,25.84,2.102,1.52,37.23,2.496,1.409,270.6,214.1,4.2,2.3,41.2,36.3,81,88.4,4,45.3,4.1,137.1,56.4,51.6,43,41,11.7,9.882,10.74,20,0,117.1,112,133,95.9,2.8,3.1,20,0,100,10,48,56,29,59.33,71.46,48.83,48.81,24.36,50.45,242.1,2.969999999999999,2.989999999999995,Normal,100,91
28000,45,48.4,48.5,45.43,45.4,75.83,75.9,78.82,78.9,77.72,55.99,48.33,48.57,33.74,12.33,245.5,-224.1,26.56,25.98,2.113,1.528,37.24,2.508,1.402,271.1,215.2,4,2,41.3,36.4,80.7,87.9,4,45.4,4.1,137.1,56.4,51.5,43,41,12.01,10.12,10.74,20,0,117.1,112.2,132.5,95.1,2.8,3.2,20,0,100,10,48,56,29,59.29,71.46,48.83,48.81,24.32,50.71,242.4,2.969999999999999,2.989999999999995,Normal,100,91
28000,45,48.4,48.5,45.43,45.4,75.83,75.7,78.86,78.7,77.72,55.95,48.33,48.57,34.19,12.79,245.9,-224.5,26.54,25.95,2.111,1.527,37.2,2.508,1.402,271,215,4.2,2.3,41.5,36.6,81,88.4,3.7,45.1,3.9,137.4,56.4,52.1,43,41,10.29,8.561,10.74,20,0,117.6,112,134,96.6,2.8,3.1,20,0,100,10,48,56,25,59.33,71.46,48.83,48.81,25.3,50.66,242.4,2.969999999999999,3.030000000000001,Normal,100,91
28000,45,48.4,48.5,45.43,45.4,75.83,75.7,78.86,78.7,77.72,55.95,48.33,48.57,34.09,12.75,245.2,-223.9,26.66,26.07,2.12,1.533,37.25,2.516,1.397,270.2,215.9,4.4,2,41.2,36.3,80.7,87.9,4,45.3,4.1,137.4,56.4,52,43,41,11.1,9.265,10.74,20,0,117.1,112.2,134,94.9,3,2.9,20,0,100,10,48,56,25,59.33,71.51,48.83,48.81,25.15,50.89,241.5,2.969999999999999,3.030000000000001,Normal,100,91
28000,45,48.4,48.5,45.39,45.4,75.83,75.7,78.82,78.6,77.72,55.95,48.37,48.57,33.77,12.35,246.3,-224.8,27,26.78,1.75,1.532,37.21,2.551,1.378,271.4,215.7,4.1,2.4,41.3,36.4,81,88.4,3.9,45.3,4.1,137.1,56.4,52,43,41,13.38,11.27,10.74,20,0,117.4,112.2,134,96.8,2.9,3.1,20,0,100,10,48,56,25,59.33,71.42,48.83,48.81,24.51,42,241.9,3.009999999999998,2.989999999999995,Normal,100,91
28000,45,48.4,48.5,45.43,45.4,75.83,75.9,78.82,78.7,77.72,55.95,48.33,48.57,33.39,12.2,243.4,-222.3,26.62,26.03,2.117,1.531,37.22,2.515,1.398,268.3,215.6,4,2.4,41.2,36.4,81,88.4,4,45.3,4,137.1,56.4,52.6,43,41,13.42,11.43,10.74,20,0,117.6,112.2,134,96.4,2.8,3.2,20,0,100,10,48,56,29,59.29,71.34,48.83,48.77,24.31,50.82,239.6,2.969999999999999,2.989999999999995,Normal,100,91
28000,45,48.4,48.5,45.43,45.3,75.83,75.9,78.82,78.9,77.72,55.95,48.33,48.57,33.57,12.27,244.8,-223.5,26.68,26.1,2.123,1.535,37.22,2.52,1.395,269.7,216.2,4.2,2.1,41.2,36.3,81,88.4,3.9,45.3,3.8,137.4,56.1,51.3,43,41,13,11.01,10.74,20,0,117.6,112.2,133,95.8,3.2,3.1,20,0,100,10,48,56,29,59.29,71.34,48.79,48.81,24.44,50.94,241,2.969999999999999,2.989999999999995,Normal,100,91
28000,45,48.4,48.3,45.43,45.4,75.83,75.9,78.82,78.7,77.72,55.99,48.33,48.57,33.75,12.34,245.6,-224.2,26.6,26.02,2.116,1.53,37.21,2.513,1.399,271.2,215.5,4.1,2.6,41.3,36.4,81.3,88.9,4.2,45.3,4.1,137.4,56.4,52,43,41,12.07,10.17,10.74,20,0,117.4,112.2,133,95.9,3,2.9,20,0,100,10,48,56,29,59.33,71.38,48.83,48.81,24.57,50.79,242.5,2.969999999999999,2.989999999999995,Normal,100,91
28100,45,48.4,48.3,45.43,45.4,75.79,75.6,78.82,78.7,77.68,55.95,48.33,48.57,34.01,12.73,244.2,-222.9,26.62,26.03,2.117,1.531,37.24,2.513,1.399,269.6,215.6,4.2,2.3,41.2,36.3,80.7,87.9,3.7,45.3,4.1,137.4,56.7,52.1,43,41,11.23,9.392,10.74,20,0,117.4,112.4,133.5,95.8,3.1,2.9,20,0,100,10,48,56,25,59.29,71.38,48.83,48.81,25.26,50.82,240.9,2.969999999999999,3.029999999999987,Normal,100,91
28100,45,48.4,48.5,45.43,45.4,75.79,75.6,78.82,78.7,77.68,55.9,48.33,48.53,34.04,12.73,244.8,-223.5,26.69,26.11,1.755,1.167,37.24,2.52,1.395,269.8,216.2,4.2,2.3,41.2,36.3,81,88.4,4,45.3,4,137.1,56.4,52.1,43,41,11.42,9.54,10.74,20,0,117.4,112.4,133,95.4,3.1,3.1,20,0,100,10,48,56,25,59.29,71.3,48.79,48.81,25.45,42.12,241,2.969999999999999,3.029999999999987,Normal,100,91
28100,45,48.4,48.5,45.39,45.4,75.79,75.7,78.78,78.6,77.64,55.95,48.33,48.57,33.83,12.83,245.8,-224.8,26.94,26.35,2.114,1.529,37.21,2.546,1.381,271.8,215.3,4.1,2.1,41.2,36.3,80.7,87.9,3.9,45.3,4.1,137.1,56.7,51.1,43,41,12.97,10.9,10.74,20,0,117.4,112.4,134,96.9,2.7,3.2,20,0,100,10,48,56,25,59.29,71.22,48.79,48.81,25.82,50.73,242.7,3.009999999999998,2.989999999999995,Normal,100,91
28100,45,48.4,48.5,45.39,45.4,75.75,75.7,78.78,78.6,77.64,55.95,48.33,48.53,34.19,12.79,244.9,-223.5,26.92,26.33,1.745,1.161,37.17,2.546,1.381,270.9,215.1,4.2,2,41.3,36.3,81,88.4,4,45.3,4.1,137.1,56.1,51.6,43,41,11.61,9.663,10.74,20,0,117.6,112.4,133,95.6,2.7,3.1,20,0,100,10,48,56,25,59.29,71.14,48.83,48.81,25.91,41.89,241.8,3.009999999999998,3.030000000000001,Normal,100,91
28100,45,48.4,48.3,45.43,45.4,75.79,75.7,78.78,78.6,77.64,55.95,48.29,48.53,33.72,12.79,244.9,-224,26.65,25.69,2.12,1.165,37.16,2.521,1.394,270.9,215.9,4.4,2.1,41.2,36.3,80.7,87.9,4.2,45.3,4,137.4,56.4,52,43,41,12.29,10.37,10.74,20,0,117.8,112.2,133,95.8,2.9,2.7,20,0,100,10,48,56,25,59.29,71.18,48.79,48.81,25.83,50.89,242.5,2.969999999999999,2.989999999999995,Normal,100,91
28100,45,48.4,48.3,45.43,45.4,75.79,75.7,78.78,78.9,77.64,55.9,48.29,48.57,33.65,12.76,244.9,-224,26.81,25.85,2.503,1.542,37.2,2.534,1.388,270.4,217.2,4.2,2.1,41.2,36.3,81,88.4,3.7,45.4,4.1,137.1,56.7,52.1,43,41,13.16,11.12,10.74,20,0,117.8,112.2,134.5,96.9,3.2,2.9,20,0,100,10,48,56,25,59.29,71.22,48.79,48.81,25.68,60.08,241.8,2.969999999999999,2.989999999999995,Normal,100,91
28100,45,48.4,48.3,45.39,45.3,75.79,75.7,78.78,78.9,77.64,55.9,48.33,48.57,33.64,12.76,244.8,-223.9,27.03,26.44,2.121,1.534,37.18,2.556,1.376,270.3,216,4.2,1.7,41.2,36.3,80.7,87.4,3.9,45.3,4.1,137.1,56.7,51.1,43,41,13.93,11.78,10.74,20,0,117.8,112.4,132.5,94.9,3.2,2.9,20,0,100,10,48,56,25,59.29,71.3,48.79,48.81,25.5,50.9,241.1,3.009999999999998,2.989999999999995,Normal,100,91
28100,45,48.36,48.5,45.43,45.3,75.79,75.7,78.78,78.9,77.68,55.9,48.29,48.57,33.56,12.27,244.7,-223.4,26.29,25.7,2.489,1.902,37.18,2.486,1.414,269.7,215.9,4.2,2.1,41.2,36.3,81,88.4,4.3,45.3,4,137.4,56.4,52.1,43,41,11.6,9.828,10.74,20,0,117.8,112.4,134,96.8,3,3.1,20,0,100,10,48,56,25,59.25,71.38,48.79,48.81,24.27,59.74,241.4,2.93,2.989999999999995,Normal,100,91
28100,45,48.4,48.5,45.43,45.4,75.83,75.9,78.82,78.7,77.68,55.95,48.29,48.53,33.73,12.79,245.5,-224.5,26.62,25.67,2.118,1.164,37.18,2.517,1.397,271,215.7,4.4,2.6,41,36.1,81.3,88.9,4,45.1,4.1,137.4,56.4,51.8,43,41,12.2,10.28,10.74,20,0,117.6,112.4,133.5,95.9,3,3.1,20,0,100,10,48,56,29,59.29,71.42,48.79,48.77,25.3,50.84,242.7,2.969999999999999,2.989999999999995,Normal,100,91
28100,45,48.4,48.5,45.39,45.4,75.79,75.7,78.78,78.7,77.68,55.95,48.33,48.57,33.73,12.33,245.5,-224.1,26.96,26.37,2.115,1.53,37.22,2.547,1.38,271,215.4,4.2,2,41.2,36.3,81,87.9,4,45.3,4.1,137.1,56.4,51.6,43,41,13.41,11.31,10.74,20,0,117.6,112.4,134.5,96.9,2.8,3.1,20,0,100,10,48,56,25,59.29,71.46,48.79,48.81,24.31,50.77,241.9,3.009999999999998,2.989999999999995,Normal,100,91
28200,45,48.36,48.3,45.39,45.4,75.83,75.7,78.82,78.9,77.68,55.9,48.29,48.53,33.66,12.77,245.4,-224.5,26.56,25.97,2.113,1.528,37.22,2.508,1.402,270.4,215.1,4.2,2.4,41.2,36.3,81.3,88.9,3.7,45.3,4,137.1,55.8,51.1,43,41,12.25,10.35,10.74,20,0,117.6,112.4,132.5,95.3,3.2,2.9,20,0,100,10,48,56,25,59.29,71.46,48.79,48.81,25.17,50.71,241.8,2.969999999999999,2.989999999999995,Normal,100,91
28200,45,48.36,48.3,45.43,45.3,75.83,75.9,78.82,78.7,77.68,55.9,48.29,48.53,33.86,12.84,246.9,-225.9,26.29,25.71,2.121,1.534,37.22,2.484,1.416,272.1,216,4.2,2,41.2,36.3,80.7,87.9,4.3,45.3,4,137.4,56.1,51.5,43,41,10.62,8.917,10.74,20,0,117.8,112.7,133.5,96.4,2.8,2.9,20,0,100,10,48,56,29,59.29,71.51,48.79,48.77,25.23,50.91,243.7,2.93,2.989999999999995,Normal,100,91
28200,45,48.4,48.5,45.43,45.3,75.79,75.9,78.82,78.9,77.68,55.95,48.29,48.57,34.11,12.76,244.9,-223.5,26.69,25.73,2.492,1.535,37.22,2.521,1.395,270.4,216.2,4.2,2,41.2,36.3,81.3,87.9,4.5,45.1,3.9,137.4,55.8,51.6,43,41,11.13,9.278,10.74,20,0,117.6,112.4,133.5,96.3,2.8,3.1,20,0,100,10,48,56,29,59.25,71.46,48.79,48.81,25.08,59.81,241.9,2.969999999999999,3.029999999999987,Normal,100,91
28200,45,48.36,48.3,45.39,45.4,75.83,75.7,78.82,78.6,77.68,55.9,48.29,48.53,33.72,12.79,245.8,-224.9,26.77,26.18,2.13,1.54,37.21,2.529,1.39,270.9,216.8,4.2,2.4,41.3,36.4,81,88.4,3.9,45.1,3.9,137.4,56.1,52.1,43,41,12.77,10.77,10.74,20,0,118.1,112.4,132.5,95.1,2.6,2.9,20,0,100,10,48,56,25,59.25,71.42,48.75,48.77,25.21,51.11,242.1,2.969999999999999,2.989999999999995,Normal,100,91
28200,45,48.36,48.3,45.39,45.4,75.83,75.9,78.82,78.7,77.68,55.95,48.29,48.53,33.64,12.76,244.8,-223.9,26.7,26.11,2.124,1.536,37.23,2.521,1.395,270.3,216.2,4.1,2,41.2,36.3,80.7,87.9,3.9,45.3,4.1,137.4,56.7,52.1,43,41,12.82,10.84,10.74,20,0,118.1,112.7,134.5,96.3,3,3,20,0,100,10,48,56,29,59.25,71.42,48.79,48.77,25.15,50.98,241.4,2.969999999999999,2.989999999999995,Normal,100,91
28200,45,48.36,48.3,45.39,45.4,75.83,75.6,78.78,78.7,77.68,55.9,48.33,48.53,33.16,12.29,245.1,-224.2,26.54,26.32,1.745,1.527,37.19,2.509,1.401,270.1,215,4.2,2.3,41.2,36.3,81,88.4,4.2,45.3,4.1,137.1,56.4,52.1,43,41,13.93,11.95,10.74,20,0,118.1,112.9,135,97.6,3.1,2.9,20,0,100,10,48,56,25,59.25,71.34,48.79,48.81,24.39,41.88,241.1,2.969999999999999,2.950000000000003,Normal,100,91
28200,45,48.4,48.3,45.39,45.4,75.83,75.7,78.82,78.9,77.68,55.9,48.29,48.53,33.64,12.76,245.3,-224.4,26.96,26.01,2.116,1.163,37.21,2.548,1.38,270.3,215.4,4,1.8,41.3,36.4,80.7,87.9,4.5,45.3,4,137.4,56.4,51.5,43,41,13.73,11.61,10.74,20,0,118.1,112.7,133,95.8,3.2,3,20,0,100,10,48,56,25,59.25,71.26,48.75,48.77,25.49,50.78,241.6,3.009999999999998,2.989999999999995,Normal,100,91
28200,45,48.4,48.5,45.39,45.4,75.79,75.7,78.78,78.9,77.72,55.95,48.29,48.53,33.96,11.95,247.6,-225.6,26.93,25.98,2.114,1.161,37.19,2.546,1.381,272.9,215.2,3.9,1.8,41.5,36.6,80.7,87.9,4.2,45.3,4,137.1,56.4,52,43,41,12.46,10.43,10.74,20,0,117.8,112.9,133,95.9,3.2,2.9,20,0,100,10,48,56,25,59.25,71.26,48.79,48.77,23.88,50.72,244.3,3.009999999999998,2.989999999999995,Normal,100,91
28200,45,48.36,48.5,45.39,45.4,75.79,75.9,78.78,78.9,77.64,55.9,48.29,48.53,33.48,12.7,243.6,-222.9,26.6,26.02,2.117,1.53,37.18,2.516,1.398,269,215.5,4.1,1.8,41.3,36.4,80.7,87.9,4,45.3,4.1,137.4,56.4,51.6,43,41,13.01,11.05,10.74,20,0,118.1,112.9,133.5,96.1,3.2,3.1,20,0,100,10,48,56,29,59.25,71.22,48.75,48.81,25.46,50.8,240.3,2.969999999999999,2.989999999999995,Normal,100,91
28200,45,48.36,48.5,45.39,45.4,75.83,75.7,78.82,78.6,77.68,55.9,48.29,48.53,33.6,12.74,245,-224.2,26.42,25.84,2.102,1.52,37.21,2.496,1.409,270,214,3.9,2.7,41.2,36.3,81.3,88.9,3.7,45.3,3.8,137.8,55.8,51.6,43,41,11.94,10.11,10.74,20,0,118.1,112.9,134,96.6,2.9,3.1,20,0,100,10,48,56,25,59.25,71.26,48.75,48.77,25.47,50.45,241.5,2.969999999999999,2.989999999999995,Normal,100,91
28300,45,48.32,48.3,45.39,45.3,75.79,75.6,78.78,78.7,77.68,55.9,48.29,48.53,33.59,12.28,244.9,-223.6,26.48,26.26,2.136,1.916,37.22,2.501,1.406,269.9,217.5,4.2,2.3,41.2,36.3,81,88.4,3.7,45.3,4,137.1,56.4,52.1,42,40,12.21,10.34,10.89,20,0,118.3,112.9,134,95.4,3,2.9,20,0,100,10,48,56,25,59.25,71.3,48.75,48.77,24.45,51.27,240.9,2.93,2.989999999999995,Normal,100,91
28300,45,48.36,48.5,45.35,45.4,75.83,75.7,78.78,78.7,77.64,55.95,48.29,48.49,33.1,12.73,243.8,-223.4,27.2,26.61,1.763,1.172,37.15,2.574,1.366,269.6,217.3,4.1,2,41.3,36.4,80.7,87.9,4.2,45.1,3.8,137.4,56.4,51.5,43,41,16.39,14.08,10.74,20,0,118.1,112.9,134.5,96.9,3.1,3.1,20,0,100,10,48,56,25,59.25,71.3,48.75,48.77,25.35,42.31,240.2,3.009999999999998,2.950000000000003,Normal,100,91
28300,45,48.36,48.3,45.39,45.3,75.79,75.7,78.78,78.7,77.64,55.9,48.25,48.53,33.59,12.74,244.4,-223.6,26.44,25.49,2.469,1.521,37.21,2.498,1.407,269.9,214.2,4.2,2.1,41.3,36.3,80.4,87.4,4.2,45.3,4.1,137.4,57,52.1,43,41,12.07,10.22,10.74,20,0,117.8,112.9,133,95.4,3,2.9,20,0,100,10,48,56,25,59.25,71.34,48.75,48.77,25.29,59.26,241.7,2.969999999999999,2.989999999999995,Normal,100,91
28300,45,48.36,48.3,45.35,45.3,75.83,75.7,78.82,78.7,77.68,55.9,48.33,48.53,33.72,12.79,245.9,-224.9,26.88,26.66,1.743,1.525,37.24,2.538,1.385,270.9,214.8,4.2,2,41.2,36.3,80.7,87.9,4.2,45.3,4,137.4,56.7,51.6,43,41,13.19,11.13,10.74,20,0,118.1,112.9,133.5,96.1,2.8,3,20,0,100,10,48,56,25,59.25,71.34,48.75,48.77,25.38,41.83,241.5,3.009999999999998,2.989999999999995,Normal,100,91
28300,45,48.32,48.3,45.39,45.4,75.79,75.9,78.82,78.7,77.68,55.9,48.29,48.53,34.14,12.77,245.5,-224.2,26.18,25.97,2.113,1.895,37.24,2.472,1.422,270.6,215.1,4.1,2,41.2,36.3,80.7,87.9,4,45.1,3.8,137.1,56.1,51.1,43,41,9.277,7.73,10.74,20,0,118.1,113.1,133.5,95.9,2.8,3,20,0,100,10,48,56,29,59.25,71.38,48.75,48.77,25.26,50.7,242,2.93,3.029999999999987,Normal,100,91
28300,45,48.36,48.5,45.35,45.4,75.79,75.9,78.82,78.7,77.68,55.9,48.29,48.49,33.92,12.69,244,-222.8,26.96,26.37,1.748,1.162,37.22,2.547,1.381,268.9,215.4,4,2,41.2,36.4,81,88.4,4.2,45.1,4,137.4,56.4,51.6,43,41,12.73,10.67,10.74,20,0,118.3,113.1,134,96.6,3,3.2,20,0,100,10,48,56,29,59.25,71.46,48.71,48.77,24.94,41.94,239.8,3.009999999999998,3.029999999999987,Normal,100,91
33900,45,48.97,49,45.48,45.6,66.25,66.1,69.64,69.5,68.47,56.23,48.74,49.1,38.35,13.25,138.2,-113.1,31.39,29.34,3.22,1.163,35.13,3.142,1.119,271,215.6,5.1,2.4,40.3,35.3,71.9,74,3.7,44.9,4.8,124,52.1,38.4,39,38,10.68,7.922,11.2,20,0,113.8,109.6,128.5,93.2,3.4,3.4,30,0,100,23,47,56,54,58.8,62.42,50.71,50.04,87.98,77.29,213.4,3.490000000000002,3.390000000000001,Normal,100,92
33900,45,48.93,49,45.43,45.4,66.21,66.1,69.64,69.5,68.47,56.23,48.74,49.06,38.83,13.26,138.3,-112.7,31.31,29.62,2.845,1.159,35.09,3.136,1.121,271.1,215,5.1,2.1,40.3,35.3,71.6,73.5,3.8,45.1,4.8,124.2,52.4,38.2,39,38,8.628,6.319,11.2,20,0,113.6,109.4,129,92.6,3.4,3.6,35,0,100,23,47,56,54,58.8,62.37,50.67,50.04,89.04,68.27,213,3.5,3.430000000000007,Normal,100,92
33900,45,48.93,49,45.43,45.4,66.25,66.2,69.64,69.4,68.43,56.23,48.74,49.1,38.25,13.68,137.4,-112.8,31.25,29.57,3.206,1.523,35.12,3.129,1.124,270.3,214.6,5.3,2.5,40.1,35.3,71.9,74,4,44.9,4.6,124.2,52.3,39.2,40,39,10.49,7.802,11.04,20,0,113.8,109.6,128.5,91.9,3.2,3.4,35,0,100,23,47,56,60,58.8,62.37,50.71,50.04,91.87,76.94,212.1,3.5,3.390000000000001,Normal,100,92
33900,45,48.97,49,45.43,45.6,66.25,66.2,69.64,69.4,68.47,56.27,48.74,49.1,38.23,13.21,137.3,-112.3,31.68,29.62,3.212,1.159,35.11,3.172,1.108,270.2,215,5.3,2.5,40.3,35.3,71.9,74,4.3,44.9,4.8,124,52.3,38.9,39,38,12.05,8.967,11.2,20,0,113.6,109.4,127,91.9,3.2,3.6,30,0,100,23,47,56,60,58.84,62.42,50.71,50.04,88.72,77.08,211.9,3.539999999999999,3.390000000000001,Normal,100,92
33900,45,48.97,49,45.43,45.6,66.25,66.1,69.64,69.4,68.47,56.23,48.74,49.1,38.12,13.17,137.4,-112.4,31.9,29.83,3.234,1.167,35.09,3.196,1.1,269.3,216.5,5.1,2.8,40.3,35.3,72.2,74.5,3.8,44.9,4.8,124.2,52,38.9,39,38,13.21,9.856,11.2,20,0,113.8,109.4,128.5,92.2,3.3,3.6,30,0,100,23,47,56,54,58.84,62.46,50.71,50.04,87.45,77.62,210.9,3.539999999999999,3.390000000000001,Normal,100,92
33900,45,48.93,49.1,45.43,45.4,66.25,66.1,69.64,69.5,68.43,56.23,48.74,49.1,38.12,13.63,136.9,-112.4,31.39,29.7,3.22,1.53,35.07,3.146,1.117,269.3,215.5,5.3,2.8,40.3,35.1,71.9,74,4.1,44.9,4.8,124.2,52.1,39.2,40,39,11.4,8.508,11.04,20,0,113.6,109.4,129,92.7,3.4,3.7,35,0,100,23,47,56,54,58.8,62.37,50.67,50.04,91.54,77.27,210.9,3.5,3.390000000000001,Normal,100,92
34000,45,48.97,49,45.43,45.6,66.25,66.2,69.64,69.4,68.47,56.23,48.74,49.1,38.38,13.26,138.3,-113.2,31.79,29.73,3.224,1.164,35.06,3.188,1.103,271.2,215.8,5.3,2.5,40.3,35.3,71.9,74,4.1,44.9,4.8,124,52.1,38.7,40,39,11.91,8.829,11.04,20,0,113.8,109.8,129.5,93.7,3.2,3.6,30,0,100,23,47,56,60,58.84,62.37,50.71,50,90.09,77.37,212.9,3.539999999999999,3.390000000000001,Normal,100,92
34000,45,48.97,49,45.48,45.6,66.29,66.2,69.64,69.4,68.47,56.23,48.74,49.1,37.84,13.24,138,-113.4,31.34,29.28,3.215,1.161,35.11,3.138,1.12,270.6,215.2,5.5,2.5,40.1,35.1,71.9,74,4,44.9,4.6,124.2,52.3,39.4,39,38,12.26,9.214,11.2,20,0,113.8,109.8,129.5,92.8,3.3,3.4,30,0,100,23,47,56,60,58.8,62.37,50.71,50.04,88.88,77.16,213.2,3.490000000000002,3.3499999999999943,Normal,100,92
34000,45,48.97,49,45.43,45.4,66.25,66.1,69.64,69.5,68.47,56.23,48.74,49.1,38.22,13.21,137.7,-112.7,31.5,29.46,3.194,1.153,35.08,3.157,1.114,270,213.8,5.3,2.4,40.3,35.3,71.9,74,4,44.9,4.6,124.2,52.1,38.7,39,38,11.46,8.525,11.2,20,0,113.6,109.6,129.5,93.2,3.4,3.4,35,0,100,23,47,56,54,58.84,62.46,50.67,50.04,87.68,76.65,212.3,3.539999999999999,3.390000000000001,Normal,100,92
34000,45,48.97,49.1,45.43,45.4,66.21,66.1,69.64,69.4,68.47,56.19,48.74,49.1,38.86,13.27,138.8,-113.2,31.96,29.89,3.241,1.17,35.06,3.205,1.097,271.3,216.9,5.3,2.5,40.1,35.1,71.9,74,4.1,44.9,4.6,124,52.3,38.7,39,38,10.8,7.902,11.2,20,0,113.8,109.8,128.5,92.1,3.3,3.5,35,0,100,23,47,56,54,58.84,62.42,50.71,50,89.1,77.77,212.9,3.539999999999999,3.430000000000007,Normal,100,92
34100,39,48.93,49.1,45.43,45.6,66.25,65.3,69.69,69.2,68.55,56.27,48.74,49.1,39.44,13,140.9,-114.5,31.34,29.66,3.215,1.528,36.49,3.02,1.164,275.4,215.2,6.2,2.6,39.2,34.3,71.6,73.5,4.4,44.9,5.8,124.2,52,39.3,44,42,8.019,5.783,10.6,20,0,113.8,109.6,127,91.9,3.9,3.7,40,0,100,59.32,49,56,17.17,58.88,62.5,50.96,50.04,86.29,77.17,217.4,3.5,3.4399999999999977,Normal,100,93
36400,39,50.61,50.8,41.22,41,81.15,80.8,90.12,89.8,87.8,69.46,50.13,50.82,100.3,25.96,205.2,-130.8,84.54,80.27,6.176,1.903,78.68,3.778,0.9306,268.5,216.1,4.1,5.5,37.1,32.2,95,114.7,9,39.2,2.1,117.8,22.8,82.3,92,88,23.26,6.595,5.791,20,0,113.3,109,137,104,8.8,9.8,55,30,100,36,49,56,35.82,59.5,75.52,54.6,52.86,38.89,85.32,163.5,9.39,8.969999999999999,Normal,100,94
36400,39,50.61,50.6,41.22,41,81.11,81,90.12,89.8,87.76,69.46,50.09,50.78,101.5,26.61,206.2,-131.3,84.39,79.75,6.165,1.531,78.75,3.768,0.9332,270.5,215.7,3.9,5.5,37.1,32.4,95.3,114.7,9.7,39.4,2.3,117.8,22.8,82.8,92,88,18.59,5.208,5.791,20,0,113.1,108.8,137,104,8.8,9.6,55,30,100,36,49,56,39.83,59.5,75.48,54.6,52.82,39.97,83.2,165.9,9.39,9.010000000000003,Normal,100,94
36400,39,50.61,50.6,41.22,41,81.11,81,90.12,89.8,87.76,69.46,50.13,50.78,100.9,26.46,205,-130.6,84.09,79.84,5.776,1.526,78.81,3.752,0.9372,268.9,214.9,3.9,5.5,37.1,32.4,95.3,114.7,9.3,39.4,2.3,117.8,22.8,81.8,92,88,19.67,5.543,5.791,20,0,113.3,108.8,136,103.3,9,9.6,55,30,100,36,49,56,39.85,59.5,75.44,54.56,52.82,39.84,79.79,164.2,9.39,9.010000000000003,Normal,100,94
36400,39,50.61,50.6,41.22,41,81.11,81,90.12,89.8,87.8,69.5,50.09,50.82,101.2,26.07,205.6,-130.5,84.14,79.52,6.514,1.894,78.65,3.761,0.9348,269.6,215,3.9,5.8,37.1,32.4,95,115.6,8.9,39.2,2.3,117.8,23.1,83.4,92,88,18.71,5.259,5.791,20,0,113.1,108.8,136.5,103.3,8.6,9.6,55,30,100,36,49,56,39.87,59.5,75.48,54.56,52.82,39.15,89.98,165.4,9.39,9.010000000000003,Normal,100,94
36400,39,50.61,50.8,41.22,41,81.15,81,90.16,89.8,87.76,69.5,50.13,50.82,101.3,27.03,205.4,-131.1,84.5,80.23,6.173,1.902,78.87,3.767,0.9333,270,215.9,4.1,5.5,36.9,32.2,95.3,114.7,9.3,39.2,2.1,118.1,22.8,82.3,92,88,19.67,5.52,5.791,20,0,113.1,109,137,104,8.6,9.8,55,30,100,36,49,56,39.88,59.5,75.52,54.56,52.82,40.49,85.28,164.6,9.39,9.009999999999993,Normal,100,94
36400,39,50.61,50.8,41.22,40.9,81.15,81,90.16,89.8,87.8,69.5,50.13,50.82,101.4,26.57,205.9,-131.2,84.38,80.12,6.165,1.9,78.79,3.766,0.9337,270.1,215.7,3.9,5.5,37.1,32.4,95.3,114.7,9.3,39.2,2.1,117.8,22.5,82.3,92,88,19.13,5.368,5.791,20,0,113.1,109,135.5,102.3,9,9.8,60,30,100,36,49,56,39.9,59.5,75.52,54.56,52.82,39.81,85.16,165,9.39,9.009999999999993,Normal,100,94
36400,39,50.65,50.8,41.22,41,81.15,81.2,90.16,89.8,87.8,69.5,50.13,50.82,101.5,26.62,206.3,-131.4,84.26,79.65,6.129,1.522,78.76,3.762,0.9347,270.5,214.4,3.9,5.7,37.1,32.4,95,114.7,8.9,39.4,2.1,118.1,23.1,81.8,92,88,18.06,5.059,5.791,20,0,113.1,109,135.5,102.5,8.4,9.8,55,30,100,36,49,56,45.92,59.5,75.52,54.56,52.82,39.87,84.67,166.1,9.43,9.009999999999993,Normal,100,94
36500,40,50.61,50.8,41.22,41,81.07,81,90.12,89.8,87.72,69.46,50.13,50.86,101.4,26.93,204.7,-130.2,84.62,80.35,6.551,2.273,77.69,3.83,0.918,269.1,216.3,3.8,5.2,37.1,32.4,95,114.2,9.3,39.4,2.2,117.8,22.8,82.2,89,85,18.6,5.217,6.052,20,0,113.1,109,130.5,97.3,8.6,9.8,39.94,0,100,23,49,56,30,59.5,75.31,55.05,52.99,40.86,76.14,163.5,9.39,9.050000000000011,Normal,100,95
36500,40,50.65,50.8,41.22,41,81.23,83,90.12,90.7,87.72,69.38,50.09,50.78,99.78,26.98,206,-133.2,84.28,79.31,6.13,1.156,75.09,3.947,0.8909,269.6,214.5,3.6,6,37.6,32.9,96.7,117.6,10.9,39.4,1.8,117.8,21.4,83.7,86,82,20.58,5.866,6.317,20,0,113.3,109,131.5,99,7.4,9.6,39.89,0,100,23,49,56,43,59.5,75.35,54.36,53.03,40.84,110.8,165.8,9.43,8.89,Normal,100,96
39200,40,43.61,43.8,40.03,39.9,80.74,80.7,84.55,84.5,83.25,54.06,43.58,43.86,43.06,14.67,330.2,-301.8,32.07,31.85,2.481,2.262,43.9,2.569,1.369,271.5,215.2,1.9,1.5,38,33.2,86,97.3,2.8,39.9,1.7,130.9,44.9,63.4,50,48,5.279,3.487,9.8,20,0,114.7,109.4,134,100.2,3.8,3.9,20,0,100,8,49,56,23,59.82,76.25,44.12,44.1,21.43,59.54,245.3,3.5799999999999983,3.8100000000000014,Normal,100,97
39300,40,43.57,43.8,40.03,40.1,80.78,80.7,84.59,84.3,83.25,54.06,43.58,43.86,43.02,15.12,329.9,-302,31.66,31.81,2.478,2.626,43.87,2.538,1.386,271.3,214.9,1.7,1.2,38.2,33.4,85.5,96.3,3.2,39.8,1.6,130.9,45.2,63.4,50,48,3.949,2.611,9.8,20,0,114.7,109.6,134,99.3,3.6,3.9,20,0,100,8,49,56,23,59.78,76.25,44.12,44.1,22.03,59.46,245.1,3.539999999999999,3.8100000000000014,Normal,100,97
39300,40,43.57,43.6,40.03,39.9,80.78,80.7,84.59,84.3,83.25,54.06,43.62,43.86,43.13,15.16,330.8,-302.8,31.52,32.04,2.101,2.614,43.88,2.526,1.392,271.9,214,1.7,1,38.2,33.4,85.5,96.3,3,39.9,1.7,130.9,45.7,62.9,50,48,3.083,2.033,9.8,20,0,114.9,109.8,134,99.3,3.8,3.7,20,0,100,8,49,56,23,59.82,76.25,44.12,44.1,22.14,50.42,245.6,3.539999999999999,3.8100000000000014,Normal,100,97
39300,40,43.57,43.8,40.03,39.9,80.78,80.7,84.59,84.5,83.29,54.06,43.58,43.82,43.01,14.65,330.3,-301.9,31.77,31.92,2.118,2.267,43.83,2.549,1.379,271.2,215.7,2.1,1.2,38.2,33.4,85.7,96.8,2.8,39.9,1.9,130.9,45.2,63.6,50,48,4.339,2.869,9.8,20,0,114.7,109.6,134.5,100.5,4,3.7,20,0,100,8,49,56,23,59.82,76.3,44.12,44.1,21.35,50.84,245,3.539999999999999,3.8100000000000014,Normal,100,97
39300,40,43.57,43.6,40.03,40.1,80.78,80.7,84.55,84.5,83.29,54.06,43.58,43.86,42.6,14.21,330.7,-302.3,31.53,31.68,2.467,2.615,43.86,2.527,1.391,271.5,214,2.1,1.2,38,33.2,85.7,96.8,3.2,39.9,1.7,130.9,45.2,63.4,50,48,4.958,3.31,9.8,20,0,114.9,109.8,134,100.8,3.8,3.5,20,0,100,8,49,56,23,59.78,76.3,44.08,44.1,20.65,59.21,245.5,3.539999999999999,3.769999999999996,Normal,100,97
39300,40,43.57,43.6,40.03,39.9,80.74,80.5,84.55,84.5,83.25,54.06,43.58,43.86,43.13,14.69,330.7,-302.3,31.9,32.05,2.496,2.646,43.88,2.556,1.375,271.9,216.5,1.7,1.7,38.2,33.4,86,97.3,3.4,39.9,1.7,130.7,45.2,63.9,50,48,4.417,2.913,9.8,20,0,114.9,109.8,134.5,100.3,3.8,3.7,20,0,100,8,49,56,23,59.82,76.25,44.08,44.1,21.46,59.91,245.6,3.539999999999999,3.8100000000000014,Normal,100,97
39300,40,43.57,43.8,40.03,39.9,80.78,80.7,84.55,84.5,83.29,54.06,43.58,43.82,42.53,14.18,330.2,-301.8,31.8,31.95,2.12,2.269,43.9,2.547,1.381,271.1,215.8,1.9,1,38,33.2,85.5,96.3,3.2,39.9,1.7,130.9,45.7,62.9,50,48,6.183,4.135,9.8,20,0,114.7,109.8,132.5,98,3.8,3.7,20,0,100,8,49,56,23,59.82,76.3,44.12,44.1,20.67,50.88,244.9,3.539999999999999,3.769999999999996,Normal,100,97
39300,40,43.61,43.6,40.03,40.1,80.78,80.5,84.59,84.5,83.29,54.06,43.62,43.86,42.97,14.64,330,-301.7,32.03,32.18,2.11,2.259,43.85,2.568,1.369,271,214.9,1.7,1.5,38.2,33.4,86,97.3,3.5,39.8,1.8,130.9,44.7,63.4,50,48,5.367,3.552,9.8,20,0,114.9,109.8,134.5,99,3.8,3.7,20,0,100,8,49,56,23,59.82,76.25,44.12,44.1,21.38,50.64,244.6,3.5799999999999983,3.8100000000000014,Normal,100,97
39300,40,43.61,43.6,40.03,39.9,80.74,80.7,84.55,84.5,83.29,54.06,43.58,43.86,42.98,14.18,330.1,-301.3,32,31.78,2.475,2.257,43.87,2.565,1.371,271,214.7,1.7,1.2,38.2,33.4,85.7,96.8,3.2,40.1,1.9,130.9,45.2,63.4,50,48,5.257,3.479,9.8,20,0,114.9,109.8,134.5,100.5,3.8,3.7,20,0,100,8,49,56,23,59.86,76.3,44.12,44.1,20.71,59.41,244.9,3.5799999999999983,3.8100000000000014,Normal,100,97
39300,40,43.61,43.8,40.07,39.9,80.78,80.7,84.59,84.5,83.25,54.06,43.58,43.86,43.09,15.14,330.5,-302.5,31.77,31.55,2.486,2.267,43.86,2.547,1.381,271.7,215.6,1.9,1,38.2,33.4,85.5,96.3,3.4,39.8,1.7,131.2,45.7,63.3,50,48,4.06,2.68,9.8,20,0,114.9,109.8,135,100.5,3.8,3.7,20,0,100,8,49,56,23,59.82,76.34,44.12,44.1,22.01,59.66,245.8,3.539999999999999,3.8100000000000014,Normal,100,97
39300,40,43.61,43.8,40.03,39.9,80.78,80.5,84.55,84.5,83.25,54.06,43.58,43.82,42.66,14.69,330.7,-302.7,32.24,32.02,2.125,1.905,43.89,2.583,1.361,271.9,216.4,1.7,1.5,38.2,33.4,86,97.3,3.5,39.9,1.9,130.9,45.2,64.4,50,48,7.283,4.856,9.8,20,0,114.7,109.8,133,100.3,3.8,3.7,20,0,100,8,49,56,23,59.82,76.3,44.12,44.14,21.4,51,245.6,3.5799999999999983,3.769999999999996,Normal,100,97
39400,40,43.61,43.6,40.07,39.9,80.78,80.7,84.59,84.5,83.25,54.06,43.58,43.86,43.01,15.12,329.9,-302,31.88,31.66,2.494,2.274,43.82,2.558,1.375,271.2,216.4,2.1,1,38,33.2,85.5,96.3,3,39.9,1.9,131.2,45.7,63.4,50,48,4.686,3.099,9.8,20,0,114.7,109.6,134,99.7,3.8,3.5,20,0,100,8,49,56,23,59.82,76.25,44.12,44.1,22.08,59.87,245.2,3.539999999999999,3.8100000000000014,Normal,100,97
39400,40,43.61,43.6,40.03,39.9,80.74,80.7,84.55,84.3,83.25,54.06,43.58,43.86,43.2,14.72,331.3,-302.8,32.08,31.86,2.482,2.263,43.85,2.572,1.367,272.4,215.3,1.9,1.4,38.2,33.2,86.3,97.8,3.8,39.8,1.9,131.2,44.9,63.4,49,47,4.755,3.131,9.926,20,0,114.9,109.8,132.5,97.8,3.6,3.7,20,0,100,8,49,56,23,59.82,76.3,44.12,44.1,21.44,59.56,246.2,3.5799999999999983,3.8100000000000014,Normal,100,97
39400,40,43.61,43.6,40.07,39.9,80.78,80.7,84.55,84.3,83.25,54.06,43.58,43.86,42.64,14.69,330.6,-302.7,31.63,31.41,2.475,2.257,43.84,2.537,1.386,271.8,214.7,1.9,1.2,38,33.2,85.5,96.3,3.7,39.9,1.7,130.9,45.7,63.4,50,48,5.106,3.405,9.8,20,0,114.9,109.8,134,99.3,3.6,3.5,20,0,100,8,49,56,23,59.82,76.3,44.12,44.14,21.4,59.4,246,3.539999999999999,3.769999999999996,Normal,100,97
39400,40,43.61,43.6,40.03,39.9,80.78,80.7,84.55,84.5,83.29,54.06,43.58,43.86,42.7,14.24,331.5,-303.1,31.98,31.76,2.474,2.256,43.82,2.566,1.37,272.2,214.6,2.1,1.2,38,33.2,85.7,96.8,3.2,39.9,1.7,130.9,45.5,63.6,50,48,6.137,4.088,9.8,20,0,114.9,110.1,134,99.8,3.8,3.5,20,0,100,8,49,56,23,59.82,76.3,44.16,44.14,20.75,59.37,246.1,3.5799999999999983,3.769999999999996,Normal,100,97
39400,40,43.61,43.8,40.07,39.9,80.78,80.5,84.55,84.5,83.25,54.06,43.62,43.86,42.57,14.66,330.1,-302.2,31.79,31.94,2.119,2.268,43.82,2.551,1.378,271.4,215.8,1.7,1.2,38.2,33.4,86,97.3,3.5,39.9,1.7,131.2,44.9,63.3,50,48,5.908,3.947,9.8,20,0,114.9,110.1,134,100.2,3.8,3.9,20,0,100,8,49,56,23,59.86,76.3,44.16,44.14,21.42,50.85,245.1,3.539999999999999,3.769999999999996,Normal,100,97
39400,40,43.61,43.6,40.03,40.1,80.78,80.7,84.55,84.5,83.29,54.06,43.62,43.86,42.65,14.22,331.1,-302.7,32.13,32.28,2.117,2.266,43.84,2.577,1.365,271.9,215.6,1.7,1.5,38.2,33.4,86,97.3,3.2,39.9,1.7,130.9,45.2,62.9,50,48,6.854,4.571,9.8,20,0,115.1,110.1,133,98.8,3.7,3.7,20,0,100,8,49,56,23,59.82,76.3,44.12,44.14,20.73,50.81,245.4,3.5799999999999983,3.769999999999996,Normal,100,97
39400,40,43.61,43.6,40.07,40.1,80.74,80.7,84.59,84.3,83.29,54.06,43.62,43.86,43.3,14.59,329,-300.3,31.7,31.85,2.113,2.262,43.81,2.544,1.382,270.1,215.1,1.9,1.7,38.2,33.4,86,97.3,3,39.8,1.6,131.2,45.7,63.9,49,47,3.024,1.986,9.926,20,0,114.9,109.8,133,98.8,3.8,3.5,20,0,100,8,49,56,23,59.86,76.34,44.12,44.14,21.26,50.7,244,3.539999999999999,3.850000000000009,Normal,100,97
39400,40,43.61,43.8,40.07,40.1,80.78,80.5,84.59,84.5,83.25,54.06,43.58,43.86,43.09,15.14,330.5,-302.5,31.67,31.45,2.478,2.26,43.88,2.538,1.386,271.7,215,1.7,1.4,38.2,33.4,85.7,96.8,3.2,39.9,1.7,130.9,45.5,63.4,50,48,3.735,2.465,9.8,20,0,114.9,109.8,134,100,4,3.9,20,0,100,8,49,56,23,59.82,76.3,44.12,44.14,22.06,59.48,245.8,3.539999999999999,3.8100000000000014,Normal,100,97
39400,40,43.61,43.6,40.07,39.9,80.78,80.8,84.55,84.5,83.25,54.06,43.62,43.86,42.73,14.72,331.3,-303.3,31.73,31.88,2.115,2.264,43.87,2.542,1.383,272.4,215.3,1.9,1.2,38,33.2,85.7,96.8,3,39.8,1.6,131.2,45.5,63.9,50,48,5.175,3.445,9.8,20,0,114.9,110.1,134.5,100.2,3.8,3.7,20,0,100,8,49,56,23,59.82,76.3,44.12,44.14,21.44,50.75,246.2,3.539999999999999,3.769999999999996,Normal,100,97
39400,40,43.61,43.6,40.07,40.1,80.78,80.7,84.55,84.3,83.29,54.06,43.62,43.86,42.5,14.17,329.9,-301.6,31.58,31.73,2.105,2.253,43.86,2.532,1.389,270.9,214.4,1.9,1.4,38,33.2,85.7,96.8,3.7,39.9,1.9,131.2,45.2,64.1,50,48,5.487,3.672,9.8,20,0,114.9,110.1,134,99.8,3.6,3.7,20,0,100,8,49,56,23,59.82,76.3,44.12,44.1,20.65,50.52,244.8,3.539999999999999,3.769999999999996,Normal,100,97
39500,40,43.61,43.8,40.11,39.9,80.82,80.7,84.59,84.5,83.29,54.1,43.62,43.86,42.31,14.57,328,-300.3,31.21,31.36,2.105,2.253,43.86,2.502,1.405,269.7,214.3,1.9,1.5,38,33.2,85.7,97.3,3.2,39.9,2.1,131.2,45.5,64.1,50,48,4.838,3.252,9.8,20,0,115.1,109.8,133.5,99.2,3.8,3.9,20,0,100,8,49,56,23,59.82,76.3,44.12,44.14,21.23,50.51,243.9,3.5,3.77000000000001,Normal,100,97
39500,40,43.61,43.8,40.07,39.9,80.78,80.7,84.59,84.3,83.29,54.06,43.62,43.86,42.84,14.59,329,-300.8,31.62,31.77,2.108,2.256,43.87,2.534,1.387,270.1,214.6,1.7,1.4,38.2,33.4,85.7,96.8,3.5,39.8,1.5,130.9,45.5,63.4,50,48,4.442,2.95,9.8,20,0,115.1,110.1,134.5,100.3,3.6,3.7,20,0,100,8,49,56,23,59.86,76.34,44.16,44.14,21.26,50.58,244,3.539999999999999,3.8100000000000014,Normal,100,97
39500,40,43.61,43.8,40.07,39.9,80.82,80.7,84.59,84.5,83.25,54.06,43.62,43.86,42.58,15.13,330.1,-302.7,31.76,31.91,2.117,2.266,43.84,2.547,1.38,271.4,215.6,1.8,1.2,38.3,33.5,85.7,96.8,3,40.1,1.8,131.2,45.4,63.4,50,48,5.809,3.881,9.8,20,0,114.9,110.1,134,99.8,4,3.7,20,0,100,8,49,56,23,59.82,76.34,44.16,44.14,21.99,50.81,245.2,3.539999999999999,3.77000000000001,Normal,100,97
39500,40,43.61,43.6,40.07,40.1,80.78,80.7,84.59,84.5,83.25,54.06,43.62,43.86,43.04,15.13,330.1,-302.2,31.61,31.75,2.107,2.255,43.83,2.536,1.387,271.4,214.5,1.9,1.5,38.2,33.4,85.7,97.3,3.2,39.9,1.6,131.2,45.2,64.1,50,48,3.625,2.396,9.8,20,0,115.1,110.1,134,99.8,3.8,3.5,20,0,100,8,49,56,23,59.82,76.34,44.12,44.14,21.98,50.56,245.3,3.539999999999999,3.8100000000000014,Normal,100,97
39500,40,43.65,43.6,40.07,39.9,80.82,80.7,84.55,84.5,83.29,54.06,43.62,43.86,42.05,14.18,330.1,-302.2,32.03,31.81,2.11,1.893,43.86,2.568,1.369,271,214.9,1.9,1.2,38.2,33.4,85.7,96.8,3.5,39.9,1.7,130.9,45.2,63.4,50,48,8.621,5.831,9.8,20,0,115.1,110.3,134,99.3,3.8,3.5,20,0,100,8,49,56,23,59.86,76.34,44.16,44.14,20.66,50.65,244.9,3.5799999999999983,3.730000000000004,Normal,100,97
39500,40,43.65,43.8,40.07,40.1,80.78,80.7,84.59,84.5,83.29,54.06,43.62,43.86,43.13,14.69,331.2,-302.8,32.22,32,2.123,1.904,43.82,2.585,1.36,272,216.2,1.8,1,38.3,33.5,85.5,96.3,3.2,39.9,1.7,130.9,45.2,63.6,50,48,5.447,3.592,9.8,20,0,115.1,110.3,134,99.8,3.8,3.7,20,0,100,8,49,56,23,59.82,76.34,44.12,44.14,21.36,50.94,245.7,3.5799999999999983,3.8100000000000014,Normal,100,97
39500,40,43.61,43.6,40.07,40.1,80.82,80.7,84.59,84.5,83.29,54.06,43.62,43.86,42.6,14.67,330.7,-302.8,31.64,31.79,2.109,2.258,43.9,2.535,1.387,271.5,214.8,1.7,1.7,38.2,33.4,86,97.3,3.7,39.9,1.7,131.2,45.2,63.9,50,48,5.384,3.595,9.8,20,0,115.3,110.1,133,98.7,3.6,3.7,20,0,100,8,49,56,23,59.86,76.3,44.12,44.14,21.43,50.62,245.4,3.539999999999999,3.77000000000001,Normal,100,97
39500,40,43.61,43.8,40.07,39.9,80.82,80.7,84.59,84.5,83.29,54.06,43.62,43.86,42.5,14.64,329.9,-302.1,31.74,31.89,2.115,2.265,43.89,2.543,1.383,270.9,215.4,1.6,1.2,38.2,33.4,85.7,96.8,3,39.9,1.6,130.9,45.5,63.9,50,48,6.063,4.058,9.8,20,0,115.1,110.3,134.5,100.3,3.7,3.9,20,0,100,8,49,56,23,59.82,76.3,44.16,44.14,21.32,50.77,244.7,3.539999999999999,3.77000000000001,Normal,100,97
39500,40,43.65,43.6,40.07,39.9,80.78,80.7,84.59,84.3,83.29,54.06,43.62,43.86,42.88,14.61,329.3,-301,32.14,31.92,2.117,1.899,43.85,2.577,1.365,270.4,215.6,1.8,1.4,38.3,33.5,85.7,96.8,3,39.8,1.6,131.2,45.2,63.4,49,47,6.082,4.034,9.926,20,0,115.1,110.3,135.5,99.7,3.6,3.7,20,0,100,8,49,56,23,59.82,76.34,44.16,44.14,21.23,50.82,244.2,3.5799999999999983,3.8100000000000014,Normal,100,97
39500,40,43.61,43.6,40.07,40.1,80.78,80.7,84.59,84.5,83.29,54.06,43.62,43.86,42.87,14.61,329.3,-301,31.83,31.98,2.121,2.271,43.86,2.551,1.378,270.3,216,1.7,1.7,38.2,33.4,86,97.3,3,40.1,1.9,130.9,45.4,63.9,50,48,5.033,3.339,9.8,20,0,115.1,110.1,134.5,100.3,3.5,3.7,20,0,100,8,49,56,23,59.82,76.3,44.12,44.18,21.28,50.91,244.1,3.539999999999999,3.8100000000000014,Normal,100,97
39600,40,43.65,43.8,40.07,40.1,80.82,80.8,84.59,84.5,83.29,54.06,43.62,43.86,42.55,14.65,330.3,-302.4,32.24,32.02,2.124,1.905,43.87,2.584,1.361,271.2,216.3,1.9,1.2,38.2,33.4,85.7,96.8,3.6,39.9,1.7,131.2,45.5,63.4,50,48,7.626,5.098,9.8,20,0,115.1,110.3,134.5,100.2,3.8,3.7,20,0,100,8,49,56,23,59.82,76.3,44.16,44.14,21.35,50.98,244.9,3.5799999999999983,3.77000000000001,Normal,100,97
39600,40,43.65,43.8,40.11,39.9,80.78,80.8,84.59,84.3,83.29,54.06,43.66,43.86,43.11,14.69,331.1,-302.7,31.83,31.98,1.753,1.903,43.87,2.551,1.378,271.8,216.1,1.8,1.7,38.3,33.5,86,97.3,3.2,39.9,1.7,130.9,44.9,63.3,50,48,4.225,2.788,9.8,20,0,115.3,110.1,134.5,100.8,3.5,3.7,20,0,100,8,49,56,23,59.82,76.3,44.16,44.14,21.4,42.07,245.6,3.539999999999999,3.8100000000000014,Normal,100,97
39600,40,43.61,43.6,40.11,40.1,80.78,80.7,84.59,84.3,83.29,54.06,43.62,43.86,43.12,14.69,331.1,-302.7,31.26,31.41,2.108,2.256,43.86,2.506,1.403,271.9,214.6,1.9,1.4,38.2,33.4,85.7,96.8,3.6,39.9,1.6,131.2,44.6,63.1,49,47,2.164,1.428,9.926,20,0,115.1,110.3,134.5,99.7,3.6,3.5,20,0,100,8,49,56,23,59.82,76.3,44.16,44.18,21.4,50.59,246.1,3.5,3.8100000000000014,Normal,100,97
39600,40,43.61,43.8,40.11,39.9,80.78,80.8,84.59,84.5,83.33,54.06,43.62,43.86,42.77,14.11,328.9,-300.3,31.12,31.26,2.098,2.246,43.86,2.494,1.41,269.7,213.7,1.6,1.2,38.2,33.5,86,97.3,3.7,40.1,1.6,131.2,45.2,63.3,50,48,2.898,1.927,9.8,20,0,115.3,110.1,133,98.8,3.8,3.9,20,0,100,8,49,56,23,59.86,76.3,44.16,44.18,20.61,50.36,244,3.5,3.8100000000000014,Normal,100,97
39600,40,43.65,43.6,40.11,40.1,80.82,80.7,84.59,84.3,83.33,54.06,43.62,43.86,42.47,14.16,330.1,-301.8,31.71,31.49,2.113,1.895,43.89,2.54,1.384,270.7,215.2,1.9,1.4,38.2,33.4,85.7,96.8,3.2,39.9,1.6,131.2,45.5,63.4,50,48,6.054,4.055,9.8,20,0,115.3,110.3,134.5,100,3.5,3.7,20,0,100,8,49,56,23,59.82,76.3,44.16,44.18,20.64,50.72,244.9,3.539999999999999,3.77000000000001,Normal,100,97
39600,40,43.65,43.6,40.11,39.9,80.82,80.7,84.59,84.5,83.29,54.06,43.62,43.86,42.45,14.62,329.6,-301.7,31.9,31.68,2.126,1.907,43.86,2.557,1.375,270.6,216.5,1.7,1,38.2,33.4,85.5,96.3,3.5,39.9,1.6,130.9,44.9,63.4,50,48,6.77,4.536,9.8,20,0,115.3,110.3,133.5,99.2,3.7,3.7,20,0,100,8,49,56,23,59.82,76.3,44.16,44.18,21.3,51.03,244.6,3.539999999999999,3.77000000000001,Normal,100,97
39600,40,43.61,43.8,40.11,40.1,80.78,80.8,84.63,84.5,83.33,54.1,43.66,43.86,43.49,14.66,330.5,-301.6,31.23,31.75,1.74,2.254,43.89,2.502,1.405,271.3,214.5,1.9,1.2,38.2,33.4,85.7,96.8,3,39.9,1.6,130.9,45.5,63.4,50,48,0.784,0.5127,9.8,20,0,115.1,110.3,134.5,99.8,3.8,3.7,20,0,100,8,49,56,23,59.86,76.34,44.16,44.18,21.36,41.76,245.3,3.5,3.8499999999999934,Normal,100,97
39600,40,43.65,43.8,40.11,39.9,80.82,80.7,84.59,84.5,83.33,54.06,43.66,43.86,42.53,14.19,330.7,-302.3,31.8,31.95,1.751,1.901,43.84,2.55,1.379,271.1,215.8,1.7,1.2,38.2,33.4,85.7,96.8,3.2,39.9,1.7,130.9,45.5,63.9,50,48,6.105,4.082,9.8,20,0,115.3,110.3,134,99.3,3.8,3.9,20,0,100,8,49,56,23,59.86,76.3,44.16,44.18,20.72,42.03,244.9,3.539999999999999,3.77000000000001,Normal,100,97
39600,40,43.65,43.6,40.07,40.1,80.82,80.8,84.59,84.5,83.33,54.1,43.62,43.86,42.65,14.23,331.2,-302.7,32.27,32.05,2.126,1.907,43.83,2.589,1.358,271.9,216.5,1.9,1.2,38.2,33.4,85.7,96.8,3.5,39.9,1.7,131.2,45.2,63.3,50,48,7.321,4.881,9.8,20,0,115.3,110.5,134,99.5,3.8,3.5,20,0,100,8,49,56,23,59.86,76.34,44.16,44.18,20.73,51.03,245.6,3.5799999999999983,3.77000000000001,Normal,100,97
39600,40,43.65,43.8,40.07,40.1,80.82,80.7,84.59,84.5,83.29,54.06,43.66,43.86,42.71,14.71,331.6,-303.6,32.2,32.35,1.753,1.903,43.85,2.582,1.362,272.2,216.1,1.7,1.4,38.3,33.4,85.7,96.8,3.2,40.1,1.7,131.2,45.5,63.4,50,48,6.908,4.601,9.8,20,0,115.1,110.3,134,100,3.8,3.9,20,0,100,8,49,56,23,59.86,76.3,44.16,44.18,21.48,42.07,245.7,3.5799999999999983,3.77000000000001,Normal,100,97
39700,40,43.65,43.8,40.11,39.9,80.82,80.8,84.63,84.3,83.29,54.06,43.66,43.86,43.26,15.2,332.2,-304.2,31.68,31.83,1.744,1.894,43.86,2.539,1.385,272.8,215,1.9,1.4,38.2,33.4,85.7,96.8,3.3,39.9,1.6,130.9,45.5,63.4,50,48,3.149,2.07,9.8,20,0,115.3,110.3,133,98.8,3.6,3.7,20,0,100,8,49,56,23,59.82,76.3,44.16,44.14,22.15,41.87,246.6,3.539999999999999,3.8100000000000014,Normal,100,97
39700,40,43.65,43.6,40.11,39.9,80.78,80.7,84.63,84.5,83.29,54.1,43.62,43.86,43.7,15.19,331.6,-303,31.44,31.22,2.095,1.879,43.84,2.521,1.395,272.6,213.4,1.6,1.8,38.3,33.5,86.3,97.8,3.2,39.9,1.7,130.9,45.2,63.3,50,48,0.7338,0.4776,9.8,20,0,115.6,110.5,134.5,99.8,3.8,3.7,20,0,100,8,49,56,23,59.86,76.34,44.16,44.18,22.14,50.28,246.9,3.539999999999999,3.8499999999999934,Normal,100,97
43100,39,46.39,46.6,39.78,39.8,71.08,70.9,77.34,77,75.84,61.1,46.2,46.56,70.66,16.94,166.3,-112.5,59.1,57.42,3.207,1.524,51.88,4.005,0.8778,270.8,214.7,4.4,4.5,35.4,30.9,81.5,89.4,6.7,38.4,2.8,109.4,28.1,58.5,58,56,11.25,4.53,8.86,20,0,109.2,106.3,130.5,98.3,6.2,6.8,35,0,100,33,48,56,49.16,59.91,67.7,48.09,47.46,52.18,76.96,177.3,6.609999999999999,6.260000000000005,Normal,100,98
43200,39,46.39,46.4,39.74,39.8,71.04,70.9,77.3,77,75.8,61.06,46.2,46.56,70.68,16.94,166.3,-112.6,59.5,57.82,3.209,1.525,51.92,4.029,0.8726,270.9,214.8,4.4,4.5,35.4,30.9,81.5,89.4,6.7,38.4,3.1,109.4,28.1,58.5,58,56,12.61,5.076,8.86,20,0,109.2,106.3,132.5,100.7,6.1,6.6,35,0,100,33,48,56,49.09,59.86,67.57,48.09,47.46,52.75,77,176.7,6.649999999999999,6.259999999999991,Normal,100,98
43200,39,46.39,46.4,39.78,39.8,71.08,70.9,77.34,77.1,75.8,61.06,46.2,46.56,70.59,17.38,166.1,-112.9,59.36,57.67,3.221,1.531,51.98,4.015,0.8757,270.5,215.6,4.2,4.4,35.6,30.9,81.3,88.9,6.9,38.4,3,109.4,27.9,58.5,58,56,12.5,5.036,8.86,20,0,109.2,106.3,131.5,99.6,6.2,6.8,35,0,100,33,48,56,49.07,59.86,67.57,48.09,47.46,54.12,77.3,176.6,6.609999999999999,6.260000000000005,Normal,100,98
43400,39,46.39,46.4,39.78,39.8,71.12,70.9,77.38,77.3,75.92,61.1,46.24,46.6,70.78,16.51,167.5,-113.2,59.52,58.2,3.23,1.904,51.98,4.026,0.8733,271.2,216.2,4.5,4.2,35.6,30.8,81.5,89.4,6.8,38.2,3.1,109.4,27.7,58.6,58,56,12.4,4.984,8.86,20,0,109.2,105.9,131,99.2,6.4,6.6,35,0,100,33,48,56,48.58,59.91,67.82,48.13,47.5,50.05,77.52,177,6.609999999999999,6.259999999999991,Normal,100,98
43400,39,46.39,46.4,39.78,39.8,71.12,71.1,77.38,77.3,75.92,61.1,46.24,46.6,70.65,16.47,167.2,-113,59.19,57.87,3.212,1.893,52.07,3.997,0.8797,270.7,215,4,4,35.6,31.1,81.3,88.9,6.7,38.4,3,109.4,28.1,59,58,56,11.8,4.749,8.86,20,0,109.2,106.1,132.5,100.9,6.2,6.6,35,0,100,33,48,56,48.56,59.86,67.82,48.09,47.5,49.7,77.09,177,6.609999999999999,6.259999999999991,Normal,100,98
43400,39,46.43,46.4,39.74,39.8,71.16,71.1,77.38,77.3,75.92,61.1,46.24,46.6,70.27,16.49,167.4,-113.6,59.7,58.02,3.2,1.521,52.18,4.023,0.874,271.1,214.2,4.5,4,35.3,30.8,81.3,88.9,6.8,38.4,3,109.4,27.9,58.5,58,56,15,6.073,8.86,20,0,109.2,106.1,131.5,99.6,6.4,6.6,35,0,100,33,48,56,48.54,59.91,67.78,48.09,47.5,50.28,76.8,177.1,6.689999999999998,6.219999999999999,Normal,100,98
43400,39,46.39,46.6,39.78,39.6,71.12,71.1,77.42,77.3,75.92,61.1,46.2,46.6,71.41,17.01,167.9,-113.5,59.17,57.49,3.577,1.893,52.06,3.997,0.8797,271.9,215,4.4,4.2,35.4,30.9,81.5,89.4,6.8,38.2,2.9,109.4,27.9,58.5,58,56,9.051,3.605,8.86,20,0,109.2,106.1,130.5,98.4,6.4,6.8,35,0,100,33,48,56,48.51,59.91,67.78,48.13,47.5,51.84,85.86,178.8,6.609999999999999,6.299999999999997,Normal,100,98
43400,39,46.43,46.6,39.78,39.8,71.12,71.1,77.38,77.3,75.92,61.15,46.24,46.6,70.68,16.48,166.8,-112.6,59.85,58.16,3.228,1.534,51.9,4.054,0.8672,270.9,216.1,4.4,4.2,35.4,30.9,81.5,89.4,7.1,38.2,2.6,109.4,27.9,58.3,58,56,13.83,5.567,8.86,20,0,109.2,106.1,131.5,99.6,6.4,6.8,35,0,100,33,48,56,48.49,59.86,67.7,48.09,47.5,50.5,77.47,176.4,6.649999999999999,6.259999999999991,Normal,100,98
43500,39,46.39,46.6,39.78,39.8,71.12,70.9,77.42,77.3,75.92,61.1,46.24,46.6,71.2,16.96,167.4,-113.1,58.94,57.63,3.199,1.885,52.18,3.972,0.8852,271.1,214.1,4.2,4.2,35.4,30.9,81.5,89.4,7.1,38.4,3,109.4,27.6,57.8,58,56,9.082,3.628,8.86,20,0,109,105.9,130.5,99.1,6.4,7,35,0,100,33,48,56,48.47,59.91,67.74,48.13,47.54,51.96,76.77,177.7,6.609999999999999,6.299999999999997,Normal,100,98
43500,39,46.43,46.4,39.82,39.6,71.16,70.9,77.42,77.1,75.92,61.15,46.28,46.64,70.45,16.89,166.2,-112.7,59.37,58.05,3.222,1.899,52.08,4.009,0.8771,270,215.7,4.4,4.4,35.4,30.9,81.5,89.4,6.8,38.4,3.1,109.2,27.9,58.6,58,56,13.14,5.304,8.86,20,0,109,105.9,131,99.1,6.2,6.8,35,0,100,33,48,56,48.38,59.91,67.7,48.17,47.5,52.02,77.32,175.7,6.609999999999999,6.260000000000005,Normal,100,98
43500,39,46.43,46.4,39.78,39.8,71.16,70.9,77.42,77.1,75.92,61.15,46.24,46.6,70.61,16.93,166.6,-112.9,59.92,58.23,3.232,1.536,52.15,4.04,0.8703,270.6,216.3,4.4,4.4,35.3,30.8,81.5,89.4,6.8,38.4,3,109.4,27.9,58.5,58,56,14.59,5.879,8.86,20,0,109,105.9,132.5,100.9,6,6.6,35,0,100,33,48,56,48.36,59.91,67.7,48.17,47.5,52.14,77.57,176,6.649999999999999,6.260000000000005,Normal,100,98
43500,39,46.43,46.6,39.78,39.6,71.16,70.9,77.38,77.1,75.92,61.15,46.24,46.64,70.08,16.45,166.4,-112.8,60.02,58.33,3.607,1.908,52.14,4.048,0.8687,270.3,216.7,4.5,4.4,35.3,30.8,81.5,89.4,6.8,38.2,2.9,109.4,28.1,58.3,58,56,16.79,6.813,8.86,20,0,109.2,105.9,131.5,99.7,6.2,6.8,35,0,100,33,48,56,48.34,59.86,67.7,48.13,47.54,50.4,86.57,175.6,6.649999999999999,6.219999999999999,Normal,100,98
43500,39,46.43,46.4,39.82,39.6,71.16,70.9,77.42,77.3,75.96,61.15,46.28,46.64,70.5,16.44,166.8,-112.7,58.76,57.45,3.188,1.879,52,3.973,0.885,270.2,213.4,4.3,4.4,35.3,30.8,81.5,89.4,6.9,38.4,3,109.6,28.1,58.5,58,56,10.72,4.324,8.86,20,0,109,105.9,131,99.6,6.2,6.8,35,0,100,33,48,56,48.31,59.91,67.7,48.13,47.54,50.64,76.51,177.1,6.609999999999999,6.260000000000005,Normal,100,98
43500,39,46.43,46.6,39.78,39.8,71.16,70.9,77.42,77.1,75.92,61.15,46.24,46.64,70.81,16.98,167.1,-113.3,60.09,58.39,3.611,1.91,52.06,4.059,0.8663,271.4,216.9,4.2,4.4,35.6,31.1,81.5,89.4,6.6,38.2,2.6,109.4,27.7,58.3,58,56,14.36,5.769,8.86,20,0,109,106.1,131.5,100.1,6.2,6.8,35,0,100,33,48,56,48.29,59.91,67.7,48.17,47.54,52.29,86.67,176.5,6.649999999999999,6.260000000000005,Normal,100,98
43700,40,46.43,46.6,39.82,39.6,71.16,71.1,77.42,77.1,75.92,61.15,46.28,46.64,70.75,16.96,166.9,-113.1,58.98,57.66,3.2,1.887,46.21,4.487,0.7836,271.1,214.2,1.8,1.9,38,33.2,78.9,84.9,4.3,38.4,0.4,109.4,30.5,51.4,47,45,4.835,1.944,10.19,20,0,109.2,105.9,131.5,96.8,5.9,6.8,25,0,100,15,48,56,41.99,59.86,67.7,48.13,47.54,51.97,76.8,177.5,6.609999999999999,6.260000000000005,Normal,100,99
43700,40,46.43,46.4,39.87,40.2,71.2,72.7,77.34,76.5,75.92,61.1,46.24,46.64,69.12,15.98,166.8,-113.7,59.07,57.38,3.594,1.901,41.82,4.966,0.708,270.2,215.9,2,3.6,38.2,33.4,80.1,86.9,5.8,38.9,0.7,109.8,29.5,53.5,47,45,6.464,2.66,10.19,20,0,109,106.1,132,97.8,3.5,6,25,0,100,15,48,56,54.98,59.86,67.74,48.05,47.54,48.71,86.25,177.3,6.560000000000002,6.140000000000001,Normal,100,100
45200,40,43.57,43.6,40.36,40.2,71,70.9,74.39,74.3,73.3,52.71,43.54,43.78,38.26,12.3,232,-206,28.69,28.47,2.107,1.89,37.37,2.699,1.303,270.4,214.6,2.4,2.3,37.4,32.7,76.6,81.4,4.3,40.1,2.5,126,49.1,48.5,43,41,3.705,2.754,10.74,20,0,113.3,109.2,131,97,3.4,3.6,25,0,100,15,48,56,40.27,59.99,67.16,44.04,44.06,41.13,50.56,237.2,3.210000000000001,3.390000000000001,Normal,100,101
45200,40,43.57,43.6,40.32,40.2,71,70.8,74.35,74.3,73.3,52.67,43.54,43.82,37.79,11.84,232.4,-206.4,29.04,28.83,2.472,2.255,37.39,2.731,1.287,270.3,214.5,2.8,2.6,37.4,32.7,76.9,81.9,4.3,39.9,2.5,126,48.8,48.5,42,40,6.626,4.987,10.89,20,0,113.3,109.2,130.5,96.3,3.5,3.4,25,0,100,15,48,56,36.26,59.95,67.16,44.08,44.06,39.36,59.33,236.8,3.25,3.3499999999999943,Normal,100,101
45200,40,43.57,43.8,40.36,40.2,71,70.8,74.39,74.3,73.3,52.67,43.54,43.82,38.41,12.35,233.3,-207.2,28.77,28.55,2.48,2.262,37.38,2.706,1.299,271.4,215.2,3,2.6,37.4,32.7,76.9,81.9,4.3,40.1,2.5,126,49.4,48.7,43,41,3.501,2.592,10.74,20,0,113.6,109.4,129.5,95.7,3.4,3.4,25,0,100,15,48,56,36.25,59.95,67.16,44.08,44.1,41.05,59.52,238.2,3.210000000000001,3.390000000000001,Normal,100,101
45300,40,43.57,43.6,40.36,40.2,71.04,70.9,74.39,74.4,73.3,52.67,43.58,43.82,37.93,12.34,233.2,-207.6,28.87,29.02,2.122,2.271,37.42,2.713,1.296,271.3,216,2.8,2,37.6,32.7,76.9,81.9,4.4,40.1,2.7,126,49.1,48.2,43,41,5.587,4.19,10.74,20,0,113.3,109.2,130.5,96.5,3.6,3.4,25,0,100,15,48,56,40.23,59.95,67.16,44.08,44.02,41.04,50.92,237.5,3.210000000000001,3.3499999999999943,Normal,100,101
45300,40,43.57,43.6,40.36,40.2,71.04,70.8,74.39,74.3,73.3,52.67,43.54,43.82,37.8,12.3,232.4,-206.9,28.79,28.57,2.482,2.264,37.41,2.706,1.299,270.4,215.4,2.6,2.6,37.6,32.9,76.9,81.9,4.6,39.9,2.5,126,48.8,48.7,42,40,5.72,4.303,10.89,20,0,113.3,109.2,129.5,95.3,3.5,3.4,25,0,100,15,48,56,36.22,59.95,67.16,44.04,44.06,40.9,59.56,237.1,3.210000000000001,3.3499999999999943,Normal,100,101
45300,40,43.57,43.6,40.36,40.2,71.04,70.9,74.35,74.3,73.26,52.67,43.54,43.82,37.28,12.28,231.6,-206.6,28.85,28.63,2.487,2.269,37.39,2.713,1.296,269.9,215.8,2.8,2.3,37.4,32.7,76.6,81.4,4.3,40.1,2.7,126,49.4,48.5,43,41,7.755,5.917,10.74,20,0,113.6,109.2,130,96,3.5,3.4,25,0,100,15,48,56,40.21,59.95,67.16,44.08,44.06,40.83,59.69,236.5,3.210000000000001,3.309999999999988,Normal,100,101
45300,40,43.57,43.6,40.36,40.2,71,70.8,74.39,74.3,73.3,52.67,43.54,43.82,38.37,12.33,233.1,-207,28.68,28.47,2.473,2.256,37.4,2.696,1.304,271.1,214.6,2.6,2.6,37.6,32.9,76.9,81.9,4.6,40.1,2.3,125.7,48.8,49.2,43,41,3.354,2.486,10.74,20,0,113.6,109.6,129,95.2,3.5,3.4,25,0,100,15,48,56,36.2,59.95,67.21,44.04,44.06,40.78,59.34,238,3.210000000000001,3.390000000000001,Normal,100,101
45300,40,43.57,43.8,40.36,40.4,71,70.9,74.35,74.1,73.3,52.67,43.54,43.82,37.89,11.87,232.9,-206.9,28.96,28.74,2.496,2.277,37.4,2.723,1.291,271,216.6,2.8,2.5,37.4,32.7,76.6,81.4,4,39.9,2.5,126,49.4,48.5,43,41,6.02,4.52,10.74,20,0,113.3,109.4,129.5,95.8,3.2,3.4,25,0,100,15,48,56,40.19,59.95,67.21,44.08,44.06,39.23,59.92,237.5,3.210000000000001,3.3499999999999943,Normal,100,101
45300,40,43.61,43.8,40.36,40.2,71.04,70.9,74.39,74.3,73.26,52.67,43.58,43.82,37.87,12.78,232.4,-207.3,28.99,28.77,2.103,1.886,37.41,2.725,1.29,270.8,214.1,2.8,2.3,37.4,32.7,76.6,81.4,4,40.1,2.7,125.7,49.7,49.2,43,41,6.208,4.663,10.74,20,0,113.6,109.4,130,96,3.4,3.6,25,0,100,15,48,56,40.18,59.95,67.21,44.08,44.06,42.26,50.48,237.3,3.25,3.3499999999999943,Normal,100,101
45300,40,43.57,43.8,40.4,40.4,71,70.9,74.39,74.3,73.3,52.67,43.58,43.82,38.47,12.37,233.7,-207.6,28.32,28.47,2.108,2.256,37.39,2.664,1.32,271.9,214.6,2.6,2.5,37.4,32.9,76.6,81.4,4.3,39.9,2.5,126,49.4,48.7,42,40,1.701,1.258,10.89,20,0,113.3,109.4,130,96,3.5,3.6,25,0,100,15,48,56,40.17,59.95,67.21,44.08,44.06,40.89,50.59,238.7,3.1700000000000017,3.390000000000001,Normal,100,101
45300,40,43.57,43.8,40.36,40.2,71,70.9,74.44,74.4,73.26,52.67,43.58,43.82,38.85,13.27,232.7,-207.2,28.6,28.75,2.102,2.249,37.4,2.689,1.307,271.3,214,2.6,2.5,37.6,32.9,76.9,81.9,4.3,40.1,2.5,125.7,49.1,48.2,43,41,1.353,0.9907,10.74,20,0,113.6,109.4,129.5,95.5,3.6,3.6,25,0,100,15,48,56,40.16,59.95,67.21,44.08,44.06,43.87,50.44,237.8,3.210000000000001,3.4399999999999977,Normal,100,101
45300,40,43.57,43.8,40.36,40.4,71,70.9,74.39,74.3,73.26,52.71,43.54,43.82,38.47,12.83,232.8,-207.1,28.68,28.47,2.473,2.256,37.38,2.698,1.303,271.9,214.6,2.6,2.6,37.6,32.9,76.9,81.9,4,39.9,2.5,126,49.7,48.7,42,40,2.966,2.192,10.89,20,0,113.6,109.4,129,95.2,3.7,3.6,25,0,100,15,48,56,40.15,59.95,67.16,44.08,44.06,42.66,59.34,238.6,3.210000000000001,3.390000000000001,Normal,100,101
45300,40,43.57,43.6,40.36,40.2,71.04,70.9,74.39,74.3,73.26,52.67,43.58,43.82,37.98,12.82,233.1,-207.9,28.73,28.88,2.111,2.259,37.38,2.702,1.301,271.7,214.9,2.8,2.6,37.4,32.7,76.9,81.9,4.6,39.9,2.5,126,49.1,49,43,41,4.851,3.633,10.74,20,0,113.6,109.4,131,97.5,3.4,3.4,25,0,100,15,48,56,40.13,59.91,67.16,44.08,44.06,42.39,50.66,238,3.210000000000001,3.3499999999999943,Normal,100,101
47200,39,50.94,50.9,40.6,40.5,67.68,67.5,77.3,77.1,74.9,67.41,50.05,51.06,107.8,26.92,83.94,-3.038,92.92,84.97,9.115,1.164,68.68,4.757,0.7391,269,215.8,5.4,6.4,35,30.5,83.5,92.8,9.6,38,3,104.5,21,61.7,78,75,16.28,4.295,6.952,20,0,109.2,106.7,131.5,126.2,9.5,10.5,70,0,100,100,57,56,85,59.78,63.85,57.51,54.34,158.9,69,-3.304,10.339999999999996,9.61999999999999,Normal,100,102
47200,39,50.94,51.1,40.6,40.4,67.72,67.5,77.34,77.1,74.94,67.45,50.09,51.06,108.4,27.06,84.37,-3.053,92.9,85.32,8.745,1.164,68.32,4.781,0.7355,270.4,215.8,5.4,6.1,35,30.5,83.2,92.3,9.1,38,2.9,104.3,21.1,62.2,78,75,13.89,3.645,6.952,20,0,109.2,106.7,131.5,100.2,9.5,10.6,70,0,100,100,57,56,85,59.78,63.89,57.51,54.38,158.2,67.07,-3.03,10.339999999999996,9.620000000000005,Normal,100,102
47200,39,50.89,51.1,40.56,40.4,67.68,67.6,77.3,77,74.94,67.45,50.09,51.11,107.8,26.45,83.91,-2.578,92.84,85.63,9.107,1.899,68.73,4.749,0.7404,268.9,215.6,5.4,6.2,35,30.5,83.2,92.3,9.9,38,2.9,104.3,21.1,61.7,78,75,16.19,4.273,6.952,20,0,109.2,106.9,132.5,101.7,9.4,10.7,70,0,100,100,57,56,85,59.74,63.85,57.51,54.38,154.6,69.84,-5.525,10.329999999999998,9.61999999999999,Normal,100,102
47200,39,50.89,50.9,40.6,40.4,67.72,67.5,77.3,77.1,74.9,67.45,50.09,51.06,107.6,26.99,83.69,-3.045,92.74,85.51,8.764,1.535,68.43,4.765,0.7379,269.7,216.3,5.4,5.8,35,30.5,82.9,91.8,9.7,38,2.9,104.3,21,61.8,78,75,16.04,4.238,6.952,20,0,109,106.5,133,101.7,9.6,10.5,70,0,100,100,57,56,85,59.74,63.85,57.51,54.38,157.8,67.21,-5.852,10.29,9.579999999999998,Normal,100,102
47200,39,50.89,51.1,40.6,40.5,67.68,67.6,77.26,77,74.94,67.45,50.05,51.06,107.1,25.94,83.71,-2.572,93.17,85.54,9.176,1.542,68.23,4.801,0.7323,268.3,217.3,5.4,5.9,35,30.5,83.2,91.8,9.4,38,3,104.3,21.3,61.3,78,75,19.34,5.138,6.952,20,0,109,106.7,132,100.4,9.2,10.7,70,0,100,100,57,56,85,59.74,63.85,57.51,54.34,151.6,69.46,-5.85,10.29,9.579999999999998,Normal,100,102
47300,40,50.89,51.1,40.56,40.4,67.68,67.6,77.3,77,74.94,67.45,50.05,51.06,107.4,26.36,83.59,-2.569,93.03,85.43,9.125,1.534,66.57,4.913,0.7156,267.9,216.1,5,6.5,35.4,30.9,82.6,92.8,9,38,2.4,104.3,21.9,61.7,73,71,16.11,4.266,7.328,20,0,108.8,106.5,129,97.1,9.2,10.7,35.06,0,100,50,48,56,70,59.74,63.85,57.51,54.34,154,69.07,-5.903,10.329999999999998,9.61999999999999,Normal,100,103
47300,40,50.89,50.9,40.6,40.5,67.72,67.9,77.3,77,74.94,67.37,50.05,51.06,105,25.88,82.98,-3.869,92.13,84.58,9.073,1.525,59.85,5.412,0.6497,263,214.8,3.6,4.5,36.9,32.2,81.5,89.4,8,38.2,1.1,104.3,22.8,56.9,64,61,14.63,3.963,8.323,20,0,108.8,106.5,128.5,95.6,8.9,10.2,30.11,0,100,50,48,56,70,59.74,63.89,56.81,54.34,149.8,88,-5.073,10.29,9.579999999999998,Normal,100,104
48400,40,47.09,47.2,39.91,39.8,66.21,66.1,73,72.7,71.5,61.51,46.86,47.3,75.78,16.74,111.4,-52.34,64.62,62.56,3.963,1.902,50.31,4.516,0.7785,267.7,216,3.9,4.8,35.8,31.4,76.9,81.9,7.1,38.5,2.5,103.9,27.2,51,56,54,11.06,4.152,9.084,20,0,108,105.7,130,98.2,6.6,7.3,41.2,0,100,50,48,56,57,59.74,63.89,48.79,48.11,96.89,95.12,117.3,7.180000000000007,6.790000000000006,Normal,100,105
48400,40,47.09,47.2,39.95,39.8,66.21,66.1,72.96,72.7,71.5,61.51,46.9,47.3,75.71,16.37,111.9,-52.61,63.97,62.28,3.579,1.894,50.28,4.473,0.7861,269,215,4.3,4.6,35.6,31.1,76.9,82.4,7.2,38.5,2.9,104.1,27.2,51.3,56,54,8.994,3.379,9.084,20,0,108,105.7,130,98.2,6.6,7.3,41.26,0,100,50,48,56,57,59.74,63.89,48.83,48.2,94.74,85.91,119.4,7.140000000000001,6.75,Normal,100,105
48400,40,47.09,47.2,39.99,39.9,66.21,66.1,72.96,72.7,71.5,61.51,46.86,47.3,75.8,16.39,112.1,-52.67,63.31,61.26,3.928,1.885,50.21,4.433,0.7931,269.3,214,3.9,4.6,36,31.4,77.3,82.4,7.6,38.5,2.5,103.9,26.8,51.3,56,54,6.292,2.361,9.084,20,0,107.7,105.7,130,97.8,6.6,7.3,41.31,0,100,50,48,56,57,59.78,63.93,48.79,48.16,94.84,94.26,122.1,7.100000000000001,6.75,Normal,100,105
49000,40,47.33,47.3,40.19,40.1,66.25,66.1,73.04,72.7,71.46,61.55,47.1,47.5,76.27,17.77,111.2,-52.68,64.45,62.38,3.606,1.539,50.58,4.48,0.7848,269.4,216.7,4.6,4.6,35.6,31.1,77.3,82.4,7.8,38.4,2.8,104.1,26.8,51.3,56,54,9.015,3.362,9.084,20,0,107.7,105.3,131,97.1,6.6,7.3,44.61,0,100,50,48,56,57,59.78,63.81,49.24,48.48,106,86.54,118.2,7.140000000000001,6.790000000000006,Normal,100,105
49000,40,47.33,47.3,40.19,40.1,66.21,66.2,73,72.7,71.5,61.55,47.14,47.5,76.12,16.82,111.4,-52.12,64.21,62.52,3.225,1.533,50.58,4.463,0.7878,268.9,215.8,4.7,4.9,35.4,30.9,77.6,82.9,7.2,38.5,2.9,104.1,26.8,51.5,56,54,8.69,3.247,9.084,20,0,107.7,105.3,129.5,97.6,6.6,7.2,44.66,0,100,50,48,56,63,59.78,63.81,49.24,48.44,100.3,77.39,118,7.140000000000001,6.790000000000006,Normal,100,105
49000,40,47.29,47.3,40.19,40.1,66.25,66.1,73,72.7,71.5,61.6,47.1,47.5,75.91,16.87,111.3,-52.29,63.58,61.9,3.578,1.893,50.51,4.426,0.7944,269.8,215,4.5,4.6,35.4,31.1,77.9,83.4,7.5,38.5,2.9,104.3,26.4,51.5,56,54,7.157,2.681,9.084,20,0,108,105.3,130,98.1,6.8,7.2,44.72,0,100,50,48,56,57,59.78,63.85,49.24,48.48,99.62,85.87,119.8,7.100000000000001,6.75,Normal,100,105
49100,40,47.33,47.3,40.19,40.1,66.25,66.1,73.04,72.3,71.5,61.6,47.1,47.5,76.16,17.29,111,-52.14,64.26,62.2,3.595,1.534,42.97,5.258,0.6687,269,216,2.8,2.7,37.4,32.7,75,78.9,5.6,38.5,1.3,104.1,29.3,46.7,49,47,1.124,0.4197,9.926,20,0,107.7,105.5,129,95.3,6.1,7,25,0,100,22,47,56,57,59.78,63.77,49.28,48.48,104.2,86.29,118.3,7.140000000000001,6.790000000000006,Normal,100,106
49900,40,43.57,43.6,39.78,39.8,66.17,66.1,69.97,69.8,68.84,53.16,43.5,43.78,42.63,12.69,175.6,-145.7,33.96,33.38,2.484,1.898,37.18,3.212,1.095,268.8,215.5,3.3,3,36.5,31.9,72.8,75.5,4.9,39.2,2.9,116.7,43.9,43.8,42,40,6.727,4.489,10.89,20,0,109.4,106.3,127,94.1,3.9,3.8,25,0,100,22,47,56,57,59.78,63.03,44.04,44.02,93.79,59.63,217.7,3.789999999999999,3.799999999999997,Normal,100,107
49900,40,43.52,43.4,39.78,39.8,66.21,65.9,70.01,69.8,68.88,53.16,43.54,43.78,42.7,12.71,176.3,-146.4,33.58,33.73,2.115,2.265,37.24,3.17,1.109,269.3,215.4,3.4,3.1,36.2,31.6,72.2,75.5,4.1,39.2,2.7,116.7,44.5,43.6,42,40,5.178,3.449,10.89,20,0,109.4,106.1,128,95,3.8,3.8,25,0,100,22,47,56,57,59.78,63.03,44.04,44.02,93.95,50.76,217.8,3.740000000000002,3.8000000000000114,Normal,100,107
49900,40,43.52,43.6,39.78,39.8,66.17,66.1,69.97,69.8,68.88,53.2,43.5,43.78,42.85,12.29,176.5,-146,33.61,33.39,2.486,2.267,37.26,3.172,1.109,270.2,215.6,3.3,2.4,36.5,31.9,72.2,74.5,4.9,39.1,2.6,116.9,44.5,42.6,42,40,4.77,3.166,10.89,20,0,109.4,106.1,128,94.6,3.9,3.8,25,0,100,22,47,56,57,59.74,63.03,44.04,44.02,89.75,59.65,219.1,3.740000000000002,3.799999999999997,Normal,100,107
50400,40,43.65,43.8,39.99,39.9,66.13,65.9,69.85,69.7,68.76,53.2,43.62,43.86,41.72,12.23,174.3,-144.8,32.78,32.56,2.112,1.894,36.83,3.129,1.124,268.9,215,3,2.5,36.9,32.2,72.2,74.5,4.3,39.4,2.5,116.9,44.7,42.3,42,40,5.414,3.691,10.89,20,0,110.5,107.1,128,94.8,3.8,3.9,25,0,100,22,47,56,57,59.82,63.07,44.12,44.14,90.42,50.68,218.6,3.6599999999999966,3.719999999999999,Normal,100,107
50400,40,43.65,43.6,39.99,39.9,66.08,65.9,69.81,69.7,68.76,53.24,43.66,43.86,41.89,11.82,174.5,-144.4,32.66,32.81,1.738,1.887,36.84,3.117,1.128,270,214.3,3.2,2.8,37.1,32.4,72.5,75,4.3,39.6,2.9,117.1,44.6,42.1,42,40,4.403,2.99,10.89,20,0,110.5,107.1,127,93.6,3.8,3.7,25,0,100,22,47,56,57,59.82,63.11,44.16,44.14,86.3,41.72,219.2,3.6599999999999966,3.730000000000004,Normal,100,107
50400,40,43.65,43.8,39.95,39.9,66.13,66.1,69.81,69.5,68.8,53.2,43.66,43.9,41.29,11.32,174.9,-144.9,33.09,33.24,2.108,2.257,36.82,3.16,1.113,269.1,214.7,3,2.7,37.1,32.4,72.2,74.5,4.9,39.4,2.3,116.9,44.7,43.3,42,40,7.985,5.499,10.89,20,0,110.7,107.1,128,94,3.6,3.9,25,0,100,22,47,56,57,59.78,63.11,44.12,44.14,81.65,50.59,217.9,3.699999999999996,3.680000000000007,Normal,100,107
50400,40,43.65,43.8,39.99,39.9,66.13,66.1,69.85,69.7,68.76,53.2,43.62,43.86,41.71,12.23,174.2,-144.7,32.83,32.61,2.115,1.897,36.85,3.133,1.122,268.8,215.4,3,2.5,36.9,32.2,72.2,74.5,4.9,39.4,2.3,117.1,44.3,42.1,42,40,5.626,3.836,10.89,20,0,110.7,107.1,127,93.5,3.8,3.9,25,0,100,22,47,56,57,59.82,63.11,44.12,44.14,89.28,50.75,218.5,3.6599999999999966,3.719999999999999,Normal,100,107
50400,40,43.65,43.8,39.99,39.9,66.13,65.9,69.85,69.7,68.76,53.2,43.62,43.86,41.71,12.23,174.2,-144.7,32.97,32.75,2.124,1.905,36.82,3.148,1.117,268.8,216.3,3,3.1,37.1,32.2,72.8,75.5,4.4,39.4,2.5,117.1,44.3,43.3,42,40,6.1,4.16,10.89,20,0,110.7,107.3,127.5,94.1,3.8,3.9,25,0,100,22,47,56,57,59.86,63.11,44.16,44.14,90.4,50.97,218.3,3.6599999999999966,3.719999999999999,Normal,100,107
50400,40,43.65,43.8,39.99,39.9,66.13,66.1,69.85,69.5,68.72,53.24,43.62,43.86,41.64,12.67,173,-144,32.77,32.55,2.111,1.893,36.84,3.128,1.124,268.4,215,3,2.7,36.9,32.2,72.2,74.5,4.3,39.4,2.3,117.1,44.9,42.3,42,40,5.653,3.861,10.89,20,0,110.5,107.1,127,93.6,3.4,3.7,25,0,100,22,47,56,57,59.86,63.07,44.16,44.1,94.83,50.66,217.9,3.6599999999999966,3.719999999999999,Normal,100,107
50400,40,43.65,43.8,39.99,39.9,66.13,65.9,69.85,69.7,68.76,53.2,43.66,43.86,41.6,12.2,173.8,-144.4,32.87,33.02,1.749,1.899,36.86,3.135,1.121,268.1,215.6,2.8,2.5,37.1,32.4,72.2,74.5,4.3,39.6,2.5,117.1,44.9,42.3,42,40,6.138,4.196,10.89,20,0,110.7,107.3,127.5,94.6,3.8,3.9,25,0,100,22,47,56,57,59.82,63.11,44.12,44.14,89.05,41.98,217.2,3.6599999999999966,3.719999999999999,Normal,100,107
50500,40,43.65,43.6,39.99,40.1,66.13,65.9,69.85,69.7,68.76,53.24,43.66,43.86,41.8,12.26,174.1,-144.6,32.97,33.12,1.755,1.905,36.84,3.146,1.118,269.4,216.3,3,3.1,36.9,32.2,72.8,75.5,5,39.4,2.7,116.9,44.3,43.3,42,40,5.791,3.94,10.89,20,0,110.7,107.1,128,94.8,3.8,3.7,25,0,100,22,47,56,57,59.86,63.07,44.16,44.14,91.76,42.11,218.2,3.6599999999999966,3.719999999999999,Normal,100,107
50500,40,43.65,43.6,39.99,39.9,66.13,65.9,69.85,69.7,68.76,53.24,43.62,43.86,41.92,12.29,174.6,-145,32.69,32.47,2.106,1.889,36.9,3.115,1.129,270.2,214.4,3,2.5,36.9,32.2,72.2,74.5,4.3,39.4,2.3,117.1,45.2,43.1,42,40,4.436,3.009,10.89,20,0,110.7,107.3,127.5,94.3,3.6,3.7,25,0,100,22,47,56,57,59.82,63.07,44.16,44.18,90.86,50.54,219.9,3.6599999999999966,3.719999999999999,Normal,100,107
50500,40,43.61,43.8,39.95,39.9,66.13,65.9,69.85,69.7,68.76,53.24,43.62,43.86,42.07,12.33,175.2,-145.5,33.06,33.21,2.129,2.279,36.86,3.153,1.115,271.1,216.8,3,2.5,36.9,32.2,72.2,74.5,4.4,39.6,2.5,117.1,44.9,43.1,42,40,5.188,3.508,10.89,20,0,110.5,107.3,128.5,94.8,3.8,3.9,25,0,100,22,47,56,57,59.82,63.07,44.12,44.14,91.17,51.1,219.7,3.6599999999999966,3.719999999999999,Normal,100,107
50500,40,43.65,43.8,39.95,39.9,66.13,65.9,69.85,69.5,68.76,53.24,43.66,43.86,41.75,12.24,173.9,-144.4,33.41,33.56,1.758,1.909,36.88,3.185,1.104,269.1,216.7,2.8,2.5,36.7,32.4,72.8,75.5,4.9,39.4,2.3,117.1,44.3,42.3,42,40,7.553,5.145,10.89,20,0,110.7,107.3,128,94.6,3.4,3.9,25,0,100,22,47,56,57,59.82,63.07,44.16,44.14,90.49,42.2,217.2,3.699999999999996,3.719999999999999,Normal,100,107
50500,40,43.65,43.8,39.99,39.9,66.13,66.1,69.89,69.7,68.72,53.2,43.62,43.86,42.28,13.18,174.2,-145.1,32.77,32.56,2.111,1.894,36.88,3.125,1.125,269.5,215,3,3.1,37.1,32.4,72.8,75.5,5,39.4,2.3,116.9,44.1,42.3,42,40,3.467,2.333,10.89,20,0,110.7,107.3,128,94.5,3.9,3.9,25,0,100,22,47,56,57,59.82,63.07,44.16,44.18,97.43,50.67,219.1,3.6599999999999966,3.760000000000005,Normal,100,107
50500,40,43.65,43.8,40.03,39.9,66.17,65.9,69.85,69.7,68.72,53.2,43.66,43.86,41.44,12.74,174.5,-145.9,32.38,32.52,1.742,1.892,36.87,3.088,1.139,270,214.8,2.8,2.5,37.1,32.4,72.2,74.5,4.3,39.4,2.3,116.9,44.9,43.3,42,40,5.007,3.437,10.89,20,0,110.7,107.3,126.6,93.2,3.6,3.9,25,0,100,22,47,56,57,59.82,63.07,44.12,44.14,94.22,41.82,219.7,3.619999999999997,3.6799999999999926,Normal,100,107
50500,40,43.65,43.8,39.99,40.1,66.13,66.1,69.85,69.5,68.76,53.2,43.62,43.86,41.85,12.27,174.8,-145.2,32.77,32.56,2.111,1.894,36.87,3.126,1.125,269.7,215,2.8,2.5,37.1,32.4,72.2,74.5,4.3,39.4,2.3,116.9,44.9,42.3,42,40,4.951,3.364,10.89,20,0,110.7,107.3,127.5,94,3.6,3.9,25,0,100,22,47,56,57,59.82,63.11,44.16,44.14,89.58,50.67,219.5,3.6599999999999966,3.719999999999999,Normal,100,107
50500,40,43.65,43.8,39.99,39.9,66.13,65.9,69.85,69.7,68.72,53.2,43.66,43.9,41.78,12.71,174,-145,32.87,33.02,2.117,2.267,36.88,3.134,1.122,269.2,215.6,2.8,2.5,37.1,32.4,72.2,74.5,4.3,39.6,2.7,117.4,44.7,42.3,42,40,5.561,3.786,10.89,20,0,110.9,107.3,127.5,94.1,3.8,3.9,25,0,100,22,47,56,57,59.86,63.07,44.12,44.14,95.15,50.81,218.2,3.6599999999999966,3.719999999999999,Normal,100,107
50500,40,43.65,43.8,39.99,39.9,66.13,65.9,69.85,69.7,68.76,53.2,43.62,43.86,41.69,12.22,174.1,-144.7,32.87,32.65,2.117,1.899,36.88,3.134,1.122,268.6,215.6,3.2,2.5,36.7,32.1,72.2,74.5,4.4,39.4,2.5,116.9,44.7,43.1,42,40,5.869,4.004,10.89,20,0,110.9,107.1,126.6,93.4,3.8,3.9,25,0,100,22,47,56,57,59.86,63.07,44.12,44.14,91.5,50.81,218.3,3.6599999999999966,3.719999999999999,Normal,100,107
50500,40,43.65,43.6,39.99,39.9,66.13,66.1,69.85,69.7,68.72,53.2,43.62,43.86,41.85,12.73,174.3,-145.2,32.83,32.61,2.115,1.897,36.88,3.13,1.123,269.7,215.4,2.8,3.1,37.1,32.4,72.8,75.5,4.9,39.4,2.5,117.1,44.3,43.1,42,40,5.183,3.523,10.89,20,0,110.7,107.5,128,95.1,3.6,3.7,25,0,100,22,47,56,57,59.86,63.07,44.12,44.14,95.3,50.75,219.2,3.6599999999999966,3.719999999999999,Normal,100,107
50600,40,43.65,43.8,39.99,39.9,66.13,65.9,69.85,69.5,68.76,53.2,43.66,43.86,41.87,12.28,174.9,-145.3,32.7,32.85,1.74,1.889,36.87,3.118,1.128,269.8,214.5,2.8,2.7,37.1,32.4,72.2,74.5,4.3,39.6,2.5,117.1,44.9,42.1,42,40,4.62,3.138,10.89,20,0,110.7,107.5,128,94.6,3.6,3.9,25,0,100,22,47,56,57,59.86,63.07,44.12,44.14,91.91,41.76,219.2,3.6599999999999966,3.719999999999999,Normal,100,107
50600,40,43.65,43.8,39.99,39.9,66.13,65.9,69.85,69.7,68.76,53.2,43.62,43.86,41.58,12.19,173.7,-144.3,32.77,32.56,2.111,1.894,36.87,3.125,1.125,268,215,2.9,2.5,36.9,32.2,72.2,74.5,5,39.4,2.5,116.9,44.3,42.1,42,40,5.899,4.035,10.89,20,0,110.9,107.5,128.5,95.3,3.8,4,25,0,100,22,47,56,57,59.86,63.07,44.12,44.14,91.28,50.67,217.7,3.6599999999999966,3.719999999999999,Normal,100,107
50600,40,43.65,43.8,39.99,39.9,66.13,66.1,69.85,69.7,68.76,53.2,43.66,43.86,41.84,12.27,174.8,-145.2,32.77,32.92,1.744,1.893,36.88,3.125,1.125,269.6,215,3.2,2.5,36.9,32.2,72.2,74.5,4.3,39.4,2.5,117.1,44.9,42.3,42,40,4.99,3.392,10.89,20,0,110.7,107.3,127.5,94.1,3.8,3.7,25,0,100,22,47,56,57,59.86,63.07,44.16,44.14,91.84,41.86,218.8,3.6599999999999966,3.719999999999999,Normal,100,107
50600,40,43.69,43.8,39.99,39.9,66.13,65.9,69.89,69.7,68.76,53.2,43.66,43.86,42.38,12.75,175.1,-145.5,33.04,32.82,1.739,1.522,36.83,3.154,1.115,270.2,214.3,2.8,3.1,37.1,32.4,72.8,75.5,4.9,39.4,2.3,117.4,44.3,43.3,42,40,3.974,2.667,10.89,20,0,110.7,107.5,128,94.6,3.8,3.9,25,0,100,22,47,56,57,59.82,63.07,44.12,44.14,94.27,41.73,219.5,3.699999999999996,3.760000000000005,Normal,100,107
50600,40,43.65,43.8,39.99,39.9,66.13,65.9,69.85,69.5,68.76,53.2,43.66,43.86,41.89,12.28,175,-145.4,32.85,33,1.748,1.898,36.82,3.137,1.121,270,215.5,3,2.7,37.1,32.4,72.2,74.5,5,39.4,2.3,116.9,44.3,42.1,42,40,5.016,3.405,10.89,20,0,110.7,107.5,128.5,95.1,3.4,3.7,25,0,100,22,47,56,57,59.82,63.07,44.16,44.14,90.8,41.96,219.1,3.6599999999999966,3.719999999999999,Normal,100,107
50600,40,43.65,43.8,39.99,39.9,66.13,65.9,69.85,69.7,68.76,53.24,43.66,43.9,41.95,12.3,174.8,-145.1,32.92,33.07,2.121,2.271,36.87,3.14,1.12,270.4,216,2.8,2.5,37.1,32.4,72.2,74.5,4.3,39.4,2.3,117.1,44.9,42.1,42,40,5.125,3.475,10.89,20,0,110.7,107.5,127,93.5,3.8,3.9,25,0,100,22,47,56,57,59.86,63.07,44.12,44.18,92.08,50.9,219.2,3.6599999999999966,3.719999999999999,Normal,100,107
50600,40,43.65,43.8,39.99,40.1,66.13,65.9,69.85,69.7,68.8,53.24,43.66,43.86,41.73,11.78,174.3,-144.3,32.51,32.66,1.73,1.878,36.84,3.102,1.133,268.9,213.2,2.7,3.1,36.9,32.2,72.8,75.5,4.4,39.4,2.2,117.1,44.6,43.1,42,40,4.419,3.012,10.89,20,0,110.9,107.5,126.6,93.2,3.8,3.9,25,0,100,22,47,56,57,59.86,63.07,44.16,44.14,88.17,41.52,218.5,3.6599999999999966,3.719999999999999,Normal,100,107
50600,40,43.65,43.8,39.99,39.9,66.13,65.9,69.85,69.7,68.8,53.24,43.66,43.86,41.7,11.77,174.2,-144.2,32.7,32.85,1.74,1.889,36.87,3.119,1.127,268.7,214.5,2.7,2.5,37.2,32.5,72.2,74.5,4.4,39.4,2.5,116.9,44.7,43.1,42,40,5.232,3.569,10.89,20,0,110.9,107.5,153.1,95.3,3.6,3.9,25,0,100,22,47,56,57,59.86,63.11,44.16,44.14,86.99,41.77,218,3.6599999999999966,3.719999999999999,Normal,100,107
,49,61.29,61.1,52.52,52.2,81.64,82.5,89.3,90.7,87.92,75.8,60.9,61.38,85.27,15.36,135,-65.05,79.4,75.84,4.354,0.8009,69.4,4.025,0.874,267.3,217.1,7.4,3.6,44.8,40,94.3,112.7,8.2,50,5.2,119.7,25.4,72.6,81,78,,16.25,6.677,20,0,109.8,99.6,165.7,125.1,8.4,8.9,60,30,100,47.29,49.31,56,20,58.19,79.24,63.94,62.69,17.5,83.86,117.1,8.77,7.66,,88,1
,49,61.13,61.6,52.07,52.2,83.81,84.3,91.92,92.8,90.42,76.87,60.66,61.42,89.71,16.62,150,-76.87,81.24,76.98,6.883,2.628,72.3,3.951,0.89,265.6,215.1,8.6,3.9,43.6,38.8,96.7,117.6,8.3,49.3,5.8,122,25.5,78.9,85,81,,13.48,6.406,20,0,110.3,101.5,166.7,127.1,8.6,9.4,35,0,100,46,49,56,22,58.19,81.33,65.08,63.67,17.23,117.2,129.3,9.06,8.11,,88,1
,49,61.42,61.4,52.19,52.2,84.84,84.9,93.15,93.5,91.4,77.56,61.15,61.55,91.95,19.33,153.1,-80.47,82.7,80.28,3.58,1.161,73.1,3.98,0.884,265.5,215.1,9.6,4,42.6,37.7,97.5,119.1,8.3,49,6.4,124,26.2,80.9,86,82,,12.55,6.317,20,0,111.1,103.3,165.2,127,8.7,9.2,35,0,100,46,49,56,27,58.15,80.96,62.87,62.36,20.33,85.93,126.3,9.23,8.31,,88,1
,49,61.25,61.4,52.03,51.9,85.08,84.9,93.68,93.9,91.77,77.69,61.11,61.38,94.68,21.05,155.1,-81.46,82.44,81.13,2.472,1.157,76.2,3.805,0.924,264.3,214.4,8.9,4.1,42.8,37.9,98,120.1,8.6,48.5,5.7,124.7,26.7,82.7,90,86,,9.959,5.964,20,0,111.8,104.7,164.2,125.5,9,9.3,50,0,100,46,49,56,27,58.1,80.72,62.63,62.04,22.34,59.33,126.1,9.22,8.6,,88,1
,49,61.01,60.9,51.62,51.4,85.12,84.9,93.93,94.1,91.85,77.61,60.82,61.14,97.11,22.89,157.2,-82.96,84.54,82.84,2.858,1.166,77.6,3.829,0.918,264.8,216,8.8,4.1,42.6,37.7,98.2,120.6,8.7,48,5.6,124.7,26.8,83.6,92,88,,9.783,5.791,20,0,112.4,105.9,165.7,127.5,9.2,9.5,50,0,100,46,49,56,27,58.06,80.35,62.5,61.83,24.65,68.6,125.2,9.39,8.81,,88,1
,49,58.06,57.9,51.29,50.8,86.39,86,93.15,92.8,90.7,71.01,57.83,58.15,74.51,26.95,217.2,-169.7,60.63,58.58,2.843,0.7922,63.88,3.337,1.054,264.8,214.9,8.1,4.7,42.8,37.9,97.5,119.1,8.1,48.3,5.4,130.1,32.6,81.2,74,71,,5.748,7.328,20,0,115.7,110.7,164.7,125.7,6.8,7,31.17,0,100,25,49,56,29,57.94,76.46,59.23,58.8,34.93,68.24,193.4,6.77,6.76,,88,2
,49,56.75,56.3,50.02,49.5,85.98,85.8,92.61,92.5,90.38,69.91,56.52,56.8,73.11,24.68,225.7,-177.2,60.13,58.09,2.472,0.4251,62.26,3.396,1.035,264.6,214.5,7.3,4.2,42.3,37.4,96.7,117.6,7.8,47.3,5,129.3,32.6,80.2,72,69,,6.478,7.52,20,0,116.2,110.5,165.2,126.7,6.5,6.7,37.18,0,100,25,49,56,25,57.9,78.26,57.84,57.49,29.09,59.32,196.5,6.73,6.63,,88,2
,49,55.73,55.6,49.04,48.8,85.98,85.8,92.57,92.5,90.5,69.42,55.5,55.81,73.03,22.99,233.6,-183.6,59.77,57.72,2.838,0.7911,62.5,3.363,1.046,266,214.5,6.7,4.2,42.1,37.2,96.7,117.6,8.1,46.8,4.5,128.2,31.5,80.1,72,69,,6.177,7.52,20,0,116.2,110.9,163.3,124.9,6.7,6.8,43.18,0,100,25,49,56,25,57.94,79.28,57.14,56.59,25.85,68.11,200.3,6.69,6.59,,88,2
,50,56.05,55.8,52.44,52,86.15,86.1,89.75,89.8,88.12,63.89,55.91,56.02,40.26,18.16,270.9,-248.8,32.59,31.26,1.017,-0.3087,44.92,2.551,1.378,268.3,216.2,7.7,2.4,44.3,39.5,92.2,108.7,5.7,50.9,6.6,144,51.4,68.7,52,50,,12.69,9.553,20,0,118.3,112,163.8,123.5,3.7,3.8,25,0,100,5,49,56,24,58.1,80.64,56.32,56.3,19.34,24.4,237.3,3.61,3.6,,88,3
,50,54.74,54.4,51.17,50.9,86.11,86,89.79,89.4,88.08,62.33,54.56,54.75,41,18.99,286.7,-264.7,31.97,30.29,1.74,0.05864,44.62,2.519,1.396,267.2,214.5,7.2,2.6,43.6,38.8,92,108.2,5.1,50,6.4,144.7,52.6,69.9,51,49,,8.914,9.675,20,0,119.2,112.4,162.8,123.2,3.6,3.6,35,0,100,5,49,56,24,58.15,78.47,54.93,54.99,22.43,41.75,239,3.57,3.68,,88,3
,50,53.76,53.4,50.18,50.1,86.02,86,89.63,89.6,88,61.51,53.61,53.85,40.08,18.07,294.8,-272.8,31.81,30.5,2.096,0.7873,44.52,2.512,1.4,267.1,213.4,6.4,2.1,43.6,38.8,91.5,107.2,4.7,49.3,5.7,144.7,52.8,69.2,52,50,,10.97,9.553,20,0,119.7,112.9,161.3,121.3,3.6,3.4,40,0,100,5,49,56,24,58.1,79.24,54.85,54.42,20.52,50.3,239.4,3.58,3.61,,88,3
,49,58.51,60.3,51.17,51.7,75.38,73.1,82.83,80.8,80.96,72.81,58.57,59.09,81.78,20.52,89.4,-28.15,65.57,66.09,4.663,5.177,58.73,3.925,0.8957,263.4,214.3,9.4,5.8,42.3,37.4,86.6,98.3,7,48.3,6.5,122,35.1,61.7,69,66,,0.608,7.814,20,0,121.2,115.3,157.8,119.6,7.8,8.6,60.81,20.54,100,100,57,56,38.11,58.02,68.31,62.91,60.32,47.88,43.09,68.7,7.34,7.45,,88,4
,49,60.27,60.3,51,50.6,74.03,74.3,82.95,83.5,80.59,73.84,59.63,60.36,98.24,25.99,74.33,-2.083,82.85,77.15,6.5,0.7914,67.3,4.328,0.8123,264.2,214.5,8.8,6.4,41.6,36.7,89.9,104.2,10.4,47.3,5.7,115.7,25.8,67.5,78,75,,3.826,6.952,20,0,120.2,114.7,163.3,125.6,9.2,10.1,67.01,21.34,100,100,57,56,38.27,58.02,69.95,64.84,62.45,52.3,65.2,-10.02,9.27,8.92,,88,4
,49,60.19,60.5,50.51,50.4,74.89,74.9,84.18,84.2,81.98,74.86,59.55,60.4,101.9,24.1,78.1,-0.2795,87.18,81.43,7.655,1.903,68.7,4.462,0.788,263.2,216.2,8.9,6.5,41.5,36.6,90.7,105.7,10.2,46.8,5.3,114.7,24,68.5,79,76,,4.702,6.86,20,0,119.2,114,160.8,123.7,9.3,10.1,68.22,22.15,100,100,57,56,43.43,58.02,70.48,65.21,62.65,46.43,71.86,-11.21,9.68,9.29,,88,4
,49,59.74,59.1,51.49,51.1,75.99,75.9,83.89,83.7,81.08,71.18,58.81,59.66,86.44,30.76,108.4,-52.69,74.58,66.21,7.687,-0.681,59.62,4.398,0.7995,262.6,217.1,9.3,5.2,41.8,36.9,88.9,102.3,8.9,48,6.2,116.7,27.8,65.2,70,67,,5.891,7.715,20,0,113.8,109.4,159.3,121.3,7.8,8,75,0,100,43.1,47.31,56,54,57.82,66.92,65.74,62.69,81.12,60.54,102.2,8.25,7.9,,88,5
,50,57.4,56.9,50.1,49.8,76.85,76.8,83.89,83.5,81.2,68.15,56.44,57.41,78.09,29.82,144.8,-96.56,65.94,57.22,8.782,0.05979,55.32,4.191,0.839,266.2,216.7,8.6,4.5,41.5,36.6,88,100.8,7.5,47.3,6,117.6,29.6,64.5,65,62,,4.584,8.219,20,0,113.8,109.4,160.8,123.7,6.5,7.1,80,0,100,32,47,56,55,57.78,66.92,63.73,60.69,78.29,69.16,161,7.3,7.04,,88,5
,50,56.67,57.2,50.68,50.8,75.95,75.7,81.89,81.5,79.81,67.21,55.95,57,65.77,22.99,139.7,-96.93,53.81,47.34,9.47,3.001,51.61,3.666,0.9591,266,215.5,8,4.2,42.8,37.9,86,96.8,6.8,48.2,5.5,120.4,34.2,58.9,59,57,,4.138,8.75,20,0,113.3,109.2,159.8,121,5.8,6.4,75,0,100,32,47,56,38,57.74,68.23,63.12,60.11,52.58,75.59,175.8,5.99,5.94,,88,5
,50,55.23,55,51.9,51.7,77.06,76.8,80.5,80.2,78.71,61.19,54.84,55.28,38.27,19.9,195,-176.7,29.86,26.34,3.948,0.4265,38.35,2.738,1.284,267.2,215.1,8.4,2.4,43.3,38.5,81.8,91.3,3.2,50.3,7.1,132.9,50.5,52.8,45,43,,6.545,10.46,20,0,114.2,109.6,158.8,118.8,3.4,3.3,35,0,100,10,47,56,41.77,57.78,68.52,56.89,56.39,44.48,94.75,231.1,3.33,3.44,,88,6
,50,53.88,53.4,50.55,50.1,76.61,76.5,80,79.7,78.22,59.67,53.53,53.85,37.62,19.8,205.4,-187.6,29.64,26.51,2.826,-0.3055,38.14,2.733,1.287,265.8,213.6,7,2.1,43.1,38.2,81.8,89.9,3.4,49.5,6.6,136.5,55.3,51.2,44,42,,7.627,10.6,20,0,114.9,109.8,158.8,119.6,3.3,3.3,45,0,100,10,47,56,41.56,57.82,68.23,55.38,54.71,45.65,67.83,231.5,3.33,3.39,,88,6
,50,52.86,53.2,50.22,50.6,75.87,75.2,78.69,77.8,77.52,58.89,52.71,53.15,31.47,13.08,207.6,-189.2,23.59,22.27,3.941,2.625,34.71,2.389,1.472,267.5,214.8,7.2,2,43.2,38.3,79.8,86.4,1.9,49.6,6.5,139.4,60.2,47.4,40,39,,6.313,11.04,20,0,115.3,110.1,158.3,119.1,2.4,2.8,40,0,100,10,47,56,21.36,57.82,68.76,54.6,53.97,28.69,94.59,238.8,2.64,2.82,,88,6
,49,55.77,56.5,50.43,50,72.8,72.5,78.08,78.7,76.25,64.91,55.13,56.1,59.1,20.47,126.9,-88.28,47.77,42.06,8.705,2.99,49.49,3.394,1.036,268.6,214.8,6.9,3.9,43.1,38.2,82.6,91.3,6.6,48.5,5.4,132,49.1,52.2,55,53,,4.646,9.199,20,0,121.2,114.9,161.3,122.3,6,6.5,80,50,100,44.31,48,56,38,58.02,67.66,63.49,59.5,51,52.37,179.6,5.34,5.28,,88,7
,49,57.61,58.6,50.92,50.8,72.39,72.2,78.82,79.4,77.15,68.64,56.85,58.03,69.66,18.05,92.27,-40.66,59.93,53.11,10.55,3.727,54.29,3.881,0.9059,260.1,215,9.1,5.5,41.8,36.9,84.9,95.3,8.6,48.5,6.7,119.7,34.8,58.1,64,61,,8.199,8.323,20,0,120.7,114.9,159.3,121.4,7.4,7.7,80,50,100,60.86,48,56,38,57.94,68.11,65.29,61.5,42.61,66.89,110.4,6.69,6.43,,88,7
,49,59.17,59.7,50.84,50.8,71.65,70.8,79.68,79.2,77.31,71.1,58.2,59.5,88.15,25.94,68.33,-6.127,75.13,66.41,11.73,3.015,59.73,4.422,0.795,263.7,216.5,9.6,6,41.5,36.3,85.2,95.8,8.5,47.7,6.5,114.5,29.5,59.5,70,67,,4.499,7.715,20,0,119.5,114.9,161.3,124.1,8.4,8.9,80,100,100,100,56,56,73,57.98,64.13,69.1,63.76,101.2,52.72,7.418,8.33,8.03,,88,7
,50,59.41,58.9,53.13,52.4,67.07,67,73.21,73.3,70.76,66.92,58.85,59.38,67.96,27.04,42.56,-1.641,56.29,51.3,4.682,-0.3077,46.15,4.289,0.8199,265.6,215.1,10.7,4.8,41.5,36.6,77.9,83.4,7.3,49.3,7.7,116.4,38.3,46.7,53,51,,2.14,9.433,20,0,112,108.8,158.8,120.8,6.1,6.7,35,0,100,80,56,56,67,56.3,60.65,60.7,60.52,149.1,112.4,-54.54,6.28,6.14,,88,8
,50,57.49,56.9,50.8,50.4,66.7,66.4,73.13,72.7,71.05,66.59,57.13,57.45,70.72,22.83,49.07,-1.181,59.72,56.58,2.835,-0.3071,45.91,4.573,0.7688,264.1,214.3,9.5,3.9,40.8,35.8,76.6,81.4,6.2,47.8,7,112.4,35.8,45.8,53,51,,2.905,9.433,20,0,112.2,108.6,158.8,122.4,6.3,6.6,50,0,100,80,56,56,60,56.18,60.49,58.9,58.31,127.1,68.05,-40.38,6.69,6.43,,88,8
,50,56.38,56.3,50.1,50.1,66.21,65.6,72.18,71.4,70.64,66.06,56.11,56.51,66.15,17.07,50.72,-1.64,56.08,53.66,3.568,1.156,42.74,4.613,0.7622,265.6,214.3,8.7,3.6,41.6,36.7,75,78.9,5.2,47.8,6.2,111.1,36.1,42.2,50,48,,3.151,9.8,20,0,112.2,108.6,157.8,119.9,5.8,6.2,50,0,100,80,56,56,50,56.18,61.11,58.25,57.49,83.18,85.62,-15.44,6.28,5.97,,88,8
,50,56.5,56.6,50.47,50.6,65.8,65.6,71.53,71.2,70.03,65.69,56.28,56.67,63.56,16.65,48.1,-1.19,54.01,51.96,3.576,1.526,42.97,4.419,0.7956,266.2,214.8,9.8,3.8,40.6,35.6,75,78.9,6,48,7.4,111.8,37,43,50,48,,4.208,9.8,20,0,112,108.2,154.8,118.4,5.6,6.2,45,0,100,80,56,56,50,56.14,62.05,58.45,57.66,67.64,85.81,-21.39,6.03,5.73,,88,8
,50,54.54,54.4,50.63,51.9,66.08,64.7,69.69,67.2,68.92,62.17,54.27,54.63,40.6,8.617,76.12,-44.14,35.22,32.78,3.234,0.7985,32.01,3.869,0.9088,270.6,216.5,7.7,2.7,44,39.2,69.9,71,1,49.6,5.5,115.6,45.7,31.7,38,37,,9.17,11.36,20,0,111.3,107.7,154.3,113.8,2.5,2.5,20,0,100,40,47,56,67,55.48,59.26,55.71,55.32,54.72,77.61,154,3.91,3.61,,88,9
,50,54.33,53.8,50.1,49.6,64.45,64.2,68.74,68.3,67,60.78,54.19,54.42,48.05,19.53,69.55,-41.03,37.77,36.46,2.103,0.7901,36.61,3.627,0.9694,268.4,214.2,8,2.9,41.5,36.6,71.2,73,4.6,48.5,6.8,119.7,48.7,36.3,43,41,,0.2776,10.74,20,0,111.6,108,156.3,118.1,3.9,4.3,30,0,100,40,47,56,67,55.36,58.61,55.05,54.87,144.4,50.47,127.7,4.23,4.29,,88,9
,50,54.37,54.4,50.88,50.3,63.18,63.3,66.82,67.2,65.32,60,54.35,54.55,40.94,16.88,59.79,-35.73,31.02,30.81,1.729,1.513,35.97,3.033,1.159,269.8,213,8.7,3.4,41.6,36.7,70.6,72,5,49,7.5,124.5,53.6,35.1,42,40,,0.7569,10.89,20,0,111.6,108.2,155.3,117.6,3.9,4.1,30,0,100,40,47,56,60,55.12,59.06,55.05,54.87,102.7,41.49,130.8,3.49,3.64,,88,9
,44,55.28,55.5,46.46,46.6,81.23,82.5,88.93,90.1,87.55,71.42,54.56,55.49,86.03,15.41,180.3,-109.7,78.8,72.36,8.326,1.889,69.41,3.992,0.8808,268.3,214.5,7.4,3.2,39.1,34.3,94,112.2,8.6,43.6,4.6,116.9,22.7,77,81,78,,14.54,6.677,20,0,113.1,109.4,162.3,127.2,7.6,8.9,45,0,100,35,49,56,25,55.36,79.45,60.91,58.64,15.35,88.04,160.6,8.82,7.7,,88,10
,44,55.23,55.3,46.62,46.3,82.71,82.8,90.57,91.2,88.78,71.79,54.84,55.32,88.09,20.04,190.4,-122.4,77.18,73.66,4.313,0.7933,72.29,3.754,0.9367,269,215.1,6.6,3.3,39.8,34.8,94.5,113.2,7.5,43.6,4.1,120.2,25.9,78.6,86,82,,10.96,6.317,20,0,113.1,109.4,163.3,127.8,8.4,8.9,45,0,100,35,49,56,25,55.44,77.85,57.59,56.71,21.46,103.5,164.9,8.61,7.86,,88,10
,44,54.87,54.9,46.17,45.9,83.28,83.2,91.3,91.7,89.48,71.96,54.6,55,89.72,20.45,195.9,-126.6,78.46,76.02,3.605,1.168,73.91,3.732,0.9421,268.4,216.6,6.5,3.3,39.4,34.5,95,114.2,7.6,43.2,3.8,121.2,25.9,79.7,87,83,,10.88,6.228,20,0,113.1,109.2,161.8,126.8,8.5,9,50,0,100,35,49,56,25,55.4,78.06,57.1,56.14,21.67,86.51,164.2,8.7,8.02,,88,10
,44,54.66,54.9,45.84,45.8,83.61,83.7,91.8,91.9,89.93,72.16,54.43,54.83,91.39,20.87,198.3,-127.8,78.93,76.88,3.576,1.526,74.93,3.703,0.9494,267.9,214.8,6.5,3.4,39.1,34.2,95.3,114.7,7.1,42.9,3.8,122,26.7,81.1,89,85,,9.685,6.052,20,0,113.6,109.2,164.7,129.7,8.2,9.3,50,0,100,35,49,56,25,55.44,78.34,56.89,55.94,21.88,85.82,164,8.82,8.19,,88,10
,44,51.96,51.1,45.07,44.3,86.56,86.1,93.43,93,90.5,64.99,51.32,51.84,76.54,32.66,283.9,-240,61.93,56.2,4.693,-1.044,65.89,3.305,1.064,267.1,215.6,4.8,4.2,39.5,34.6,97.2,118.6,7.1,42.9,3.4,127.1,29.9,83.6,76,73,,5.395,7.139,20,0,114.9,109.2,161.8,126.3,6.9,6.8,70,0,100,20,49,56,34,55.57,74,55.91,53.93,42.52,56.8,214.3,6.89,6.87,,88,11
,44,50.24,50.3,43.96,44.3,86.02,85.1,92.33,90.7,89.97,63.4,49.48,50.41,70.98,26.59,299.2,-254.8,56.17,49.36,8.335,1.524,55.96,3.529,0.9962,270.2,214.7,5.5,3,38.6,33.8,93.7,111.7,4.7,42.7,4.1,126.6,32.6,78.5,65,62,,1.571,8.219,20,0,114.9,109.6,158.8,124.3,5.4,6.2,70,0,100,20,49,56,27,55.48,75.03,56.4,53.56,32.65,70.36,225.6,6.28,6.31,,88,11
,44,51.14,51.4,45.11,44.9,85.12,85.3,91.1,91.2,88.94,63.52,50.42,51.39,66.67,24.06,283.6,-241,53.71,47.3,8.66,2.246,60.71,3.111,1.13,267.7,213.7,5.5,3.8,39.5,34.5,95,114.2,7.2,43.2,3.6,127.9,32.7,79.7,70,67,,6.469,7.715,20,0,114.9,109.4,163.8,128.2,5.9,6.5,65,0,100,20,49,56,27,55.57,78.02,57.26,54.38,25.72,72.07,223.1,6.03,5.98,,88,11
,44,51.22,51.2,45.02,44.9,85.41,85.3,91.51,91.4,89.31,63.64,50.42,51.35,68.23,24.58,287.2,-243.5,56.05,48.79,8.427,1.171,60.59,3.252,1.081,268.5,217,5.5,3.6,39.4,34.5,95,114.2,6.7,43.2,3.8,127.7,32.7,79.9,70,67,,7.395,7.715,20,0,114.9,109.6,159.3,124.2,6.1,6.3,65,0,100,20,49,56,27,55.52,76.95,57.1,54.3,27.54,72.18,222.9,6.2,6.1,,88,11
,45,50.73,50.8,44.62,45.1,85.57,86.8,91.39,90.8,89.39,63.4,49.97,50.94,65.25,22.37,291.9,-249,54.83,48,8.721,1.895,47.76,4.036,0.8711,269.4,215.2,5.3,2.2,39.8,34.8,93.2,110.2,5,43.2,3.2,127.4,34.2,75.1,52,50,,4.84,9.553,20,0,115.3,109.8,159.8,123.5,3.8,5.7,30,0,100,5,49,56,39,55.52,77.48,56.12,54.05,24.45,101.4,225.1,6.11,5.82,,88,12
,45,49.91,49.6,45.84,45.6,85.98,85.8,90.16,90.1,88.29,59.18,49.6,49.96,46.98,21.04,327.6,-301.7,36.45,33.66,3.212,0.4257,49.26,2.602,1.351,270.1,215,5.6,2.1,40,35,92.2,108.7,5.4,44.4,4.4,135.9,43.2,73.7,56,54,,7.404,9.084,20,0,115.7,110.1,161.3,125,4.1,4,25,0,100,5,49,56,22,55.52,77.81,50.83,50.74,22.66,77.08,242.4,4.07,4.18,,88,12
,45,48.6,48.5,44.86,44.8,86.02,85.4,89.91,89,88.33,58.07,48.45,48.73,43.68,17.79,339.9,-314,33.33,32.02,2.465,1.153,43.9,2.669,1.317,269.7,213.8,5.3,2,39.5,34.6,91,106.2,3.5,44.1,4.6,138.1,47.1,71.6,50,48,,4.88,9.8,20,0,116,110.3,161.3,125.7,3.6,3.7,30,0,100,5,49,56,22,55.52,77.97,49.36,49.26,19.02,59.15,244.3,3.74,3.89,,88,12
,45,48.72,48.8,45.19,45.1,85.21,85.1,88.89,88.9,87.47,57.95,48.7,48.98,41.28,15.91,330.9,-305.5,31.81,31.59,2.489,2.27,45.41,2.463,1.427,269,215.9,5.2,2.1,40.1,35.1,91,106.2,4.9,44.4,4.3,141,50,70.6,52,50,,8.345,9.553,20,0,116.4,110.3,159.3,126.5,3.8,3.7,30,0,100,5,49,56,19,55.52,79.9,49.52,49.34,15.67,59.73,243.3,3.53,3.68,,88,12
,44,54.33,54.7,45.84,45.8,77.34,77,85.53,85.1,83.83,71.18,54.39,54.55,90.49,18.86,139.8,-68.16,76.53,77.04,1.387,1.906,67.49,3.986,0.882,265.3,216.3,7.2,5.9,38.6,33.8,91,106.2,8.7,42.9,4.3,116.7,25.9,71.7,78,75,,5.784,6.952,20,0,117.4,112,159.3,124.6,8.1,8.9,0,0,100,53.9,49.85,56,28.17,55.69,73.96,54.64,54.63,24.77,33.29,119.1,8.49,8.19,,88,13
,44,54.95,55.3,45.88,45.9,76.24,75.4,85.2,84.2,83.33,72.49,54.92,55.16,99.68,20.79,120.6,-41.71,81.36,81.14,2.116,1.897,68.88,4.153,0.8466,266.9,215.4,7.7,6,38.2,33.4,90.2,104.7,9,42.7,4.5,115.3,24.8,71.3,80,77,,1.272,6.768,20,0,116.4,111.3,162.8,129,8.8,9.4,50,0,100,70,53,56,43,55.69,72.69,55.3,55.2,29.35,50.77,87.31,9.07,8.96,,88,13
,44,53.56,53,46.38,46.1,76.12,76,83.03,82.5,80.51,65.53,52.84,53.56,76.81,28.04,166.4,-117.6,64.63,58.14,6.544,0.05961,55.77,4.075,0.8629,266.5,216,7.2,4.7,38.9,34,87.2,99.3,7.3,43.6,4.7,116.2,29,65.1,65,62,,4.783,8.219,20,0,111.8,107.7,159.8,124.8,6.5,6.9,65,0,100,30,48,56,46,55.28,66.51,58.25,55.89,59.91,66.78,173.4,7.18,6.91,,88,14
,44,52.29,52.2,45.31,45.1,75.99,75.9,82.79,82.5,80.39,64.58,51.53,52.42,75.83,26.81,176.3,-127.3,62.35,55.54,7.962,1.157,55.68,3.937,0.8931,267.8,214.5,6.3,4.4,38.6,33.8,86.9,98.8,6.7,42.9,4,115.7,29.4,64.5,64,61,,3.1,8.323,20,0,111.8,107.7,158.8,124.1,6.5,7.3,70,0,100,30,48,56,46,55.2,67.33,58.12,55.28,53.03,67.21,183.5,6.98,6.8,,88,14
,44,51.67,51.7,44.78,44.4,75.87,75.7,82.67,82.5,80.34,64.3,50.91,51.84,75.79,25.88,179,-129.1,62.1,55.24,8.394,1.535,55.66,3.923,0.8962,267.7,216.2,5.7,4.1,38.9,34,86.6,98.3,6.4,42.5,3.9,115.6,28.7,64.5,64,61,,2.829,8.323,20,0,111.6,107.3,158.8,124.1,6.6,7.3,80,0,100,30,48,56,42,55.24,67.62,58.08,54.99,50.18,65.23,185.1,6.89,6.8,,88,14
,44,51.51,51.7,44.57,44.4,75.91,75.9,82.67,82.5,80.39,64.18,50.67,51.72,75.33,25.42,180.8,-130.9,62.31,54.74,9.477,1.9,55.62,3.939,0.8925,267.7,215.7,5.5,4.1,38.6,33.8,86.6,98.3,6.4,42.4,3.5,115.1,28.5,64.5,65,62,,3.726,8.219,20,0,111.6,107.3,159.8,124.5,6.5,7.3,80,0,100,30,48,56,46,55.2,67.98,59.06,55.28,47.71,60.1,186.6,6.94,6.76,,88,14
,45,50.61,50.1,46.87,46.6,76.81,76.5,80.7,80,78.71,57.99,50.17,50.61,43.3,22.19,230.7,-209.6,33.4,29.53,3.932,0.05913,40.45,2.903,1.211,267.3,214.3,6.1,2.6,40.1,35.1,82.6,91.3,3.2,45.4,5.1,127.1,44.5,55.4,47,45,,3.712,10.19,20,0,111.3,107.1,159.8,123.5,3.5,3.7,10,0,100,10,48,56,42,55.12,67.41,51.45,51.51,43.32,94.37,233.1,3.74,3.89,,88,15
,45,49.01,48.3,45.39,44.9,76.24,76.2,80,79.7,78.17,56.44,48.74,48.98,41.86,20.34,241.7,-220.2,32.45,30.03,2.114,-0.3074,40.23,2.836,1.24,266.9,215.3,5.1,2.1,39.8,34.8,81.8,89.9,3.7,44.4,4.8,130.7,49.1,55.3,47,45,,4.839,10.19,20,0,112.2,107.5,157.8,122.2,3.5,3.4,20,0,100,10,48,56,35,55.12,67.94,49.44,49.55,38.05,50.74,233.7,3.62,3.76,,88,15
,45,48.07,48.5,45.52,45.9,75.17,74.4,78.04,77,76.99,55.74,48.13,48.44,32.02,11.75,237.5,-217.3,22.86,23.37,2.843,3.358,34.67,2.318,1.517,268.3,214.8,6.1,2.2,39.8,34.8,53.6,85.4,1.6,45.1,5.1,134.7,55.8,50.4,40,39,,2.166,11.04,20,0,112.7,107.7,157.8,122,2.6,2.6,15,0,100,10,48,56,17,55.12,68.39,48.62,48.65,21.24,68.23,241.9,2.55,2.87,,88,15
,44,53.72,53.6,43.84,43.6,68.46,68.1,77.83,77.5,75.19,68.35,52.79,53.85,104.1,29.39,75.87,-1.191,88.94,80.62,9.491,1.165,64.15,4.875,0.7212,266.4,216,6.4,6,37.2,32.5,83.5,92.8,8.5,40.9,3.7,106.5,22.8,60.1,74,71,,2.996,7.328,20,0,113.6,110.3,159.3,126.1,9.4,10,90,30,100,90,57,56,61.88,54.87,61.27,60.7,57.37,110.2,68.32,-16.68,9.88,9.37,,88,16
,44,53.43,53.4,43.84,43.6,67.84,67.5,77.01,76.5,74.45,67.74,52.47,53.56,102,28.55,74.68,-1.194,85.7,77.07,9.784,1.156,61.86,4.871,0.7218,267.1,214.3,6.4,5.6,37.4,32.7,82.1,90.4,7.4,41,3.4,105.7,23.6,57.7,72,69,,1.233,7.52,20,0,113.1,109.8,159.8,126.4,9,10,90,30,100,90,57,56,62.28,54.83,60.9,60.29,56.96,112.9,70.43,-8.56,9.59,9.17,,88,16
,44,53.19,53.2,43.88,43.6,67.27,66.8,76.15,75.6,73.63,67.16,52.3,53.32,98.79,28.08,71.9,-1.194,83,75.12,9.037,1.154,60.47,4.826,0.7286,266.9,214,6.1,5.9,37.7,33,81.5,89.4,7.9,41.2,3.6,105.3,23.8,56.4,70,67,,1.431,7.715,20,0,112.4,109.4,157.8,124.3,8.8,9.6,90,30,100,90,57,56,62.68,54.79,60.53,60.05,56.75,117.3,65.86,-11.94,9.31,8.88,,88,16
,44,52.94,53.2,43.96,43.9,66.74,66.4,75.38,74.7,73.02,66.67,52.1,53.15,95.61,26.14,70.2,-0.7347,80.23,72.7,9.421,1.888,57.72,4.888,0.7194,265.6,214.4,6.5,5.4,37.4,32.7,80.1,86.9,7.4,41.4,3.8,104.9,24.6,54,67,64,,1.094,8.015,20,0,112,109,159.8,126.6,8.3,9.3,90,30,100,90,57,56,63.09,54.75,60.29,60.01,56.63,113.2,66.99,-9.45,8.98,8.64,,88,16
,44,53.06,53.2,44.37,44.3,66.21,65.9,74.6,74.1,72.24,66.14,52.18,53.28,93.93,26.43,68.24,-0.7422,78,70.07,9.827,1.896,57.21,4.794,0.7334,268.6,215.3,7.8,5.5,36.5,31.9,79.8,86.4,8.1,41.2,4.7,104.9,25.1,54.5,66,63,,0.3661,8.116,20,0,111.3,108.6,159.3,126.9,8.4,8.9,90,30,100,90,57,56,63.49,54.75,59.96,60.21,56.8,121.7,69.04,-7.192,8.69,8.39,,88,16
,45,52.45,52.2,45.56,45.3,66.25,66.1,72.67,72.2,70.76,63.4,51.93,52.5,72.39,21.52,82.98,-32.11,61.82,57.2,5.051,0.4261,47.68,4.559,0.7713,270.3,215.2,7.7,4.1,37.7,33,76.6,81.4,6.5,42.9,5,107.3,30.7,47.9,54,52,,4.138,9.315,20,0,109.6,106.7,157.3,123,6.1,6.8,45,0,100,55,49,56,54,54.83,60.61,54.56,53.93,89.29,121.2,83.99,6.89,6.42,,88,17
,45,51.51,51.2,44.78,44.9,66.08,66.1,72.39,71.4,70.68,63.03,51.16,51.64,70.92,19.19,86.1,-34.37,60.3,57.15,4.314,1.161,43.94,4.825,0.7287,270,215.1,6.4,3.6,38.5,33.7,74.7,78.9,4.7,42.5,4,107.3,32.8,45.2,50,48,,2.659,9.8,20,0,109.2,106.5,157.3,122.5,5.6,6.3,45,0,100,55,49,56,54,54.91,60.86,53.37,52.7,77.43,103.5,90.77,6.73,6.31,,88,17
,45,51.51,51.7,45.43,45.6,65.51,65.3,71.28,70.8,69.86,62.62,51.32,51.76,64.87,15.96,81.42,-32.5,54.48,52.8,3.95,2.263,44.46,4.309,0.816,269.8,215.3,7.8,3.9,37.6,32.9,74.7,78.4,6.1,43,5.3,108.4,33.4,45.4,51,49,,3.476,9.675,20,0,109.4,106.5,157.8,124,5.5,6.3,40,0,100,55,49,56,47,54.99,61.64,53.41,52.7,57.63,94.8,94.84,6.08,5.77,,88,17
,45,51.59,51.6,45.39,45.4,65.59,65.4,71.41,71.1,69.94,62.66,51.36,51.76,65.14,16.37,81.64,-32.87,55.77,53.71,3.594,1.533,44.56,4.4,0.799,269,216,8,3.9,37.4,32.7,75,78.9,6.1,43.2,5.6,108.4,33.4,46,51,49,,5.08,9.675,20,0,109,106.3,154.8,121.3,5.7,6.2,45,0,100,55,49,56,50,55.03,61.72,53.5,52.78,58.75,86.26,92,6.2,5.82,,88,17
,45,50.24,49.8,45.02,45.4,67.19,66.5,72.06,70.6,70.8,60.7,50.05,50.29,54.65,14.09,113.4,-72.87,46.64,44.96,2.107,0.4255,37.85,4.332,0.8116,269.3,214.7,7.2,2.9,38.2,33.4,73.5,76.5,2.8,43.8,5.8,110.5,37,42.6,44,42,,5.047,10.6,20,0,109.4,106.5,153.3,117.5,4.1,4.4,0,0,100,32.76,47.52,56,67,58.35,61.96,50.67,50.69,93.54,50.58,162.6,5.22,4.87,,88,18
,45,49.79,49.3,45.11,44.8,66.62,66.7,71.2,71.2,69.66,58.77,49.64,49.84,51.58,17.35,122.5,-88.28,42,40.68,1.746,0.4262,39.72,3.717,0.9458,270,215.3,5.6,2.6,39.2,34.3,73.8,77,5.4,43.6,4.4,114.2,40.2,42.7,46,44,,3.332,10.32,20,0,109.6,106.5,154.8,119.2,4.5,4.5,0,0,100,26.55,47.1,56,67,58.55,62.05,50.14,50.2,119.3,41.91,180.4,4.68,4.58,,88,18
,45,48.68,48.7,45.11,44.9,66.58,66.2,70.26,69.8,68.92,56.56,48.62,48.89,41.25,14.98,138.5,-112.2,32.08,31.5,2.481,1.896,35.2,3.204,1.097,268.8,215.3,6.2,2.1,38.9,34,71.9,74,3.2,44.3,5.4,118.3,46.4,39.8,40,39,,2.042,11.04,20,0,109.6,106.7,154.8,119.8,3.6,3.6,35,0,100,23,47,56,60,58.72,61.72,49.85,49.43,119.8,59.54,207.7,3.57,3.68,,88,18
,45,48.56,48.5,45.02,44.9,66.33,66.2,69.85,69.7,68.59,55.99,48.41,48.73,39.42,14.06,141.2,-115.9,31.48,30.17,2.827,1.517,35.29,3.136,1.121,268.8,213.6,5.8,2.2,39.2,34.2,71.9,74,3.8,44.1,5.2,121.7,49.6,39.7,40,39,,5.306,11.04,20,0,110.1,106.7,154.3,119,3.5,3.6,35,0,100,23,47,56,60,58.88,62.09,49.93,49.47,105.3,67.85,211.4,3.54,3.52,,88,18
,39,51.02,50.9,42.2,41.9,80.66,80.5,88.97,88.7,87.02,69.09,50.83,51.15,92.38,21.7,199.3,-128.6,79.18,77.49,2.851,1.163,72.9,3.819,0.9207,266.8,215.5,5.4,5.3,36.5,31.9,94,112.2,8,39.9,3.4,117.4,23.4,80,85,81,,8.158,6.406,20,0,112.2,108.6,159.3,126.6,8.3,9,40,0,100,36,49,56,33.44,59.5,75.27,52.35,51.84,33.01,68.43,163.1,8.82,8.31,,88,19
,39,50.61,50.6,41.83,41.5,80.62,80.5,89.01,88.9,87.02,68.93,50.42,50.82,93.71,22.25,202.1,-130.6,78.74,77.05,3.584,1.896,73.57,3.763,0.9344,268,215.3,5.3,4.8,36.2,31.6,93.7,111.7,7.9,39.6,3.3,117.4,23.4,80,87,83,,6.352,6.228,20,0,112.2,108.4,159.8,127.4,8.4,9.1,40,0,100,36,49,56,33.64,59.54,75.31,52.15,51.6,33.85,86.03,165.8,8.78,8.39,,88,19
,39,50.36,50.4,41.54,41.4,80.58,80.5,89.05,88.7,86.98,68.84,50.17,50.53,93.88,22.99,200.9,-130,79.72,78.02,3.241,1.541,74.53,3.761,0.9349,265.9,217,5.2,5.6,36,31.4,94.3,112.7,8.3,39.1,3.1,117.6,23.3,80.9,88,84,,7.496,6.14,20,0,112.2,108.2,159.3,126.9,8.2,9.2,40,0,100,36,49,56,33.84,59.54,75.35,51.9,51.31,34.88,77.8,162.6,8.82,8.47,,88,19
,40,47.5,47.7,41.09,41,82.05,81.3,88.52,87.7,86.49,62.7,47.31,47.79,72.14,22.68,265.3,-215.8,56.93,55.26,4.28,2.608,60.96,3.283,1.071,267.7,213.4,4.8,3.8,36.2,31.6,91.5,107.2,6.3,39.4,3.2,121.7,29.8,76,70,67,,2.959,7.715,20,0,111.6,107.1,160.8,128.1,6.4,6.7,39.22,0,100,23,49,56,36,59.82,73.92,49.52,48.81,38.62,102.7,211.9,6.41,6.47,,88,20
,40,46.84,46.6,40.23,39.9,81.52,81.2,88.15,87.7,86,61.76,46.53,46.97,74.06,24.09,270.7,-220.7,58.64,55.88,3.908,1.149,61.91,3.33,1.056,268,213,2.9,3.8,36.9,32.2,91.5,107.2,6.3,38.2,1.3,120.4,28.7,75.3,71,68,,2.95,7.617,20,0,112,106.9,159.3,128.4,6.4,6.7,48.55,0,100,23,49,56,36,59.82,73.84,48.83,48.11,41.24,93.8,212.7,6.61,6.63,,88,20
,40,46.23,46.3,39.78,39.6,81.23,81,87.66,87.2,85.67,61.35,46.04,46.44,71.41,22.14,270.2,-220.9,57.23,55.56,3.548,1.877,59.8,3.365,1.045,266.7,213.2,2.9,4,36.9,32.2,91.2,106.7,6.4,38,1.3,119.7,28.3,74.1,69,66,,3.973,7.814,20,0,111.6,107.1,159.8,127.2,6,6.5,47.88,0,100,23,49,56,30,59.86,74.62,48.38,47.58,36.02,85.16,211.8,6.45,6.43,,88,20
,40,46.1,46.1,39.82,39.8,81.19,81.2,87.46,87.2,85.67,61.27,45.96,46.36,69.57,19.86,271,-221.3,56.26,54.94,3.579,2.261,58.69,3.37,1.043,266.6,215,2.9,4,36.9,32.2,90.7,105.7,6,38,1.1,119.5,28.8,74,67,64,,4.873,8.015,20,0,111.8,107.1,161.3,127.9,6.2,6.3,47.21,0,100,23,49,56,36,59.86,75.68,48.21,47.46,30.14,85.91,212.5,6.28,6.27,,88,20
,40,45.9,45.8,41.91,41.7,81.36,81,85.57,84.9,83.78,56.07,45.75,46.07,47.15,20,310,-282.9,35.57,34.26,2.834,1.52,46.18,2.709,1.298,268.4,214.2,4.6,2.8,37.2,32.4,87.4,99.8,3.9,40.7,3.6,129.8,42.2,67.9,52,50,,3.304,9.553,20,0,112,107.1,157.8,124.6,3.7,4.1,10,0,100,8,49,56,27,60.07,73.47,46.37,46.44,35.82,68.02,238.8,3.99,4.21,,88,21
,40,44.96,44.6,41.05,40.7,81.27,81,85.41,85.1,83.7,54.96,44.81,45.05,46.16,19.05,320.9,-293.8,34.93,33.62,2.109,0.7915,46.31,2.652,1.326,268,214.7,3.5,2.3,37.2,32.5,87.7,99.8,4.9,40.4,3.3,131.2,43.2,67.4,52,50,,4.218,9.553,20,0,112.2,107.1,159.3,125.9,3.9,3.9,15,0,100,8,49,56,27,60.03,74.29,45.39,45.45,32.06,50.6,239.9,3.91,4.14,,88,21
,40,44.14,43.9,40.36,40.1,81.15,81.2,85.24,85.1,83.66,54.43,44.03,44.27,46.08,17.83,329.1,-300.9,33.93,32.98,2.114,1.161,46.16,2.584,1.361,270.2,215.3,3.2,2.3,36.9,32.2,87.4,99.8,4.6,39.9,2.8,131.5,44.1,67.7,52,50,,2.117,9.553,20,0,112.9,107.5,159.3,125.9,4.1,3.8,20,0,100,8,49,56,33,60.07,74.49,44.57,44.63,29.66,50.73,243.2,3.78,4.09,,88,21
,39,49.87,50.3,41.42,41,73.74,73.1,82.01,81.5,80.18,67.53,49.89,50.12,92.35,20.43,141.3,-69.33,75.81,75.96,2.115,2.264,65.96,4.041,0.8701,268,215.3,4.6,5.4,36.3,31.7,86.9,98.8,7.4,39.1,2.8,111.6,24.9,67.1,77,74,,2.407,7.045,20,0,114,109.2,158.8,126.1,8.4,9.4,0,0,100,53.9,49.85,56,53.17,60.19,70.28,50.26,50.24,48.61,50.76,123.9,8.45,8.27,,88,22
,39,47.95,47.5,41.18,40.7,71.61,71.2,78.41,77.9,76.25,61.8,47.76,48.04,76.13,24.16,161.9,-109.9,60.63,58.95,2.477,0.7922,52.86,4.033,0.8718,268.9,214.9,4.5,4.2,36,31.4,82.1,90.4,5.8,39.2,3.2,110.5,28.7,58.1,60,58,,-0.6105,8.641,20,0,109.4,105.9,158.3,125.9,6.7,7,30,0,100,33,48,56,57.42,60.4,65.53,48.38,48.36,113,59.44,171,6.77,6.8,,88,23
,39,46.76,46.6,39.91,39.6,71.45,71.4,78.2,77.9,76.25,61.31,46.61,46.85,75.2,21.73,166.4,-112.9,60.75,59.45,2.09,0.7849,53.18,4.017,0.8754,267.2,212.8,3.1,4.2,36.3,31.7,82.1,90.4,5.9,38.5,2.2,109.4,27.6,58.2,60,58,,0.8965,8.641,20,0,109,105.9,158.3,125.6,6.7,7.2,35,0,100,33,48,56,57.15,60.4,66.55,47.93,47.46,84.76,50.16,171.7,6.85,6.75,,88,23
,39,46.1,46.1,39.33,39.1,71.28,71.1,77.96,77.8,76.25,61.02,46,46.32,74.73,19.11,170.6,-114.9,60.56,59.61,2.84,1.89,54.22,3.927,0.8953,268.8,214.7,2.6,4.3,36.3,31.7,82.1,90.4,6.4,37.3,1.1,108.8,26.5,58.7,61,59,,1.672,8.534,20,0,109,105.7,158.8,124.2,6.6,6.8,40,0,100,33,48,56,50.88,60.4,67,47.68,47.17,69.44,68.16,174.9,6.77,6.68,,88,23
,40,45.16,44.9,41.5,41.4,72.19,71.5,75.99,75.6,74.53,54.31,45.1,45.37,42.62,16.36,226.5,-200.2,32.69,32.11,2.472,1.889,39.28,2.926,1.201,268.8,214.4,4.7,2.6,36.7,32.1,78.2,83.9,3.2,40.4,3.7,119.9,41.5,51.5,45,43,,2.911,10.46,20,0,108,104.7,156.8,123.8,3.9,3.5,15,0,100,15,48,56,54.84,60.4,65.69,45.72,45.74,74.15,59.33,230.7,3.66,3.8,,88,24
,40,44.26,44.1,40.73,40.4,71.65,71.4,75.5,75.4,73.92,53.24,44.2,44.43,43.08,17.73,231.5,-206.2,31.65,31.06,2.109,1.525,39.29,2.832,1.241,268.8,214.8,3.7,1.9,36.7,32.1,77.3,82.4,3.5,40.1,3.4,122.2,45.2,50.2,46,44,,-0.6004,10.32,20,0,108.8,104.7,154.8,121.9,4,3.7,25,0,100,15,48,56,47.71,60.4,65.61,44.78,44.8,81.64,50.62,232.7,3.53,3.85,,88,24
,40,43.52,43.4,39.95,39.8,71.61,71.4,75.38,75,73.96,52.71,43.46,43.69,42.15,15.89,237.9,-211.6,32,31.41,2.108,1.525,39.19,2.87,1.225,268.7,214.7,3.1,2.4,36.5,32.1,77.3,82.4,3.7,39.4,2.7,122.7,45.7,51,45,43,,2.349,10.46,20,0,109,105.1,155.8,123.2,3.6,3.6,25,0,100,15,48,56,47.58,60.36,66.22,43.96,44.02,65,50.59,233.2,3.57,3.77,,88,24
,39,50.57,50.6,41.38,40.7,66.45,66.2,75.25,75.4,73.26,66.3,50.34,50.61,97.29,22.03,76.91,-1.639,81.57,79.54,2.456,0.4225,63.61,4.509,0.7798,265.3,213.1,5.4,6.1,35.3,30.8,81.5,89.4,8.7,38.7,3.4,104.7,23.2,58.1,74,71,,2.433,7.328,20,0,112.2,109,157.3,125.5,8.9,9.9,50,0,100,90,57,56,83,60.6,63.93,52.23,51.51,158.8,58.95,-9.076,9.19,8.8,,88,25
,39,49.91,49.8,40.23,39.8,66.7,66.5,75.91,75.9,73.96,66.67,49.64,50.04,102.4,21.69,80.97,-0.2832,86.46,84.05,3.569,1.157,65.57,4.636,0.7584,266.8,214.4,4.1,5.9,35.6,31.1,81.8,89.9,8.2,36.6,0.8,103.7,21.9,58.1,76,73,,2.67,7.139,20,0,111.3,108.6,158.3,126.7,9.5,9.9,55,0,100,90,57,56,90,60.6,64.05,52.06,51.06,150.9,85.63,-10.15,9.68,9.21,,88,25
,39,49.63,49.6,39.91,39.8,66.66,66.5,75.91,75.7,73.92,66.55,49.36,49.8,102.7,22.13,81.8,-1.191,87.17,84.75,3.95,1.528,64.92,4.721,0.7448,266.5,215.3,4.2,5.8,35.4,30.9,81.8,89.9,8.7,36.4,1.2,102.7,21,58.5,75,72,,2.815,7.233,20,0,110.9,108.2,156.8,125.5,9.3,10,55,0,100,90,57,56,90,60.56,63.97,52.15,51.02,155.7,84.39,-9.59,9.72,9.25,,88,25
,40,48.89,48.7,41.5,41,67.48,67.3,74.6,74.4,72.85,62.91,48.7,48.94,78.93,19.36,110.2,-50.65,66.36,64.67,2.117,0.427,51.47,4.533,0.7756,266,215.7,5.6,4.2,35.6,31.1,78.6,84.4,6.6,39.2,3.6,105.1,26.5,54.1,58,56,,2.615,8.86,20,0,107.7,105.5,156.3,124.4,7.1,7.5,20,0,100,50,48,56,73,60.64,63.89,49.48,49.51,143.1,50.81,109.9,7.39,7.12,,88,26
,40,48.23,48,41.01,40.7,67.15,66.8,74.07,73.8,72.4,62.41,48.21,48.4,77.17,18.58,111.4,-52.81,64.7,64.48,1.744,1.527,51.33,4.432,0.7933,267.7,215,5.1,4.4,35.6,31.1,78.2,83.9,6.5,38.9,3.3,105.3,27.3,52.8,58,56,,2.756,8.86,20,0,107.7,105.5,155.3,123.5,7,7.3,25,0,100,50,48,56,73,60.64,63.81,48.66,48.69,140.9,41.86,112.8,7.22,6.92,,88,26
,40,47.62,47.3,40.4,40.1,66.82,66.5,73.82,73.5,72.12,62.01,47.51,47.79,77.43,18.87,111.8,-53.27,64.67,63.72,2.477,1.526,51.45,4.419,0.7956,265.5,214.9,4.7,4.6,35.4,30.9,77.9,83.9,6.4,38.5,3.3,105.1,27.2,52.8,58,56,,2.427,8.86,20,0,108,105.3,156.8,124.6,7.1,7.2,30,0,100,50,48,56,73,60.64,63.68,48.13,48.11,148.9,59.46,114.2,7.22,7,,88,26
,40,47.09,47,39.87,39.6,66.58,66.4,73.66,73.5,72.03,61.76,47.02,47.3,78.22,17.94,113.5,-53.2,64.87,64.29,2.485,1.899,51.38,4.439,0.792,265.1,215.6,4,4.6,35.8,31.3,77.9,83.4,6.4,38.2,2.4,104.5,26.7,52.1,58,56,,1.617,8.86,20,0,107.5,105.1,156.3,124.2,6.9,7.2,30,0,100,50,48,56,66,60.6,63.77,47.85,47.71,136.1,59.64,114.9,7.22,7.08,,88,26
,40,45.65,45.1,41.05,40.5,68.17,68.3,72.63,72.7,71.09,55.17,45.42,45.66,50.06,17.31,178.7,-145.9,41.34,39.28,2.118,0.05895,40.81,3.561,0.9872,269.3,215.6,4.2,3,36.3,31.7,75.7,79.9,4.9,39.8,3.3,111.6,36.5,48,47,45,,5.755,10.19,20,0,107.5,104.7,155.3,122.6,4.6,4.6,20,0,100,22,47,56,73,60.56,63.4,46.04,46.07,146.4,50.82,210.1,4.6,4.46,,88,27
,40,44.22,43.8,39.91,39.8,68.38,68.1,72.72,72.2,71.3,54.35,44.16,44.39,48.77,15.96,190.5,-157.7,38.5,37.91,2.103,1.52,39.27,3.447,1.02,269.8,214.2,3.1,2.5,36.7,32.1,74.7,78.4,3.9,39.2,2.3,114,39.3,45.9,45,43,,1.841,10.46,20,0,107.7,104.7,155.8,122.8,4.1,4,25,0,100,22,47,56,73,60.6,63.44,44.69,44.76,135,50.46,216.1,4.31,4.34,,88,27
,40,43.73,43.8,39.87,39.9,67.6,67,71.61,70.9,70.35,53.9,43.79,43.98,44.93,14.07,184.3,-153.5,34.38,34.9,1.733,2.245,37.5,3.224,1.091,268.9,213.6,2.4,2.6,37.4,32.7,73.5,76.5,3.5,39.6,2.2,115.3,41.8,44,44,42,,0.2691,10.6,20,0,108.2,105.1,154.3,121.8,3.9,4,25,0,100,22,47,56,73,60.6,63.15,44.24,44.31,132.4,41.6,218,3.86,4.01,,88,27
,49,61.95,61.9,52.72,52.5,85.08,84.9,93.8,93.9,91.73,77.97,61.76,62.04,96.25,22.9,151.8,-78.47,83.04,81.35,2.489,0.7967,75.9,3.847,0.914,264.9,216,8,4.8,44.4,39.6,98.7,121.6,8.6,49.5,5.1,125,26.3,82,88,84,,8.698,6.14,20,0,114.2,106.5,156.3,116.2,9,9.5,35,0,100,46,49,56,27,56.34,79.69,63.16,62.65,23.54,59.75,123,9.23,8.72,,80,1
,49,61.25,61.2,51.82,51.6,85.12,84.9,94.05,94.1,91.89,77.77,61.02,61.34,98.09,23.7,155.2,-80.84,84.32,82.27,2.839,0.7915,77,3.85,0.913,263.8,214.6,8,4.9,43.6,38.8,99,122.1,8.2,48.5,5,124.5,25.5,83.3,90,86,,8.288,5.964,20,0,114.5,107.7,155.8,118,9.3,9.4,50,0,100,46,49,56,27,56.1,79.65,62.71,62.04,24.15,68.14,124,9.43,8.93,,80,1
,49,60.89,60.8,51.41,51.2,85.08,84.8,94.09,94.1,91.93,77.65,60.66,60.97,99.62,23.85,158,-82.26,85.74,83.67,2.874,0.8013,77.9,3.87,0.909,265.5,217.2,7.9,4.6,43.3,38.5,98.7,121.6,8.5,48,4.9,124.7,26,83.4,91,87,,8.305,5.877,20,0,114.7,108.4,154.8,115.8,9.3,9.4,50,0,100,46,49,56,24,56.02,79.49,62.42,61.75,24.39,68.99,124.9,9.48,9.01,,80,1
,49,57.69,57.2,50.76,50.3,86.27,86.1,93.11,92.6,90.62,70.64,57.34,57.62,75.49,27.43,220.6,-172.5,62.13,58.98,2.478,-0.6746,63.3,3.451,1.02,265,215,7.2,5.1,43.1,38.2,97.7,119.6,7.9,47.8,4.9,129.3,31.3,80.9,73,70,,6.162,7.424,20,0,116.2,110.9,157.3,118,6.6,6.9,31.17,0,100,25,49,56,29,55.57,75.97,58.66,58.35,32.27,59.47,194.2,6.93,6.84,,80,2
,49,56.05,55.8,49.32,49,86.02,85.8,92.7,92.5,90.46,69.5,55.82,56.06,73.51,24.66,230.9,-182.1,60.59,58.53,2.121,0.05963,62.8,3.394,1.04,264.4,216.1,6.2,4.7,42.6,37.7,97,118.1,7.6,47,4.2,128.7,31.5,80.9,72,69,,6.713,7.52,20,0,116.2,111.1,157.3,118.8,6.7,7,42.18,0,100,25,49,56,25,55.48,77.89,57.22,56.84,26.41,50.91,197.4,6.73,6.68,,80,2
,49,55.19,55.5,49.04,49.5,85.57,84.8,91.8,90.7,90.01,69.05,55.05,55.45,69.09,19.85,232.7,-183.5,55.69,54.36,3.613,2.282,57.69,3.394,1.036,266.5,217.1,7.2,4.3,42.3,37.4,94.8,114.2,6.1,47,4.9,128.5,33.9,76.8,66,63,,4.359,8.116,20,0,116.4,111.3,155.8,117.8,5.8,6,38.18,0,100,25,49,56,19,55.52,78.59,56.53,56.06,20.66,86.71,204.3,6.15,6.23,,80,2
,50,55.73,55.8,51.82,51.9,85.16,84.9,89.09,88.7,87.76,64.63,55.66,55.86,43.48,14.8,255.9,-227.3,35.02,34.43,1.746,1.161,45.52,2.705,1.3,265.6,215.2,7.8,2.8,44.1,39.3,91.5,107.2,5.4,50.3,6.2,141,49.5,69,52,50,,10.32,9.553,20,0,117.4,112,154.3,114.3,3.8,3.9,0,0,100,15,49,56,17.52,55.69,80.59,56.04,56.02,14.26,41.91,229.8,3.91,3.93,,80,3
,50,55.11,54.7,51.37,50.9,86.11,86,89.91,90.1,88.17,63.15,54.84,55,42.32,19.42,278.1,-255.2,33.3,30.89,1.369,-1.034,45.85,2.553,1.377,266.8,213.6,6.6,2.1,44.3,39.5,92.2,108.7,5.4,50,5.6,142,49.8,69.1,52,50,,9.498,9.553,20,0,118.1,112,153.8,112.9,4.1,3.9,35,0,100,5,49,56,24,55.69,79.45,55.34,55.32,19.62,32.86,237.2,3.74,3.8,,80,3
,50,53.6,53.2,49.94,49.5,86.15,86,89.91,89.4,88.21,61.43,53.37,53.6,41.81,18.95,297.4,-274.5,32.76,30.71,2.11,0.0593,41.18,2.797,1.257,266.5,214.9,5.1,1.3,44.4,39.6,90.7,105.7,4,49.1,4.7,142.3,51.3,67.4,47,45,,6.365,10.19,20,0,118.5,112.7,154.3,113.7,3.6,3.7,40,0,100,5,49,56,24,55.73,78.3,54.68,54.22,20.15,50.65,239,3.66,3.76,,80,3
,49,58.31,59.9,51.17,51.4,75.01,72.7,82.46,80.7,80.55,72.53,58.49,58.97,81.52,20.91,87.77,-27.16,64.26,65.89,4.333,5.956,57.46,3.932,0.8942,262.6,216,9.3,5.9,42.3,37.4,86.6,98.3,6.6,48.7,6.3,122,35.1,61.4,67,64,,-1.123,8.015,20,0,121.2,115.6,157.8,119.4,8,8.3,60.81,20.54,100,100,57,56,38.11,55.81,67.45,62.22,60.11,43.11,49.38,65.48,7.14,7.45,,80,4
,49,59.74,59.9,50.84,50.6,73.41,73.5,82.26,82.2,79.94,73.27,59.22,59.87,96.64,25.36,72.9,-1.619,80.05,75.41,5.802,1.164,64.08,4.392,0.8005,262.3,215.9,8.6,6.4,42,37.1,88.6,101.8,9.7,47.3,5.2,115.1,26.2,64.4,73,70,,1.688,7.424,20,0,120.2,115.1,160.8,123.2,8.7,9.3,67.01,21.34,100,100,57,56,38.27,55.69,68.56,64.02,61.87,47.3,64.87,-9.022,8.9,8.85,,80,4
,49,59.78,60,50.63,50.6,73.86,73.9,82.83,82.8,80.63,73.84,59.22,59.95,98.35,24.11,74.52,-0.2789,81.96,76.97,6.514,1.527,65.07,4.428,0.794,263.3,215.1,8.6,6.3,41.8,36.9,89.1,102.8,9.7,47.2,5.1,114.2,25.4,66,74,71,,2.154,7.328,20,0,119,114.2,163.8,123.2,8.9,9.4,68.22,22.15,100,100,57,56,38.43,55.69,69.17,64.22,62.08,42.91,72.83,-8.653,9.15,8.97,,80,4
,50,56.46,56.1,50.35,51.2,76.07,75.6,82.05,80.2,80.14,67.04,55.66,56.51,65.69,21,144,-99.3,54.55,47.39,7.581,0.4238,44.34,4.325,0.8129,263.8,214.1,9.1,3.5,41.8,37.2,83.8,93.3,3.8,48.5,6.6,119.5,35.9,55.4,50,48,,2.237,9.8,20,0,113.6,109.6,158.3,120.6,4.8,4.9,70,0,100,32,47,56,38,55.28,67.53,62.14,59.33,41.14,64.93,177,6.11,5.98,,80,5
,50,56.83,56.6,50.43,50,75.5,76,81.68,82.2,79.44,66.71,55.99,56.88,67.84,24.57,139.7,-96.46,57.56,49.98,8.008,0.4283,52.23,3.874,0.9075,263.4,215.8,6.9,4.6,43.1,38.2,86.6,98.3,7.7,47.8,4.9,119.9,33.3,60,59,57,,6.733,8.75,20,0,113.8,109.6,159.8,120.8,6,6.6,80,0,100,32,47,56,42,55.28,68.52,62.63,59.83,44.54,68.59,169.2,6.4,6.18,,80,5
,50,54.99,54.2,51.49,51.1,76.98,76.8,80.58,80.2,78.67,60.82,54.51,54.91,39.8,21.12,197.3,-178.6,31.39,27.12,3.588,-0.6761,38.76,2.847,1.235,265.2,215.5,7.7,2.4,43.5,38.7,82.3,90.8,3.7,50,6.6,131.2,49.2,52.8,45,43,,6.558,10.46,20,0,114.7,110.3,157.8,118,3.4,3,35,0,100,10,47,56,41.77,55.32,67.53,56.44,56.02,41.5,86.1,228.8,3.5,3.6,,80,6
,50,53.39,52.8,50.06,49.6,76.36,76.4,79.84,79.1,78.01,59.3,53.08,53.4,38.12,20.04,205,-186.9,29.67,26.9,2.828,0.05844,35.08,2.973,1.183,263,213.7,5.2,1.6,44.4,39.6,80.4,87.9,2.5,49.1,4.9,135.6,55.5,48.4,40,39,,4.014,11.04,20,0,115.1,110.3,159.3,118.7,2.9,3.2,45,0,100,10,47,56,34.56,55.28,67.53,54.77,54.22,39.25,67.88,228.5,3.33,3.48,,80,6
,50,52.86,53,50.27,50.4,75.42,75.2,78.24,77.9,76.95,58.73,52.71,53.15,31.09,14.28,200.6,-183.8,23.3,21.98,3.956,2.635,35.1,2.334,1.506,264.3,215.6,7.2,1.6,43.1,38.2,79.5,85.9,2.8,49.6,6.4,141,60.9,48.7,40,39,,7.082,11.04,20,0,116,110.5,156.3,117,2.9,2.7,45,0,100,10,47,56,21.36,55.32,69.13,54.44,53.85,24.81,94.94,235.3,2.59,2.82,,80,6
,49,57.04,57.9,50.76,50.9,71.28,70.9,77.63,77.8,75.84,67.61,56.32,57.45,68.06,19.18,88.25,-39.36,55.97,49.55,10.13,3.708,51.02,3.857,0.9115,257.5,213.9,9.3,5.1,41.6,36.7,82.9,91.8,7.4,48.3,6.7,119.9,36.8,55.2,59,57,,3.549,8.75,20,0,120.7,115.1,159.8,122.2,6.9,7.1,80,50,100,60.86,48,56,38,55.48,66.26,64.43,60.77,42.7,66.39,112.9,6.28,6.35,,80,7
,49,58.63,59.3,50.88,50.8,70.18,69.4,77.79,77.3,75.31,69.58,57.63,58.89,83.63,27.28,62.92,-6.576,69.73,60.67,11.33,2.268,56.32,4.354,0.8076,263.6,215.8,9.2,5.6,41.8,36.9,82.9,91.8,8,47.8,6.2,114.5,31.6,56.1,66,63,,2.531,8.116,20,0,119.7,114.7,157.8,120.1,7.9,8.5,80,100,100,100,56,56,65,55.44,62.01,68.11,62.98,99.78,52.92,9.418,7.75,7.61,,80,7
,49,58.67,58.8,50.14,50,69.48,69.2,77.75,77.6,74.98,69.42,57.34,58.72,90.52,30.33,60.92,-0.7266,76.24,64.32,12.35,0.4252,56.83,4.717,0.7454,262.7,214.5,8.6,5.4,41.2,36.3,83.5,92.8,8.5,47,5.8,111.3,27.6,55.5,65,62,,2.08,8.219,20,0,118.8,114.2,159.8,122.7,8.6,9,80,100,100,100,56,56,65,55.4,61.11,68.48,63.55,127.6,60.11,-14.65,8.53,8.27,,80,7
,49,58.43,58.5,49.9,49.8,69.16,68.9,77.38,77.1,74.65,69.13,57.05,58.48,90.34,29.97,60.65,-0.2798,75.68,63.48,12.62,0.4221,56.43,4.716,0.7456,263.5,212.9,8.8,5.2,41,36.1,82.3,90.8,7.9,46.8,5.6,110.5,28.1,54.5,65,62,,1.543,8.219,20,0,117.8,113.6,159.3,122.6,8.2,8.7,85,100,100,100,56,56,65,55.16,60.78,68.11,63.26,128,62.48,-12.31,8.53,8.22,,80,7
,49,58.18,58.5,49.69,49.6,68.91,68.7,77.1,77,74.29,68.8,56.77,58.35,89.62,30.78,60.02,-1.174,76.77,63.96,14.35,1.541,56.29,4.795,0.7332,262.7,217,8.8,5.6,40.8,35.9,82.6,91.3,7.7,46.6,5.8,110.1,28,54.9,65,62,,3.523,8.219,20,0,116.7,113.1,159.8,122.6,8.3,8.9,85,100,100,100,56,56,65,54.91,60.53,69.18,63.63,131.4,62.1,-17.26,8.49,8.19,,80,7
,49,58.18,58.3,49.65,49.6,68.7,68.4,76.89,76.5,74.16,68.68,56.73,58.35,90.11,30.05,60.35,-0.2805,76.26,63.23,14.55,1.524,56.07,4.782,0.7352,264.2,214.5,8.6,5.8,41,36.1,82.3,90.8,8,46.4,5.6,109.6,27.3,54.9,65,62,,2.326,8.219,20,0,116,112.7,158.8,122.1,7.9,8.7,85,100,100,100,56,56,65,54.83,60.45,68.77,63.47,128.3,65.89,-12.64,8.53,8.19,,80,7
,49,57.98,58,49.49,49.3,68.66,68.4,76.77,76.5,74.04,68.56,56.64,58.19,89.08,30,60.26,-1.18,76.08,64.12,13.85,1.894,56.14,4.765,0.7379,263.8,215.1,8.7,5.6,40.8,35.8,82.1,90.4,8,46.3,5.5,109.4,27.3,54.3,65,62,,3.336,8.219,20,0,115.3,112,159.3,122.6,7.9,8.5,90,100,100,100,56,56,65,54.79,60.41,68.11,63.14,128.1,66.87,-16.92,8.49,8.11,,80,7
,50,57.81,57.4,51.41,50.6,66.29,66.5,72.47,72.8,70.35,66.14,57.26,57.82,68.1,23.31,46.42,-1.634,57.19,52.21,5.031,0.05915,46.59,4.316,0.8147,264.4,214.4,9.5,4.8,41.3,36.4,76.9,82.9,7.1,48.2,6.5,112.9,36,46.6,52,51,,3.434,9.433,20,0,112,108.8,159.8,122.2,6.3,6.6,45,0,100,80,56,56,67,54.79,61.11,59.39,59.01,88.55,120.7,-32.98,6.4,6.18,,80,8
,50,56.3,56.1,50.02,50.1,66.13,65.6,72.18,71.4,70.48,65.85,55.99,56.39,66.83,18.82,51,-2.991,56.07,53.29,3.566,0.7899,42.9,4.595,0.7652,264.8,214.3,8.9,3.6,41.2,36.3,75,78.9,4.9,47.5,6.3,110.7,35.9,42.6,49,47,,2.151,9.926,20,0,111.8,108.6,158.8,121.6,5.8,6,50,0,100,80,56,56,50,54.83,60.37,58,57.37,81.54,85.59,-11.89,6.28,6.05,,80,8
,50,56.14,56.1,50.1,50,65.63,65.6,71.45,71.4,69.9,65.44,55.99,56.35,63.64,16.89,48.82,-2.071,54.32,53,3.228,1.903,43.43,4.398,0.7995,262.8,216.1,9,3.6,41,36.1,75,78.9,6.1,47.7,6.5,111.3,36.3,43.1,50,48,,4.768,9.8,20,0,111.8,108.6,156.8,118.8,5.8,6.1,50,0,100,80,56,56,50,54.83,61.51,57.88,57.2,60.61,77.47,-22.46,6.04,5.82,,80,8
,50,56.01,56.1,49.9,50,65.59,65.3,71.41,71.1,69.9,65.36,55.78,56.14,64.32,16.61,50.25,-2.547,55.13,53.07,3.232,1.167,43.16,4.491,0.7828,265.6,216.4,9.2,3.9,40.8,35.8,75,78.9,6,47.5,6.9,111.3,36.3,43.1,49,47,,4.805,9.926,20,0,111.6,108.4,157.8,120.6,5.7,6.1,50,0,100,80,56,56,47,54.87,61.43,57.71,57.04,60.75,77.57,-14.88,6.11,5.82,,80,8
,50,54.5,54.1,49.73,50,65.96,65.4,70.5,69.4,68.88,61.92,54.19,54.5,50.37,18.01,77.13,-44.77,42.83,40.04,2.855,0.05953,35.83,4.203,0.8365,266.1,215.8,6.9,2.5,42.9,38,71.9,74,3.2,48.5,5.7,114.9,42.8,35.8,42,40,,5.271,10.89,20,0,111.8,108,156.8,114.3,4.1,4.1,30,0,100,40,47,56,67,55.12,59.02,55.5,55.2,110.8,68.51,128,4.77,4.54,,80,9
,50,53.88,53.9,50.02,50,64.36,63.9,68.38,67.5,66.79,60.57,53.74,54.05,44.39,17.52,68.84,-41.97,34.69,33.37,2.851,1.529,34.93,3.492,1.007,265.6,215.5,8.8,2.4,41.2,36.3,69.9,71,3.4,48.7,7.4,119.5,49.6,35.1,40,39,,0.5229,11.04,20,0,111.6,108.2,154.8,117.7,3.8,3.9,30,0,100,40,47,56,67,54.99,58.24,54.97,54.63,129.5,68.42,136.9,3.86,4.02,,80,9
,50,53.52,54.1,50.43,51.1,63.26,62.3,66.41,65.3,65.36,59.79,53.49,53.85,34.84,11.62,61.52,-38.31,27.69,27.47,3.218,2.999,31.83,3.058,1.15,265.3,215.4,9.3,2.3,41.6,36.7,67.4,67.5,1,49.5,7.9,122.5,55.3,30.6,36,35,,5.479,11.7,20,0,111.8,108.4,152.8,115.1,3,3.2,20,0,100,40,47,56,47,54.95,58.12,54.6,54.26,88.12,77.22,146.9,3.09,3.15,,80,9
,44,54.74,54.7,46.09,45.8,80.21,81.3,87.95,89.4,86.36,70.48,53.98,54.83,85.74,17.55,176,-107.8,77.55,70.73,7.616,0.7928,69.53,3.921,0.8966,266,215.1,5.5,3.6,40.6,35.6,93,110.2,7.4,43.8,3.4,116,23,74.3,80,77,,13.51,6.768,20,0,113.3,109.4,162.3,126,8.1,8.8,50,0,100,35,49,56,25,55.36,78.42,59.6,57.45,18.26,85.14,159.1,8.65,7.74,,80,10
,44,54.21,54.4,45.72,45.4,82.18,82.3,89.99,90.5,88.21,70.81,53.78,54.42,86.76,19.84,193.1,-126.1,75.94,72.06,5.77,1.89,70.09,3.809,0.923,266.3,214.7,5.1,3.2,40.4,35.3,93.5,111.2,6,43.6,3.3,118.3,24.8,75.8,81,78,,10.51,6.677,20,0,113.1,109.6,164.7,128.4,8.2,9,50,0,100,35,49,56,25,55.4,77.32,57.47,56.06,21.72,98.23,166.9,8.49,7.81,,80,10
,44,54.17,54.4,45.68,45.6,82.67,82.7,90.65,90.8,88.78,71.14,53.78,54.42,88.31,20.69,195.2,-127.6,75.67,72.17,5.749,2.248,69.78,3.813,0.9221,265.5,213.9,5.6,3.3,40,35,93.7,112.2,6,43.4,3.3,119.2,25.5,77.1,80,77,,8.15,6.768,20,0,113.3,109.4,163.3,127.4,8,8.8,50,0,100,35,49,56,25,55.4,77.61,57.67,56.06,22.36,85.46,167.4,8.49,7.98,,80,10
,44,54.62,54.9,46.33,46.3,82.63,82.7,90.53,90.5,88.62,71.3,54.35,54.83,87.97,21.28,192.8,-126.1,74.2,71.78,4.31,1.892,70.45,3.703,0.9495,267.2,214.9,6.9,4,39.4,34.5,94.5,113.2,7.1,43.6,3.8,120.9,26.4,78.1,82,79,,7.119,6.586,20,0,113.1,109.2,161.8,126.7,8,8.6,45,0,100,35,49,56,25,55.4,77.48,56.89,56.02,23.13,103.4,167.8,8.29,7.9,,80,10
,44,51.84,50.8,45.02,44.1,86.31,86.3,93.11,93,90.29,64.63,51.24,51.68,75.36,31.18,284.7,-240.5,60.89,55.55,3.937,-1.405,65.76,3.256,1.08,266.2,214.5,4.1,3.2,40,35,96.2,116.6,5.7,42.9,3.1,126.3,30.4,81.1,76,73,,5.629,7.139,20,0,114,109.2,162.8,126.9,6.7,6.7,70,0,100,20,49,56,40,55.65,75.07,55.09,53.31,38.53,53.14,214.2,6.82,6.8,,80,11
,44,49.99,50.1,44.08,44.4,85.66,84.7,91.75,90.1,89.64,63.19,49.4,50.29,67.43,23.39,292.4,-248.4,53.01,47.65,7.989,2.63,55.69,3.347,1.051,265.4,215.2,5,3.6,39.4,34.5,93.7,111.7,4.7,42.7,3.5,127.1,33.4,77.4,64,61,,2.095,8.323,20,0,114,109.4,159.8,123.9,5.3,5.7,70,0,100,20,49,56,24,55.61,75.11,55.22,52.86,28.78,81.53,222.1,5.91,6.09,,80,11
,44,50.94,51.1,45.07,44.8,84.76,84.8,90.69,90.8,88.53,63.15,50.34,51.15,65.48,23.79,280,-238.3,52.26,46.94,7.202,1.882,59.37,3.095,1.136,264.8,213.7,4.8,3.7,40,35,94.5,113.2,7.3,43.2,3.2,128.5,34,78.4,68,65,,5.605,7.914,20,0,114.2,109.4,161.8,125.7,5.9,6.3,65,0,100,20,49,56,24,55.61,77.85,56.16,53.77,25.67,72.25,220.4,5.87,5.93,,80,11
,44,50.73,50.8,44.74,44.4,85.25,85.1,91.3,91.2,89.11,63.27,50.13,50.98,67.56,24.5,288.1,-245,53.75,48.39,7.622,2.263,60.01,3.149,1.117,267.6,215.2,4.3,3.8,40.1,35.1,94.8,113.7,6.5,43.2,3.1,127.4,32.6,78.6,69,66,,4.821,7.814,20,0,114.7,109.4,161.3,125.2,6.1,6.4,70,0,100,20,49,56,27,55.65,76.99,55.95,53.6,27.55,77.79,222.7,5.99,6.05,,80,11
,45,50.65,50.9,44.9,45.4,85.21,86.5,90.73,90.3,88.86,63.19,50.05,50.94,61.19,20.71,284.2,-243.8,51.72,46.34,8.017,2.639,46.31,3.927,0.8954,265.8,216,5.4,2.4,40.4,35.4,92.7,109.7,5.2,43.6,3.2,127.9,35.5,74.9,51,49,,6.057,9.675,20,0,115.3,110.1,158.8,122.1,3.8,5.1,30,0,100,5,49,56,39,55.69,77.77,55.22,53.52,22.5,113.4,222.4,5.75,5.52,,80,12
,45,49.83,49.5,45.84,45.4,85.62,85.4,89.75,89.6,87.92,59.02,49.56,49.92,45.86,20.29,320.7,-295.1,35.54,33.14,3.197,0.7894,48.45,2.579,1.363,266.3,214,4.6,2.6,40.8,35.8,92.2,108.7,5,44.8,4,135.9,43.7,72.9,55,53,,7.545,9.199,20,0,115.7,110.3,161.8,125.4,4,4.1,30,0,100,5,49,56,22,55.69,77.69,50.63,50.61,22.14,76.72,238.8,3.99,4.13,,80,12
,45,48.56,48.3,44.82,44.8,85.94,85.3,89.87,88.9,88.29,57.95,48.41,48.69,43.59,17.56,336.6,-310.5,33.24,31.93,2.458,1.15,43.07,2.713,1.296,266.3,213.2,4.5,2.1,40.3,35.3,91,106.2,3.7,44.3,4.2,137.8,46.4,70.9,49,47,,4.355,9.926,20,0,116,110.3,158.3,122,3.6,3.5,30,0,100,5,49,56,19,55.69,78.18,49.12,49.14,18.74,59,241,3.74,3.93,,80,12
,45,48.72,48.8,45.43,45.4,84.88,84.7,88.4,88,87.06,57.83,48.74,48.98,39.25,14.92,326,-301.7,29.37,29.52,2.104,2.253,44.02,2.346,1.499,267.7,214.2,4.8,2.5,40.6,35.6,90.5,105.2,4.2,44.6,4.2,142,51.2,69.8,50,48,,6.721,9.8,20,0,116.4,110.5,159.8,123.4,3.3,3.4,30,0,100,5,49,56,16,55.69,79.65,49.32,49.26,14.94,50.5,243.4,3.29,3.52,,80,12
,44,54.29,54.9,46.13,45.8,77.06,76.7,85.2,84.9,83.37,70.81,54.39,54.55,90.39,20.29,139.4,-69.34,73.59,74.48,1.387,2.274,66.92,3.867,0.9093,266.3,216.4,6,6.1,39.8,34.8,91,106.2,8.7,43.4,3.4,116.9,25.7,71.2,78,75,,2.476,6.952,20,0,117.4,112.2,160.3,124.4,8.4,9.1,0,0,100,53.9,49.85,56,28.17,55.81,73.55,54.64,54.67,27.45,33.3,124,8.16,8.14,,80,13
,44,54.66,54.9,45.6,45.4,76.16,75.2,85.24,84.2,83.37,72.28,54.64,54.83,100.3,20.64,122.4,-42.76,81.3,81.08,1.747,1.529,67.73,4.22,0.8331,264.9,215.3,6,6,39.4,34.5,90.2,104.7,7.7,43,3.6,114.5,24.3,70.2,78,75,,0.2502,6.952,20,0,116.4,111.8,159.3,124,8.8,9.5,50,0,100,70,53,56,40,55.81,72.61,55.01,54.95,29.49,41.92,89.48,9.06,9.08,,80,13
,44,53.35,52.8,46.33,45.8,75.95,76,82.83,82.7,80.34,65.24,52.67,53.32,76.13,27.5,167.2,-118.6,62.71,56.64,5.766,-0.3063,55.64,3.963,0.8873,265.7,214.5,6.5,4.7,39.4,34.5,87.2,99.3,7.4,43.6,4.4,116.2,28.8,65,64,61,,3.16,8.323,20,0,112,108,159.3,124,6.5,6.9,70,0,100,30,48,56,46,55.44,66.67,57.47,55.49,58.77,69.78,175.7,7.02,6.88,,80,14
,44,52,51.7,45.07,44.8,76.07,76,82.95,82.7,80.55,64.46,51.28,52.13,75.88,26.5,177.5,-128.1,61.87,55.45,7.583,1.155,55.86,3.894,0.9029,264.8,214.1,5.2,4.5,39.4,34.5,87.2,99.3,6.7,42.9,3.4,116,28.5,64.2,64,61,,2.486,8.323,20,0,111.8,108.2,159.3,123.7,6.7,7.1,75,0,100,30,48,56,46,55.4,67.66,57.22,54.67,51.91,71.19,182.1,6.93,6.88,,80,14
,44,51.26,51.1,44.37,44.1,75.91,75.9,82.79,82.5,80.39,64.05,50.5,51.39,76.05,26.56,180.6,-131.1,61.91,55.07,7.999,1.162,55.72,3.907,0.9,265.4,215.5,4.9,4.4,39.2,34.3,86.9,98.8,6.2,42.5,3.3,115.3,28.4,65,64,61,,2.24,8.323,20,0,111.6,108,160.8,123.3,6.6,7.1,80,0,100,30,48,56,46,55.36,67.78,56.94,54.26,51.34,71.66,184.5,6.89,6.88,,80,14
,45,50.4,50,46.99,46.4,75.83,76.2,79.43,79.9,77.72,57.58,50.17,50.49,39.79,18.85,222.6,-201.6,30.45,28.41,2.833,0.7898,40.78,2.625,1.339,265.2,214.1,5.4,2.4,41.2,36.3,82.3,90.8,4.2,45.4,4.4,129,46.7,54.5,46,44,,5.663,10.32,20,0,111.6,107.3,158.8,121.2,3.5,3.4,10,0,100,10,48,56,35,55.28,69.5,51.12,51.14,31.82,68,231.3,3.41,3.6,,80,15
,45,48.77,48.2,45.23,44.8,76.2,76.2,79.88,79.7,78.13,56.19,48.54,48.73,40.77,19.34,242.9,-221.5,31.71,29.66,1.746,-0.3079,40.06,2.783,1.263,265.7,215.2,4,2.4,40.8,35.9,82.1,90.4,4.3,44.4,3.6,130.7,48.6,54.5,46,44,,5.71,10.32,20,0,112.2,107.7,157.8,120.6,3.5,3.4,20,0,100,10,48,56,35,55.28,68.15,49.2,49.22,36.07,41.89,233.2,3.54,3.68,,80,15
,45,48.07,48.3,45.52,45.8,74.89,74.4,77.83,77.5,76.74,55.58,48.17,48.4,32.9,12.19,236.4,-215.6,22.83,23.71,2.106,2.987,36.22,2.215,1.587,268,214.5,5,2,40.8,35.8,79.5,85.9,2.5,45.3,4.5,135,55.5,50.1,40,39,,0.6943,11.04,20,0,113.1,108.2,158.3,121.2,3.1,2.5,15,0,100,10,48,56,17,55.32,68.93,48.58,48.65,21.51,50.55,241.1,2.55,2.94,,80,15
,44,55.32,55.2,45.88,45.4,69.24,68.7,78.53,78.4,75.64,69.05,54.51,55.36,102,31.78,72.35,-2.077,84.06,76.91,7.574,0.424,65.94,4.482,0.7844,263.6,213.9,6.7,6.5,38.6,33.8,84.9,95.3,9,42.5,3.9,109.6,24.5,61.5,75,72,,0.7474,7.233,20,0,116.9,112.4,159.8,125.5,9.5,9.8,80,30,100,90,57,56,60,55.48,61.92,61.97,58.68,118.4,55.2,-16.6,9.44,9.29,,80,16
,44,54.54,54.4,44.74,44.4,68.99,68.7,78.57,78.3,75.76,68.97,53.61,54.55,105.5,30.96,74.8,-0.2806,87.61,79.34,8.329,0.05974,65.01,4.738,0.7421,264.3,214.5,6.1,6.3,38.5,33.5,84.6,94.8,8.4,41.9,3.6,108,23.1,61.4,75,72,,0.5852,7.233,20,0,115.7,112,160.8,126.8,9.6,10,90,30,100,90,57,56,60,55.4,61.84,61.15,57.9,115.4,61.46,-16.02,9.8,9.58,,80,16
,44,53.97,53.9,44.25,43.9,68.66,68.4,78.08,77.6,75.35,68.52,53.12,54.09,102.8,29.8,74.6,-1.619,87.07,79.52,8.714,1.16,64.68,4.733,0.7428,262,215,5.9,6.2,38,33.2,84,93.3,8.1,41.4,3.4,106.9,22.9,60.1,74,72,,2.618,7.233,20,0,114.9,111.6,159.3,125.1,9.2,10,90,30,100,90,57,56,60,55.16,61.56,60.87,57.57,111.8,63.51,-17.27,9.72,9.42,,80,16
,44,53.27,53.3,44.45,44.3,66.29,66.1,74.8,74.6,72.44,66.22,52.34,53.4,93.68,25.98,68.43,-0.7303,79.38,71.05,9.492,1.165,57.64,4.842,0.7262,264.1,216,7.2,5.5,37.1,32.4,80.1,86.9,8.1,41.4,4.3,105.3,24.9,55,66,63,,2.227,8.116,20,0,110.7,108.2,156.3,123.1,8.5,9,90,30,100,90,57,56,60,54.91,60.41,60.17,56.84,113.4,68.33,-10.08,8.82,8.51,,80,17
,44,53.15,53.2,44.41,44.3,66.33,66.1,74.72,74.4,72.4,66.22,52.26,53.36,92.97,25.71,68.45,-1.189,78.13,70.22,9.798,1.89,57.7,4.761,0.7386,265.9,214.6,7.1,5.7,37.2,32.5,80.1,86.9,8.2,41.2,4,105.1,24.7,54.9,66,63,,1.688,8.116,20,0,110.5,108,158.8,125.9,8.3,8.9,90,30,100,90,57,56,60,54.91,60.41,60.13,56.84,112.2,71.4,-6.862,8.74,8.39,,80,17
,45,53.06,53.2,44.33,44.4,66.33,66.7,74.64,74.4,72.36,66.18,52.26,53.28,90.53,24.83,67.31,-1.615,78.62,71.4,9.122,1.902,49.4,5.595,0.6284,261.5,216,5.8,3.8,38.6,33.8,78.2,83.9,6,41.7,3.1,105.1,27.1,50.4,56,54,,2.361,9.084,20,0,110.3,107.5,159.8,125,7.7,8.6,45,0,100,55,49,56,67,54.91,60.41,59.88,56.67,108.4,68.17,-15.86,8.73,8.31,,80,17
,45,52,51.6,44.82,44.4,66.53,66.2,73.58,72.7,71.34,63.52,51.44,52.05,78.25,24.88,86.88,-33.5,63.84,58.9,5.372,0.4225,45.43,4.942,0.7115,266.7,213.4,5,3.9,39.2,34.3,76.6,81.4,4.9,42.4,3,106.7,30.1,46.4,52,50,,-1.903,9.553,20,0,110.1,107.1,155.8,120.3,6.5,7.2,45,0,100,55,49,56,60,54.91,59.79,54.44,53.6,122.2,128.9,85.92,7.18,7.05,,80,17
,45,51.75,51.9,45.56,45.6,65.63,65.3,71.65,71.4,70.03,62.66,51.53,52.01,67.43,18.2,82.55,-33.32,55.47,53.42,4.308,2.258,44.88,4.345,0.8092,268.9,214.8,7.3,3.9,38.3,33.5,75.3,79.4,5.5,43.2,4.9,108.6,33.4,46,51,49,,1.195,9.675,20,0,109.8,106.9,155.8,121.1,6,6.3,40,0,100,55,49,56,47,54.91,61.35,53.82,53.07,67.83,103.4,94.91,6.19,6.02,,80,17
,45,49.99,50,45.27,45.6,65.96,65.1,70.59,69.5,69.33,59.88,49.93,50.21,51.02,13.85,104.3,-67.13,41.7,41.13,2.442,1.866,38.08,3.85,0.9132,264.8,211.9,7.6,3.3,38,33.2,72.8,75.5,3,44.1,5.8,111.1,38.9,41.1,44,42,,2.96,10.6,20,0,109.6,106.7,152.3,118.1,4.2,4.4,0,0,100,32.76,47.52,56,47,55.12,60.04,50.55,50.57,67.5,58.61,160.4,4.72,4.63,,80,18
,45,49.46,49,44.9,44.4,66,66.1,70.46,70,68.92,58.2,49.31,49.51,49.26,17.03,118.4,-86.19,40.79,39.48,1.743,0.4257,36.71,3.907,0.9,265,214.7,4.3,2.5,40.3,35.3,72.5,75,3.9,43.6,3.3,114,41.5,39.7,43,41,,4.007,10.74,20,0,109.6,106.5,155.3,120.4,3.9,4.2,0,0,100,26.55,47.1,56,54,55.12,60.74,49.85,49.88,72.71,41.82,176.7,4.56,4.46,,80,18
,45,48.48,48.3,44.94,44.9,65.88,65.6,69.48,69.2,68.14,55.99,48.41,48.69,39.6,14.71,133.7,-108.8,31.7,31.11,2.48,1.895,35.07,3.178,1.106,263.9,215.2,5.6,2,39.2,34.3,71.2,73,3.5,44.1,4.9,118.5,47.3,38.8,40,39,,5.247,11.04,20,0,110.1,106.5,153.3,118,3.6,3.5,35,0,100,23,47,56,50,55.07,60.53,49.61,49.22,64.68,59.53,202.5,3.54,3.6,,80,18
,39,50.57,50.3,41.75,41.2,80.17,80,88.56,88.5,86.45,68.39,50.22,50.66,92.9,23.42,199.8,-130.4,79.13,75.97,3.952,0.7945,73.91,3.764,0.9341,265.7,215.4,3.8,3.2,37.6,32.9,91.7,107.7,5.7,38.5,1.1,115.7,24,75,86,82,,7.808,6.317,20,0,112,108.8,162.3,128.9,8.5,8.9,40,0,100,36,49,56,30.23,55.4,74.13,52.1,51.6,30.02,94.85,164.7,8.82,8.39,,80,19
,39,49.91,49.6,41.09,40.9,80.13,79.9,88.64,88.3,86.49,68.15,49.64,50.04,93.83,23.77,202.1,-132,78.43,76.03,3.553,1.152,74.39,3.707,0.9485,264.5,213.5,4,3.2,36.9,32.1,92,108.2,5.6,38,1.3,116,23.7,75.3,87,83,,6.132,6.228,20,0,111.8,108.4,159.3,126.7,8.4,8.9,45,0,100,36,49,56,30.44,55.4,73.92,51.49,50.94,30.8,85.28,165,8.82,8.51,,80,19
,39,49.46,49.5,40.68,40.4,79.96,79.9,88.56,88.2,86.36,67.9,49.23,49.63,95.13,24.32,204.3,-133.5,79.33,77.26,3.611,1.54,74.56,3.741,0.9398,265.6,216.9,4,3.3,36.5,31.9,91.5,107.2,5.5,37.5,1.2,116.2,24.5,75.3,87,83,,5.687,6.228,20,0,111.6,108.4,160.8,128.1,8.3,9,45,0,100,36,49,56,30.64,55.44,73.88,51.16,50.57,31.65,86.66,165.1,8.78,8.6,,80,19
,40,46.68,46.4,40.03,39.8,81.15,80.8,87.91,87.3,85.59,61.64,46.37,46.81,74.96,25.75,265.8,-216.6,59.29,56.51,3.927,1.155,61.44,3.393,1.036,266.4,214,3.6,4.4,36.2,31.6,91.7,107.7,6.1,38.5,2.3,118.5,26.8,76.6,71,68,,2.4,7.617,20,0,110.3,106.5,160.8,128.1,6.3,6.6,49.22,0,100,23,49,56,26,55.44,72.12,48.66,47.99,37.06,94.26,209.7,6.65,6.76,,80,20
,40,46.06,46.1,39.87,39.9,80.78,80.4,87.05,86.1,85.14,61.02,45.87,46.27,68.94,21.03,265.5,-217.5,55.41,53.73,3.572,1.89,56.33,3.458,1.017,264.2,214.6,3.4,3.8,36.5,31.9,89.9,104.2,5.9,38.7,2.2,117.8,27.6,72.1,65,62,,3.608,8.219,20,0,110.3,106.3,156.8,123.8,5.7,6.2,48.55,0,100,23,49,56,26,55.4,73.63,48.13,47.42,27.69,85.74,210.7,6.19,6.27,,80,20
,40,46.39,46.8,40.52,40.5,80.09,79.9,86.06,85.4,84.4,60.86,46.2,46.68,66.01,18.39,260,-212.4,52.68,50.99,4.32,2.632,55.61,3.331,1.056,265.1,215.4,4.3,4,36.2,31.6,89.4,103.2,5.9,39.1,3.1,120.4,30.8,71.6,64,61,,3.765,8.323,20,0,110.3,106.3,158.8,126.1,5.5,6.1,42.88,0,100,23,49,56,23,55.44,74.74,48.46,47.71,22.87,103.7,213.1,5.87,5.97,,80,20
,40,46.43,46.4,40.23,39.9,80.66,80.8,86.96,86.8,85.14,61.06,46.24,46.64,69.89,20.28,266.9,-217.3,55.51,53.83,3.579,1.893,60.04,3.251,1.081,266.1,215,2.4,4.2,37.4,32.7,91,106.2,6.9,38.7,1,117.6,26.6,73.3,69,66,,3.858,7.814,20,0,110.5,106.5,160.8,126.8,6,6.3,47.21,0,100,23,49,56,26,55.44,75.15,48.5,47.75,24.7,85.88,212.4,6.2,6.3,,80,20
,40,44.96,44.6,41.01,40.7,80.91,80.7,85.2,84.8,83.42,55.21,44.81,45.09,48.04,19.99,315.3,-287.3,35.29,33.98,2.475,1.158,46.6,2.663,1.32,268.3,214.7,3.6,2.6,37.1,32.4,87.4,99.8,4.2,40.1,3,128.2,40.8,67.9,52,50,,1.066,9.553,20,0,111.3,106.9,158.8,125.4,4.1,3.9,15,0,100,8,49,56,23,55.61,72.94,45.51,45.54,27.68,59.39,239.4,3.95,4.29,,80,21
,40,44.02,43.8,40.15,39.9,81.03,80.8,85.29,84.9,83.54,54.23,43.91,44.1,47.24,19.39,325.3,-297.5,34.46,33.51,1.737,0.7896,46.52,2.604,1.35,266.4,214.1,2.8,2.6,37.1,32.4,88,100.8,4.8,39.6,2.7,129.6,42.1,68.1,52,50,,0.9571,9.553,20,0,111.8,107.1,157.8,124.6,4.1,3.9,20,0,100,8,49,56,23,55.57,74,44.45,44.55,25.24,41.68,238.9,3.87,4.26,,80,21
,40,43.44,43.4,39.82,39.8,80.66,80.4,84.71,84.3,83.17,53.9,43.46,43.69,45.01,17.13,325.2,-297.3,32.47,32.62,2.115,2.264,44.96,2.539,1.385,266.6,215.4,1.9,1.7,37.7,33,86,97.3,3.9,39.6,2,130.7,43.8,64.4,51,49,,0.5405,9.675,20,0,112,107.1,157.8,123.8,3.9,3.8,20,0,100,8,49,56,23,55.57,73.76,43.87,43.94,22.61,50.76,239.9,3.62,4.05,,80,21
,39,49.71,50,40.89,40.5,71.45,70.3,80.29,79.2,78.3,67.61,49.72,49.96,99.32,22.38,120,-43.06,78.87,79.02,2.108,2.257,67.25,4.124,0.8526,269.6,214.7,4.2,5.5,36.3,31.7,85.5,95.3,7.4,37.8,1.7,107.7,22,63.6,78,75,,-1.337,6.952,20,0,113.3,109,157.8,125.2,8.9,9.5,50,0,100,85,57,56,53,55.93,67.21,50.1,50.12,47.66,50.59,92.06,8.82,8.84,,80,22
,39,48.68,47.7,41.46,40.7,71.28,70.9,78.57,77.9,76,62.13,48.29,48.57,80.69,28.42,153.7,-101.4,64.43,60.93,2.468,-1.037,54.45,4.161,0.8451,265.8,214.1,3.6,4.2,36.9,32.2,82.6,91.3,6.1,39.4,2.5,108.8,26.2,58.6,61,59,,-0.9629,8.534,20,0,109,105.9,158.8,126.2,6.8,7.2,30,0,100,33,48,56,51.69,55.52,62.87,49.12,49.18,92.9,59.24,160.4,7.22,7.29,,80,23
,39,46.55,46.1,39.66,39.2,70.92,70.4,77.79,77.5,75.68,60.82,46.33,46.64,76.18,23.44,164.6,-111.9,61.51,59.47,2.834,0.7895,52.83,4.094,0.8588,265.9,214.2,3.8,4.2,35.4,30.9,81.5,89.4,5.9,38,2.8,108.2,26.5,58.5,59,57,,0.4705,8.75,20,0,108.8,105.9,157.3,125.2,6.9,6.9,40,0,100,33,48,56,47.42,55.44,64.09,47.76,47.42,65.01,68.01,169.8,6.89,6.87,,80,23
,39,45.69,45.8,39.09,38.9,70.59,70.3,77.26,76.7,75.35,60.37,45.55,45.99,74.21,21.25,166.6,-113.7,59.09,57.77,3.939,2.623,51.33,4.048,0.8686,266.9,214.6,2.7,4.3,36.2,31.6,81,88.4,6,38,2,108.4,27.4,57,58,56,,-0.7076,8.86,20,0,108.6,105.5,158.3,125.9,6.4,6.9,40,0,100,33,48,56,44.15,55.44,64.71,47.23,46.76,55.05,94.53,174.4,6.6,6.67,,80,23
,40,44.59,44.4,41.09,40.9,70.87,70.8,74.64,74.6,73.18,53.45,44.52,44.76,41.73,16.19,218.7,-193.1,31.2,30.62,2.103,1.521,38.71,2.834,1.241,266,214.2,3.6,2,37.1,32.4,76.6,81.4,4.1,40.2,3,119,42.1,50,45,43,,1.152,10.46,20,0,108.4,105.1,155.8,121.8,3.7,3.7,20,0,100,15,48,56,37.84,56.96,65.32,45.14,45.25,46.44,50.48,228.8,3.5,3.77,,80,24
,40,43.81,43.6,40.4,40.1,71.24,71.1,74.97,74.9,73.55,52.75,43.75,43.98,41.33,15.75,230.8,-205.2,30.27,29.69,2.09,1.511,38.86,2.738,1.284,266.3,212.8,2.7,2,37.4,32.7,76.9,81.9,3.8,39.9,2.7,121.7,44.8,49.7,44,42,,-0.01677,10.6,20,0,108.8,105.3,157.3,123.5,3.8,3.7,25,0,100,15,48,56,41.71,57.29,65.45,44.28,44.35,46.33,50.17,232.1,3.41,3.73,,80,24
,40,43.16,43.4,40.44,41,71.04,69.7,74.07,72,73.3,52.34,43.21,43.49,33.7,8.508,233.3,-208.1,24.28,24.79,2.471,2.986,32.54,2.623,1.34,267.1,214.5,1.8,1.2,39.2,34.3,73.2,76,0.4,40.5,1.1,123.5,50.3,42.2,37,36,,-0.5088,11.53,20,0,109.4,105.5,153.3,117.7,2.3,2.2,15,0,100,15,48,56,31.58,57.53,65.4,43.63,43.73,25.94,59.31,238.7,2.72,3.03,,80,24
,39,49.91,49.8,41.01,40.4,65.39,65.4,74.03,74.1,72.03,65.24,49.64,50,95.11,21.94,74.8,-1.632,80.05,77.62,3.225,0.7963,61.38,4.585,0.7669,264.3,215.9,5.1,6.3,35.4,30.9,80.4,87.4,8.1,38.4,3.1,103.9,23.7,56.5,70,67,,2.513,7.715,20,0,112.4,109,156.3,125.7,8.8,9.3,50,0,100,90,57,56,73,59.46,62.91,51.53,50.86,152.6,77.39,-9.94,8.9,8.64,,80,25
,39,49.3,49.3,40.03,39.8,65.59,65.6,74.52,74.4,72.61,65.53,49.07,49.51,98.61,21.11,78.23,-0.7327,82.5,80.46,3.921,1.881,62.02,4.677,0.7518,265.2,213.6,4.2,6.3,35.4,30.9,80.7,87.9,8.2,36.8,1.4,103.3,22.4,56.5,72,69,,1.554,7.52,20,0,112,108.8,158.8,127,8.8,9.5,55,0,100,90,57,56,73,59.62,63.03,51.45,50.53,148.6,94.09,-7.571,9.27,8.93,,80,25
,40,48.68,48.3,41.22,40.7,67.23,67.2,74.56,74.4,72.65,62.62,48.41,48.73,79.95,20.85,109.4,-50.32,66.79,64.37,2.841,0.4255,52.69,4.456,0.789,261.9,214.7,3.8,5.1,36.9,32.2,79.5,85.9,6.7,39.2,2.5,105.1,25.6,53.7,59,57,,2.278,8.75,20,0,108,105.5,158.3,122.9,7.2,7.6,25,0,100,50,48,56,73,60.19,63.52,49.24,49.26,150.3,68.17,107.8,7.46,7.33,,80,26
,40,47.7,47.7,40.48,40.2,66.99,66.7,74.15,73.6,72.32,62.09,47.59,47.87,79.3,20.25,113.3,-54.22,64.51,63.56,2.472,1.523,51.18,4.432,0.7933,265.7,214.4,5.4,4.6,35,30.5,78.2,83.9,6.9,38.5,3.5,105.3,27.1,53.6,58,56,,-0.294,8.86,20,0,107.7,105.3,156.3,124.7,7.1,7.3,30,0,100,50,48,56,73,60.23,63.4,48.34,48.24,153.5,59.33,116.6,7.22,7.16,,80,26
,40,47.21,47,39.99,39.8,66.58,66.5,73.78,73.5,71.95,61.68,47.14,47.38,78.87,20.02,112.5,-53.62,64.3,63.72,2.099,1.517,51.79,4.365,0.8054,262.7,213.7,4.4,4.7,35.4,30.9,78.2,83.9,6.7,38.4,3,105.1,26.7,53.3,58,56,,0.2021,8.86,20,0,108,105.1,158.8,126.7,7.1,7.2,30,0,100,50,48,56,73,60.23,63.48,47.93,47.83,148,50.36,113.9,7.22,7.2,,80,26
,40,46.92,47.2,40.15,40.1,66.21,65.9,72.96,72.2,71.42,61.35,46.94,47.26,74.49,17.01,111,-53.57,60.96,61.11,2.859,3.009,48.2,4.446,0.7907,264.7,216.1,4,4.3,36.2,31.6,76.6,81.4,5.8,38.9,2.5,104.7,28.3,49.8,54,52,,0.2382,9.315,20,0,107.5,105.3,157.8,125.2,6.4,7,30,0,100,50,48,56,60,60.23,63.56,47.68,47.58,122.7,68.62,119,6.77,6.75,,80,26
,40,45.65,45.3,41.34,41,67.76,67.6,72.14,71.8,70.6,55,45.51,45.74,48.31,17.01,172.1,-140.8,38.39,37.08,2.097,0.7868,39.63,3.406,1.032,264.8,213.6,4,2.4,36.9,32.2,74.7,78,4.6,40.2,3.2,112.7,37.7,45.6,45,43,,2.806,10.46,20,0,107.7,104.9,156.8,123.9,4.2,4.4,15,0,100,22,47,56,73,60.48,63.15,46.04,46.11,152.7,50.33,207.7,4.31,4.38,,80,27
,40,44.47,44.1,40.32,39.9,67.84,67.6,72.22,72,70.68,54.14,44.36,44.6,48.33,17.02,182.5,-151.2,37.12,36.17,2.107,1.158,39.58,3.297,1.066,264.8,214.7,3,2.7,36.9,32.2,74.7,78.4,4.6,39.6,2.9,114.9,39.9,46.3,45,43,,0.1058,10.46,20,0,107.7,104.9,155.8,122.4,4.2,4.2,25,0,100,22,47,56,73,60.48,63.15,44.86,45,152.8,50.58,212.4,4.15,4.38,,80,27
,40,43.85,43.8,39.99,39.9,67.44,67,71.57,71.1,70.27,53.78,43.83,44.06,45.6,14.3,182,-150.7,34.43,34.21,2.1,1.884,38.02,3.184,1.104,264.8,213.9,2.6,2.4,37.2,32.5,73.5,76.5,3.7,39.8,2.6,115.6,42.1,44.3,44,42,,-0.7891,10.6,20,0,108.2,105.1,156.3,122.6,4.1,4,25,0,100,22,47,56,73,60.56,63.03,44.28,44.35,139.1,50.4,215,3.86,4.13,,80,27
,49,62.15,62.3,53.42,53.3,84.59,84.9,92.53,93.4,91.03,77.48,61.84,62.37,86.71,16.39,147.9,-77.62,78.18,75.4,4.674,1.891,71.5,3.844,0.915,262.1,214.8,9,5.1,44.3,39.5,98.5,121.1,8.6,50.4,5.8,124.5,26.3,80.8,84,80,,13.61,6.496,20,0,110.9,101.7,158.8,118.3,8.6,9,35,0,100,46,49,56,27,59.86,82.15,64.63,63.63,17.65,112.1,128.5,8.73,7.94,,70,1
,49,62.07,62,53.17,52.8,85.12,85.1,93.43,93.7,91.52,77.61,61.84,62.2,90.82,20.88,152.1,-82.16,79.95,77.89,3.221,1.164,74,3.796,0.926,262.3,215.6,9,5.3,43.8,39,99,122.1,8.4,49.8,6.2,125.7,26.7,83.3,87,83,,11.23,6.228,20,0,112,103.5,159.8,119.5,8.8,9.2,35,0,100,46,49,56,27,59.7,80.59,63.41,62.86,23.99,77.3,128,8.9,8.31,,70,1
,49,61.62,61.7,52.6,52.4,85.33,85.1,93.97,94.3,91.89,77.69,61.43,61.75,94.36,22.66,155.2,-83.48,81.21,79.52,2.859,1.165,75.6,3.775,0.931,262.2,216,9.1,4.9,43.3,38.5,99.2,122.6,8.7,49.1,5.9,126.3,27.1,84.6,89,85,,8.866,6.052,20,0,112.4,104.9,160.8,121.3,9.2,9.3,35,0,100,46,49,56,27,59.58,80.47,62.95,62.45,26.03,68.6,127.8,9.02,8.64,,70,1
,49,61.25,61.2,52.11,52,85.45,85.3,94.21,94.3,92.14,77.65,61.07,61.34,96.16,22.77,159.1,-85.67,82.43,80.74,2.494,0.798,77.9,3.721,0.945,263.4,216.3,8.4,5.7,43.6,38.8,100,124.1,8.8,48.8,5.2,126.6,26.6,85.1,92,88,,8.762,5.791,20,0,113.3,106.3,162.3,123.1,8.9,9.2,35,0,100,46,49,56,27,59.5,80.55,62.63,62,25.95,59.85,129.7,9.14,8.76,,70,1
,49,58.18,58,51.45,51.2,86.88,86.1,93.76,93,91.24,71.22,57.91,58.27,75.31,27.65,219.2,-171.6,60.47,58.05,3.222,0.7955,63.94,3.325,1.057,262.8,215.7,8.3,5.4,42.8,37.9,98,120.6,7.2,48.7,5.9,132,33.7,82.6,74,71,,4.452,7.328,20,0,116.7,111.3,156.8,117.8,6.9,6.9,26.17,0,100,25,49,56,29,59.13,76.54,59.23,58.88,38.11,77.32,193.2,6.73,6.88,,70,2
,49,56.63,56.5,50.02,49.8,86.23,86,92.94,92.6,90.62,69.78,56.44,56.67,73.6,25.44,228.4,-180.3,59.28,57.59,2.115,0.4263,63.08,3.304,1.064,263.1,215.3,6.8,5.4,42.8,37.9,98,120.1,7.6,47.5,4.7,130.7,33,82.2,73,70,,4.924,7.424,20,0,116.7,111.6,159.3,120.5,6.6,6.9,37.18,0,100,25,49,56,29,59.09,78.02,57.67,57.37,32.25,50.75,196.8,6.61,6.71,,70,2
,49,55.69,55.5,49.12,48.8,86.07,86,92.7,92.5,90.54,69.21,55.46,55.73,72.53,23.59,233.3,-184.3,58.3,56.27,2.456,0.423,62.79,3.264,1.077,262.5,213.1,6.7,5,42.3,37.4,97.5,119.1,7.4,46.8,4.4,129.8,32.4,81.6,72,69,,4.998,7.52,20,0,117.1,111.3,157.8,119.4,6.7,6.5,43.18,0,100,25,49,56,29,59.09,79.24,56.94,56.43,28.09,58.95,199.2,6.57,6.63,,70,2
,49,55.15,55.5,49.04,49.1,85.74,85.1,91.92,91,90.17,69.01,55.05,55.45,68.3,19.31,233.9,-184.9,55.03,54.07,3.594,2.639,58.99,3.28,1.072,265.2,215.9,7.7,5,41.6,36.7,96,116.1,6.8,47.2,5.6,129.8,33.8,79,68,65,,5.125,7.914,20,0,117.1,111.8,157.3,118.9,5.9,6.3,44.19,0,100,25,49,56,22,59.09,79.49,56.61,56.1,22.71,86.25,203.9,6.11,6.18,,70,2
,50,55.89,56,52.03,52,85.12,84.9,89.05,88.9,87.76,64.71,55.82,56.02,43.34,14.3,254.3,-225.2,34.45,33.87,1.736,1.155,45.44,2.666,1.319,264.8,214,8,3.1,44,39.2,92,108.2,5.7,50.4,6.6,142.3,50.3,69,52,50,,9.306,9.553,20,0,118.1,112,161.3,120.7,4,4,0,0,100,15,49,56,17.52,59.13,80.88,56.24,56.18,15.78,41.67,229.5,3.86,3.93,,70,3
,50,55.32,55,51.66,51.2,86.23,86.1,89.99,89.6,88.33,63.36,55.17,55.32,41.2,18.22,273.3,-250.3,32.92,31.6,1.384,0.05904,45.18,2.562,1.372,262.6,216,7.8,2.9,44,38.8,92.5,109.2,5.9,50.3,6.7,143.2,50.7,70.2,52,50,,11.09,9.553,20,0,118.5,112.4,163.8,124,3.8,3.6,30,0,100,5,49,56,24,59.17,79.65,55.58,55.65,21.35,33.21,232.3,3.66,3.76,,70,3
,50,54.13,53.8,50.55,50.3,86.15,86,89.83,89.6,88.17,61.8,53.94,54.18,40.38,18.26,289.1,-266.9,32.14,30.45,2.118,0.4274,44.86,2.519,1.396,263.1,215.6,7,2.6,43.3,38.5,92.2,108.7,5.3,49.5,5.9,145.1,52.2,70.7,52,50,,11.17,9.553,20,0,119,112.4,161.8,122,3.6,3.5,40,0,100,5,49,56,24,59.17,78.88,55.05,54.63,22.23,50.83,235.4,3.58,3.68,,70,3
,49,58.31,60.3,51.13,51.6,75.54,73.1,83.03,81.3,81.25,72.9,58.53,59.09,81.51,19.45,90.84,-28.79,64.4,66.39,5.052,7.038,58.7,3.857,0.9115,261.1,215.3,9.5,6.4,42.1,37.2,87.7,100.3,7.3,48.5,6.5,122.7,34.4,63.9,69,66,,-0.4994,7.814,20,0,121.2,115.3,159.3,121.1,8.2,8.7,60.81,20.54,100,100,57,56,38.11,59.13,68.76,63.16,60.4,48.46,43.92,70.29,7.18,7.49,,70,4
,49,60.27,60.6,51.37,50.9,74.11,74.3,82.99,83.5,80.75,74,59.88,60.4,96.05,24.2,73.01,-1.161,80.28,76.74,4.711,1.167,66.84,4.223,0.8326,259.5,216.5,8.8,7.5,42.1,37.2,91,106.2,10.1,47.7,5.4,116.9,26.1,68.5,79,76,,3.376,6.86,20,0,120.2,114.9,161.3,123.1,9.1,9.5,67.01,21.34,100,100,57,56,38.27,59.05,70.52,63.94,62.2,50.61,65.07,-13.26,8.9,8.88,,70,4
,49,60.39,60.6,50.72,50.6,75.09,75.2,84.51,84.7,82.35,75.11,59.76,60.48,102.5,23.47,78.84,0.1691,86.46,80.75,6.495,0.7909,69.51,4.373,0.804,261.2,214.4,8.6,7.5,41.8,36.9,92.2,108.7,10.4,47.2,5.2,115.7,23.5,71.8,80,77,,3.661,6.768,20,0,119.2,114.5,163.3,125.4,9.5,10,68.22,22.15,100,100,57,56,43.43,59.09,71.18,65,62.61,46.59,65.16,-6.35,9.67,9.42,,70,4
,49,59.9,59.4,51.78,51.4,76.12,76.2,83.98,83.7,81.2,71.26,59.02,59.83,85.33,30.08,108,-52.73,73.28,65.3,7.298,-0.6787,59.69,4.316,0.8146,260.6,216.5,9.3,6.2,42.1,37.2,89.9,104.2,8.6,48.2,6.1,118.3,28.2,67.3,69,66,,5.774,7.814,20,0,114,109.8,163.3,125.4,7.5,8,75,0,100,43.1,47.31,56,60,58.8,67.21,65.37,62.57,85.89,62.51,103,8.12,7.86,,70,5
,50,57.61,57.1,50.35,50,77.06,77,84.14,83.8,81.45,68.23,56.56,57.53,77.33,29.36,144.4,-96.4,65.08,55.69,8.717,-0.6747,55.69,4.109,0.8558,262.1,215.1,7.9,5.3,42,37.2,88.9,102.3,7.4,47.7,5.4,118.8,29.9,65.9,64,61,,4.646,8.323,20,0,114.2,109.8,162.3,124.4,6.8,7.1,80,0,100,32,47,56,55,58.76,67.49,63.57,60.6,80.68,70.55,161,7.26,7.08,,70,5
,50,56.3,56.6,50.1,50.6,76.32,75.9,82.67,81.7,80.43,67.12,55.58,56.59,69.25,24.43,145.2,-100.4,55.39,48.96,9.06,2.621,50.53,3.854,0.9122,262,214.5,8.8,4.6,41.8,36.9,86.3,97.8,6.2,47.8,6.2,120.4,33.6,61.1,57,55,,0.7416,8.971,20,0,114,109.4,160.8,123.4,5.8,6,75,0,100,32,47,56,42,58.72,67.45,62.59,59.62,67.14,73.32,173.7,6.2,6.35,,70,5
,50,54.95,54.7,51.53,51.4,77.55,77.3,81.11,80.8,79.28,60.94,54.51,54.91,38.86,19.96,200.2,-181.3,30.27,26.42,3.543,-0.3045,38.89,2.737,1.285,261.9,212.9,7.4,2.1,43.8,39,82.9,91.8,3.7,50.1,6.3,132.9,49.7,52.8,45,43,,6.365,10.46,20,0,114.5,109.8,158.3,118.2,3.3,3.5,35,0,100,10,47,56,41.77,58.8,69.34,56.49,56.02,45.48,85.03,227.4,3.42,3.56,,70,6
,50,53.6,53.3,50.27,50,77.26,77.1,80.74,80.5,78.95,59.63,53.29,53.6,38.13,19.6,211.8,-193.3,29.84,27.06,2.845,0.05933,38.69,2.712,1.296,263.1,215,6.5,2.4,43.5,38.7,82.9,91.8,3.9,49.3,5.8,137.1,54.5,52.8,45,43,,7.123,10.46,20,0,115.1,109.8,161.3,121.3,3.5,3.3,45,0,100,10,47,56,41.56,58.76,69.17,55.05,54.46,45.18,68.28,229.5,3.33,3.48,,70,6
,50,53.06,53.2,50.31,50.4,76.12,75.7,79.02,78.7,77.64,59.06,52.88,53.28,31.8,15.09,203.4,-186.7,24.72,23.04,3.581,1.894,35.85,2.425,1.45,262.7,215.1,6.3,2,44.1,39.3,80.7,87.9,2.6,49.8,5.7,141,60.6,49.1,42,40,,9.81,10.89,20,0,115.7,110.3,158.3,118.2,2.8,2.9,45,0,100,10,47,56,24.36,58.8,69.29,54.68,54.05,34.51,85.93,232.9,2.75,2.9,,70,6
,49,55.48,56.5,50.59,50.4,72.43,72.2,77.59,78.1,75.84,64.54,54.92,55.98,56.18,19.03,123.1,-85.91,43.67,38.7,9.424,4.45,48.49,3.167,1.11,261.4,214.5,7.7,4.2,42.6,37.7,82.3,90.8,6.6,48.8,6,134.1,51.8,52.9,54,52,,2.284,9.315,20,0,121.2,115.1,159.3,120.9,5.9,6.2,80,50,100,44.31,48,56,38,58.96,67.9,63.16,59.21,51.1,57.28,179.2,4.89,5.16,,70,7
,49,57.53,58.5,50.88,50.9,72.27,72.2,78.78,79.5,77.11,68.47,56.73,57.94,69.39,17.75,92.06,-40.43,59.79,52.58,10.96,3.742,54.37,3.866,0.9094,255.9,215.9,9.1,6,41.6,36.9,85.7,96.8,8.8,48.3,6.5,120.9,35.5,59.2,64,61,,8.464,8.323,20,0,120.7,115.1,159.3,121.9,7.5,7.6,80,50,100,60.86,48,56,38,59,68.48,65.45,61.5,44.99,66.6,109.7,6.65,6.51,,70,7
,49,59.29,60,51.17,51.1,71.69,70.9,79.68,79.5,77.36,71.14,58.36,59.62,86.55,25.16,67.44,-6.048,72.81,64.52,11.29,2.996,60.53,4.23,0.8313,260.2,215.2,9.5,6.8,41.6,36.7,86.6,97.8,9.1,47.8,6.2,115.6,29.4,61.1,71,68,,4.021,7.617,20,0,119.7,114.7,162.3,124.7,8.6,8.9,75,100,100,100,56,56,77,59,64.83,69.59,64.04,103.6,48.86,11.27,8.12,7.99,,70,7
,50,59.78,59.4,53.34,52.8,68.5,68.3,74.89,74.7,72.61,68.23,59.3,59.83,69.72,24.89,47.8,-2.961,57.74,53.49,4.681,0.4269,47.2,4.301,0.8175,262.1,215.1,11.2,4.8,41.8,36.9,79.5,85.9,6.8,49.8,8,116.4,36.9,49.5,53,51,,2.073,9.433,20,0,112.7,109,159.8,121.4,6.4,6.4,35,0,100,80,56,56,67,58.64,62.54,60.95,60.81,153.1,112.4,-31.21,6.44,6.39,,70,8
,50,58.43,58,51.74,51.4,67.97,67.6,74.44,74.1,72.4,67.74,58.16,58.44,70.97,22.32,51.18,-2.526,60.14,57.71,2.487,0.05955,47.02,4.497,0.7818,263.4,215.8,9.9,4.8,41.5,36.6,78.9,84.9,6.6,48.8,7.5,114.7,35.8,48,53,51,,3.587,9.433,20,0,112.9,109,155.8,118.4,6.5,6.6,40,0,100,80,56,56,67,58.6,62.46,59.6,59.17,138.7,59.7,-33.63,6.69,6.47,,70,8
,50,57.4,57.2,50.72,50.4,67.27,66.8,73.78,73.3,71.87,67.12,57.13,57.49,71.02,20.85,51.79,-1.617,60.18,57.75,3.226,0.7965,46.59,4.541,0.7742,261.9,215.9,8.9,4.9,41.5,36.6,78.2,83.9,6.4,48,6.8,113.1,34.7,47.6,53,51,,3.388,9.433,20,0,112.4,108.8,157.8,120.6,6.5,6.8,50,0,100,80,56,56,67,58.6,62.29,58.82,58.19,135.4,77.41,-30.14,6.68,6.51,,70,8
,50,56.63,56.6,50.06,49.8,66.7,66.4,73.13,72.5,71.3,66.47,56.36,56.72,70.13,19.96,52.69,-2.513,59.08,56.65,3.226,0.7966,46.2,4.497,0.7819,261.9,216,8.8,4.8,41,36.1,77.3,82.4,6.1,47.3,6.3,111.8,34.7,46.6,52,50,,2.982,9.553,20,0,112.4,108.8,155.8,119.1,6.1,6.8,50,0,100,80,56,56,60,58.6,62.13,58.33,57.66,135.6,77.43,-19.73,6.57,6.43,,70,8
,50,56.63,56.9,50.63,51.4,66.25,66.4,71.77,70.4,70.52,66.02,56.4,56.8,59.23,13.46,48.24,-2.467,53.81,51.75,3.587,1.53,36.23,5.222,0.6733,257.2,215.5,9.5,3.1,42.1,37.2,73.5,76.5,3.2,48.7,6.3,112.9,39.6,39.3,43,41,,8.246,10.74,20,0,111.8,108.2,153.8,115.6,4,5.2,20,0,100,40,47,56,67,58.6,62.91,58.33,57.7,74.93,86.09,-18.74,6,5.52,,70,9
,50,55.89,55.6,51.49,51.2,66.53,66.2,70.83,70.6,69.29,62.74,55.7,55.9,47.18,16.93,71.89,-41.64,39.4,37.72,1.745,0.05936,37.63,3.682,0.955,263.5,215.1,8.4,3.5,42.9,38,74.1,77.5,4.4,49.6,6.8,119.2,44.9,39,44,42,,6.191,10.6,20,0,111.6,108.2,155.8,116.8,4.2,4.4,20,0,100,40,47,56,67,58.6,61.64,56.24,56.26,133.6,41.89,125.3,4.4,4.3,,70,9
,50,54.83,54.5,50.51,50.4,66.29,65.9,70.59,70.3,69.13,62.17,54.68,54.83,46.94,15.95,75.99,-45,38.88,37.55,1.386,0.05914,37.5,3.646,0.9644,262.1,216.3,7.6,3.4,42.8,37.9,73.8,77,4.9,49,6.2,119.9,46.1,38.8,44,42,,5.558,10.6,20,0,112,108.4,156.8,117.8,4.4,4.1,30,0,100,40,47,56,67,58.6,61.56,55.09,55.12,129.3,33.26,132.6,4.32,4.3,,70,9
,50,54.09,54.2,50.18,50.8,65.8,65.1,69.56,68.4,68.51,61.64,54.02,54.26,41.38,11.55,75.56,-45.73,34.77,34.19,2.098,1.517,34.27,3.567,0.9857,263.8,213.7,8.8,2.8,42,37.1,71.2,73,2.3,49.3,7,120.4,49.5,35.6,39,38,,7.594,11.2,20,0,112.2,108.4,155.8,117.1,3.4,3.4,25,0,100,40,47,56,67,58.55,61.31,54.48,54.42,100.6,50.36,144.4,3.91,3.76,,70,9
,44,55.64,55.8,46.95,47.2,81.97,83.2,89.71,91.2,88.29,71.91,54.96,55.81,85.22,15.63,180.4,-110.8,77.47,71.42,7.573,1.518,70.98,3.838,0.9162,264.4,213.8,7,4.5,40,35,95.7,115.6,8.7,44.3,4.3,118.8,23.1,80.6,82,79,,14.6,6.586,20,0,113.3,109.8,162.8,126.9,7.9,8.8,30,0,100,35,49,56,25,58.64,80.64,60.42,58.56,17.06,97.7,159.7,8.69,7.74,,70,10
,44,55.56,55.5,47.11,46.8,83.53,83.7,91.39,91.9,89.64,72.16,55.25,55.69,85.62,19.03,190.4,-123.8,75.57,72.79,3.939,1.158,73.45,3.618,0.9719,261.4,214.7,6.7,4.3,40.1,35.1,96.2,116.6,8,44.1,3.7,122.5,26.2,81.7,87,83,,12.67,6.228,20,0,113.6,109.6,164.7,128.8,8.2,8.7,45,0,100,35,49,56,25,58.68,79.12,57.1,56.59,22.34,94.54,161.5,8.45,7.86,,70,10
,44,55.11,55.2,46.54,46.3,84.1,84.2,92.29,92.6,90.42,72.28,54.84,55.2,89.82,20.52,199,-129.7,76.81,74.39,3.212,0.7932,74.92,3.604,0.9755,263.3,215,6.2,4.1,40.1,35.1,96.7,117.6,7.1,43.8,3.5,123.2,26.5,82.5,88,84,,9.229,6.14,20,0,113.8,109.6,163.3,127.4,8.3,8.9,45,0,100,35,49,56,25,58.68,79.49,56.61,56.02,23.66,77.1,164.9,8.57,8.19,,70,10
,44,54.83,55,46.13,45.9,84.51,84.5,92.86,93.2,90.87,72.49,54.64,54.95,91.92,21.93,202.3,-132.3,78.17,76.48,2.855,1.163,76.28,3.603,0.9758,264.2,215.8,5.6,4.3,40.3,35.3,97.5,119.1,6.9,43.8,3.4,123.2,25.7,83.3,90,86,,8.639,5.964,20,0,114,109.6,165.2,127.5,8.7,9,50,0,100,35,49,56,27,58.68,79.65,56.49,55.81,25.1,68.51,164.3,8.7,8.35,,70,10
,44,52.16,51.6,45.6,45.3,86.8,86.1,93.52,92.6,90.83,65.08,51.61,52.13,73.59,29.47,282.3,-238.2,58.95,53.95,4.689,-0.3082,65.15,3.181,1.105,263.1,215.5,6.1,5.1,39.2,34.3,97.7,119.6,7,43.4,4.2,129.3,31.6,85.8,75,72,,5.284,7.233,20,0,115.1,109.8,160.8,125.7,6.5,6.3,60,0,100,20,49,56,34,58.92,75.11,55.5,53.97,43.71,73.42,212.8,6.56,6.72,,70,11
,44,50.49,50,43.76,43.2,86.47,86.1,93.27,92.5,90.5,63.44,49.68,50.45,74.88,30.53,298.2,-253.8,60.47,53.26,6.901,-0.3085,61.6,3.451,1.019,264.5,215.7,2.9,3.9,40.1,35.3,96.2,116.6,5.4,42.5,2.1,127.9,31.5,82,71,68,,4.165,7.617,20,0,115.1,109.6,161.8,125.7,6.4,6.8,70,0,100,20,49,56,34,58.92,75.68,55.79,53.23,43.72,64.79,217.2,6.73,6.8,,70,11
,44,50.53,51.1,44.9,45.1,85.16,84.7,91.02,90.5,88.94,63.15,49.93,50.94,64.46,22.85,284,-242.4,50.23,44.89,9.052,3.716,60.19,2.934,1.198,264.3,214.3,5.7,4.6,39.4,34.5,95,114.7,6.3,43.4,4,129.3,34.3,80.2,69,66,,4.478,7.814,20,0,114.9,109.8,163.8,128.2,5.9,6,60,0,100,20,49,56,24,58.96,77.2,56.16,53.64,30.07,86.37,222.5,5.63,5.86,,70,11
,44,50.98,51.1,45.02,44.9,85.53,85.4,91.59,91.6,89.48,63.4,50.3,51.15,66.22,23.13,285.1,-242,53.32,47.23,7.613,1.526,60.65,3.091,1.137,262.4,215,4.9,4.4,40,35,96,116.1,7.1,43.4,3.6,129,33,81.1,70,67,,6.558,7.715,20,0,115.3,109.8,162.8,126.9,6.2,6.2,65,0,100,20,49,56,30,59.05,78.18,56.49,53.97,29.01,72.64,218.9,5.96,6.06,,70,11
,44,51.1,51.2,45.11,45.1,85.57,85.4,91.63,91.4,89.52,63.52,50.38,51.27,66.39,23.18,284.9,-241.7,53.14,46.75,7.899,1.511,61.4,3.043,1.155,263,212.8,5.1,4.4,39.5,34.8,96,116.1,6.7,43.4,3.4,129.3,33,81.3,70,67,,6.351,7.715,20,0,115.3,110.1,162.8,126.9,6,6.3,60,0,100,20,49,56,30,59.09,77.77,56.49,54.05,29.78,77.9,219.8,5.99,6.06,,70,11
,45,50.77,50.8,44.7,45.1,85.9,87.2,91.84,91,89.68,63.4,50.09,50.94,64.95,23.6,287.6,-246.3,54.1,48.05,7.569,1.517,40.42,4.706,0.7471,262.6,213.7,1.9,1.2,43.2,38.3,92.2,108.7,2.8,43.9,0.7,129,36.8,70.4,46,44,,1.003,10.32,20,0,116,110.5,163.3,124.1,3.5,5.7,30,0,100,5,49,56,39,59.54,77.85,55.42,53.68,30.92,104.6,218.7,6.07,5.94,,70,12
,45,50.49,50.1,46.62,46.4,85.9,85.8,89.95,89.9,88.12,59.47,50.22,50.57,44.48,20.08,314.6,-290.2,34.57,32.16,3.208,0.7917,48.22,2.521,1.395,263.5,214.8,5.6,3.1,40.8,35.8,93,110.2,5.2,45.3,4.5,138.4,46,74.4,54,52,,8.558,9.315,20,0,116,110.3,162.3,125.6,3.9,3.7,20,0,100,5,49,56,22,59.62,78.92,51.16,51.19,24.97,76.99,236.6,3.87,4.05,,70,12
,45,49.3,49,45.48,45.1,86.15,86.1,90.24,89.9,88.45,58.48,49.15,49.39,44.93,19.63,329,-303.7,34.3,32.98,2.114,0.7934,48.13,2.506,1.403,263.5,215.4,4.5,2.8,40.6,35.6,92.7,109.7,5.3,44.4,3.6,139.4,46.7,73.9,55,53,,6.809,9.199,20,0,116.4,110.5,160.8,124.2,3.8,3.9,30,0,100,5,49,56,26,59.62,78.75,49.77,49.79,24.62,50.74,237.1,3.82,4.09,,70,12
,45,48.52,48.7,45.23,45.4,85.45,84.8,89.05,88.3,87.76,57.83,48.54,48.81,39.62,14.26,329.2,-303.9,29.34,29.49,2.466,2.615,44.06,2.341,1.502,264,214,4.7,2.9,40.6,35.6,91.2,106.7,3.5,44.6,4,141.3,49.8,70.3,51,49,,5.684,9.675,20,0,116.9,110.7,160.8,124.1,3.5,3.4,30,0,100,5,49,56,16,59.7,78.59,49.07,49.1,18.12,59.18,240.4,3.29,3.6,,70,12
,44,53.72,54.5,46.5,46.4,78.94,78.4,86.27,86,84.81,69.95,53.86,54.05,80.39,16.02,163,-98.65,64.67,65.92,1.743,2.992,63.13,3.601,0.9763,263.3,214.9,7.1,6.5,39.5,34.6,92.5,109.2,8.4,44.1,4.3,122,29.5,74.1,74,71,,2.785,7.328,20,0,118.3,112.7,160.8,125.3,7.4,7.9,0,0,100,45.76,49.64,56,25.73,59.91,76.58,54.19,54.05,23.06,41.84,156.8,7.22,7.33,,70,13
,44,54.83,55.3,46.58,46.4,78.16,77.9,86.39,86.1,84.73,71.79,54.84,55.04,90.04,18.22,141.6,-69.73,73.76,73.91,1.742,1.891,67.26,3.856,0.9119,262.6,214.7,7.2,6.9,39.4,34.5,93,110.2,9.2,43.8,4.4,118.8,25.5,74.9,78,75,,3.156,6.952,20,0,117.4,112.2,161.3,126.3,8.3,8.7,0,0,100,53.9,49.85,56,28.17,59.91,75.64,55.22,55.12,27.79,41.82,125.5,8.25,8.23,,70,13
,44,55.85,56.6,46.95,46.8,77.14,76.4,86.02,85.3,84.36,73.27,55.91,56.1,96.31,18.05,120.3,-42,80.09,80.61,1.752,2.27,71.54,3.936,0.8932,260.2,216,7.3,7.4,39.5,34.6,92.7,109.7,9.7,43.6,4.2,117.8,24.9,75.4,85,81,,4.286,6.406,20,0,116.7,111.8,163.8,124.3,8.9,9.7,45,0,100,70,53,56,53,59.91,74.7,56.24,56.14,29.29,42.06,85.79,8.9,8.88,,70,13
,44,54.13,53.8,47.28,47.3,77.18,76.5,84.14,83.2,81.61,66.35,53.53,54.18,76.31,27.69,167.4,-118.8,61.31,55.96,5.772,0.4256,55.41,3.89,0.9038,263.2,214.7,8,5.1,39.2,34.3,88.3,101.3,6.9,44.6,5.2,119.2,30.6,67,64,61,,0.9848,8.323,20,0,112.7,108.4,160.8,125.7,6.7,6.6,50,0,100,30,48,56,59,60.07,67.37,57.92,56.3,91.03,85.8,175.2,6.85,6.96,,70,14
,44,52.98,52.8,46.21,45.8,76.32,76.4,83.16,82.8,80.63,64.99,52.34,53.07,74.9,27.66,171.3,-124.1,60.72,54.99,6.519,0.7928,55.54,3.844,0.9147,262.9,215.2,6.5,4.9,39.4,34.5,87.7,100.3,6.9,43.8,4.3,118.5,30.8,66.3,64,61,,2.163,8.323,20,0,112.4,108.4,159.8,124.2,6.4,6.9,70,0,100,30,48,56,52,60.11,68.35,58.25,55.49,80.56,56.67,178.5,6.77,6.84,,70,14
,44,52.41,52.5,45.64,45.4,76.28,76.4,83.07,82.8,80.71,64.67,51.65,52.58,74.45,25.87,175.8,-127.2,60.74,53.91,8.359,1.529,55.59,3.842,0.9152,262.9,215.3,5.9,4.9,39.5,34.6,87.7,100.3,6.9,43.4,4,117.6,29.9,65.7,64,61,,2.833,8.323,20,0,112.7,108.4,160.8,125,6.4,7.1,70,0,100,30,48,56,52,60.11,68.76,58.53,55.65,71.77,69.56,182.3,6.77,6.79,,70,14
,44,52.04,52,45.31,45.3,76.28,76.2,83.03,83,80.84,64.54,51.28,52.29,73.64,23.96,177.6,-128,60.35,53.52,9.09,2.263,55.57,3.819,0.9208,261.7,215.2,5.7,4.6,39.5,34.5,87.7,100.3,6.9,43.2,4,117.1,29.4,65.2,64,61,,3.418,8.323,20,0,112.4,108.2,158.3,123.2,6.6,6.9,70,0,100,30,48,56,52,60.11,69.25,58.16,55.28,62.89,75.65,182.8,6.73,6.75,,70,14
,45,50.28,49.6,46.46,46.3,78.41,78.4,82.38,82,80.51,57.99,49.89,50.29,43.42,20.45,246.3,-223.3,34.38,30.85,3.593,0.05901,41.98,2.88,1.221,262.5,215.9,6,2.4,40.3,35.3,84.6,94.8,4.6,45.1,4.8,127.7,43.1,59.5,48,46,,6.689,10.06,20,0,112,107.7,160.8,124.2,3.7,3.3,10,0,100,10,48,56,42,60.27,70.65,51,51.06,47.33,86.24,229.6,3.82,3.97,,70,15
,45,48.77,48.3,45.15,44.8,78.2,78.1,82.05,81.8,80.34,56.76,48.58,48.81,41.95,18.61,257.2,-233.8,32.24,30.57,2.1,0.424,41.75,2.716,1.295,261.7,213.9,4.3,2.6,40.3,35.3,84.3,94.3,4.1,44.3,4.2,131.7,47.4,59.2,48,46,,5.15,10.06,20,0,112.4,108.2,158.3,122.4,3.8,3.7,20,0,100,10,48,56,42,60.27,70.6,49.2,49.3,43.23,50.41,230.6,3.62,3.85,,70,15
,45,48.32,48.7,45.48,45.4,76.53,75.9,79.68,78.9,78.34,56.19,48.33,48.65,34.58,14.68,243.1,-223.2,25.57,25.72,2.859,3.009,37.38,2.405,1.462,263.4,216.1,5.1,2.1,40.3,35.3,81,88.4,2.2,45.1,4.8,136.5,55.2,53.6,43,41,,4.675,10.74,20,0,113.1,108.4,156.3,120,3,3.3,20,0,100,10,48,56,29,60.32,69.87,48.75,48.85,36.88,68.62,235.5,2.84,3.15,,70,15
,44,56.26,56.3,46.83,46.4,70.67,70.3,79.88,80.2,77.31,70.44,55.5,56.35,100.4,27.98,74.96,-2.509,84.52,77.69,7.615,0.7933,67.38,4.41,0.7972,261.7,215.1,7.9,7.2,38.5,33.7,87.4,99.8,9.6,43.4,4.7,111.6,24.2,66.1,78,75,,3.237,6.952,20,0,116.7,112.4,160.8,126.6,9.8,9.9,75,30,100,90,57,56,65,60.4,65.36,62.91,59.54,135.2,54.15,-9.546,9.43,9.21,,70,16
,44,55.89,56,45.8,45.4,70.87,70.8,80.66,80.8,77.93,70.77,54.88,55.94,106.9,29.82,78.24,-1.173,90.73,81.67,9.485,0.4279,70.57,4.52,0.7778,262.2,215.9,7,7.5,38.3,33.5,88.3,101.3,9.9,42.4,4.1,110.3,22.2,67.8,81,78,,3.658,6.677,20,0,116,112,158.3,124.1,10,10.7,80,30,100,90,57,56,68,60.4,65.32,62.79,59.37,145.3,66.64,-11.5,10.09,9.79,,70,16
,45,53.8,53.6,46.66,46.3,69.4,68.9,76.4,76,74.41,66.06,53.61,53.85,76.9,21.89,91.73,-36.72,63.8,62.12,2.106,0.4252,51.17,4.383,0.8021,263.7,214.5,7,5,39.4,34.5,81,88.4,6.4,43.9,4.4,111.1,29.9,54.1,58,56,,1.885,8.86,20,0,110.9,107.3,159.3,123.7,7.1,7.2,35,0,100,55,49,56,67,60.56,64.42,54.85,54.42,136.1,50.55,85.11,7.14,7,,70,17
,45,52.98,52.8,45.88,45.6,68.83,68.6,75.83,75.4,73.88,65.4,52.75,53.07,77.16,21.51,93.39,-37.74,63.46,61.42,2.839,0.7904,50.8,4.393,0.8004,264.6,214.6,6.5,5,39.1,34.2,80.4,87.4,6.2,43.4,4.2,110.1,29.7,53.2,58,56,,0.9711,8.86,20,0,110.9,107.3,158.3,123.3,6.8,7.2,40,0,100,55,49,56,67,60.6,64.34,54.32,53.77,138.1,68.13,90.59,7.1,7,,70,17
,45,52.37,52.2,45.31,45.1,68.34,68.1,75.25,74.9,73.43,64.95,52.14,52.5,76.19,20.14,93.31,-37.26,62.9,60.85,3.195,1.153,50.44,4.384,0.8019,264.3,213.9,6.2,4.9,38.9,34,79.8,86.4,6.8,43,4.4,109.2,29.6,52.9,57,55,,1.378,8.971,20,0,110.5,107.3,156.3,124.5,7,7.1,45,0,100,55,49,56,67,60.64,64.18,54.07,53.36,136.8,76.69,91.94,7.06,6.91,,70,17
,45,51.92,51.9,44.94,44.8,68.01,67.8,74.8,74.6,73.02,64.58,51.73,52.09,75.13,19.77,93.21,-37.85,62.02,60.35,3.188,1.515,50.27,4.338,0.8105,265.3,213.4,6,5.2,38.6,33.8,79.8,86.4,6.5,42.7,4.1,108.8,28.8,52.2,57,55,,1.589,8.971,20,0,110.5,106.9,156.8,122,7,7.1,45,0,100,55,49,56,67,60.56,64.01,53.7,52.99,137.5,76.51,93.55,6.98,6.79,,70,17
,45,50.44,50.3,45.27,45.6,67.89,67.5,72.92,72,71.62,61.19,50.3,50.57,55.29,14.24,114.6,-73.58,46.23,44.92,2.472,1.157,41.03,3.962,0.8875,263.6,214.5,7.2,3.3,38.2,33.4,75.3,79.4,4.6,43.9,5.4,111.6,36.3,46.4,47,45,,4.72,10.19,20,0,110.1,106.9,153.8,119.1,4.5,4.8,0,0,100,32.76,47.52,56,67,60.56,63.68,50.88,50.94,109.4,59.33,160.3,5.17,5.03,,70,18
,45,49.79,49.3,44.9,44.8,67.89,67.9,72.63,72.3,71.13,59.34,49.64,49.8,52.09,16.47,129.3,-93.72,43.35,42.05,1.364,0.0582,39.43,3.866,0.9094,263.3,212.9,4.7,3,40.1,35.1,75.3,79.4,4.4,43.8,3.7,114.5,39.2,44.9,45,43,,4.759,10.46,20,0,109.8,106.9,155.8,120,4.4,4.5,0,0,100,26.55,47.1,56,67,60.6,63.52,50.1,50.2,135.4,32.74,177.7,4.89,4.74,,70,18
,45,48.64,48.7,44.82,44.9,68.09,67.8,71.94,71.2,70.76,57.21,48.58,48.81,42.3,12.91,149,-119.6,34.09,33.5,2.101,1.519,36.15,3.315,1.061,263.9,214,4.6,2.3,40.1,35.3,74.1,77.5,3.5,44.1,3.8,117.8,43.7,41.2,42,40,,4.879,10.89,20,0,110.1,106.7,155.8,119.5,3.6,3.8,35,0,100,23,47,56,67,60.6,63.4,49.73,49.38,110.8,50.44,204.6,3.82,3.85,,70,18
,45,48.68,48.8,45.15,45.1,67.35,67.2,71.08,70.6,69.78,56.72,48.62,48.89,40.92,14.25,143.5,-116.8,31.54,30.96,2.467,1.885,35.98,3.082,1.141,263.7,214.1,5,2.6,40.1,35.1,73.2,76,3.4,44.3,4.2,121.7,48.5,40.9,42,40,,2.091,10.89,20,0,110.3,107.1,156.3,120.2,3.6,3.7,35,0,100,23,47,56,67,60.64,63.19,50.06,49.59,134,59.21,206.8,3.53,3.73,,70,18
,39,51.02,50.8,42.12,41.7,81.15,81.2,89.67,89.8,87.51,69.09,50.83,51.11,93.41,23.66,202.1,-132.3,79.81,78.13,2.48,0.7939,77.09,3.64,0.9659,263.3,215.2,4,3.9,37.7,33,93.7,111.7,6,39.1,1.4,117.6,24.1,78.7,91,87,,8.91,5.877,20,0,112.4,108.8,162.8,129.3,8.8,9.1,40,0,100,36,49,56,43.44,60.93,75.31,52.47,51.92,39.47,59.52,161.5,8.9,8.52,,70,19
,39,50.36,50.3,41.42,41,81.15,81,89.87,89.8,87.63,68.88,50.13,50.45,95.11,24.42,204.5,-133.8,79.49,77.46,2.824,0.7871,77.7,3.597,0.9775,261.8,213.4,3.6,3.9,37.4,32.7,93.7,111.7,5.9,38.4,1,116.4,22.7,79,92,88,,6.812,5.791,20,0,112.4,108.8,161.3,127.9,8.8,9.3,40,0,100,36,49,56,37.64,60.89,75.11,51.86,51.31,41.21,67.77,162.7,8.94,8.72,,70,19
,39,49.91,50,41.01,40.7,81.11,81,89.91,89.9,87.76,68.76,49.72,50.16,96.77,23.71,208.8,-135.8,79.27,77.6,3.923,2.247,78.48,3.552,0.99,263.9,213.8,3.3,3.9,37.2,32.7,93.7,111.7,5.9,38.2,0.8,116.4,22.7,79.2,92,88,,4.988,5.791,20,0,112.2,108.6,163.8,130.4,9.1,9.3,45,0,100,36,49,56,37.84,60.93,75.56,51.69,51.02,38.9,94.16,165.8,8.9,8.8,,70,19
,40,49.17,49.3,40.19,40.2,81.19,82.8,89.95,90.7,87.76,68.39,48.95,49.39,95.84,24.04,211.8,-140,79.89,77.86,3.917,1.88,74.01,3.796,0.9263,262.6,213.5,3.1,4.1,37.1,32.4,94.8,113.7,7.1,37.7,0.6,115.6,20.8,81.3,85,81,,5.33,6.406,20,0,110.9,107.1,157.8,124.6,7.5,9.1,49.89,0,100,23,49,56,43,60.97,75.64,51.08,50.37,39.33,94.02,166.1,8.98,8.76,,70,20
,40,47.5,47.3,40.97,40.7,82.71,82.2,89.46,88.7,87.35,62.66,47.23,47.67,74.08,23.2,270.8,-219.9,58.49,56.07,3.948,1.528,62.39,3.296,1.067,263.3,215.1,3.6,4.5,37.1,32.4,93.2,110.7,6,39.4,2.3,121.2,28.3,78.3,72,69,,2.905,7.52,20,0,110.9,107.1,158.8,128.4,6.5,6.4,44.22,0,100,23,49,56,43,60.97,74.7,49.44,48.77,40.57,94.76,208.7,6.53,6.75,,70,20
,40,46.88,46.8,40.56,40.5,81.81,81.2,88.27,87.3,86.24,61.8,46.61,47.09,71.18,22.38,269,-220.2,56.08,53.69,4.272,1.876,59.18,3.332,1.055,264.1,213,4,4.4,36.5,31.9,91.7,107.7,5.7,39.4,2.9,122,30,75.3,68,65,,2.434,7.914,20,0,111.1,106.9,158.3,125.7,6.3,6.3,43.55,0,100,23,49,56,36,60.97,74.04,48.83,48.11,41.09,102.5,211.4,6.32,6.46,,70,20
,40,46.6,46.6,40.36,40.1,81.32,81,87.78,87.2,85.83,61.31,46.33,46.81,70.72,21.34,268.1,-218.8,55.84,53.42,4.309,1.892,57.61,3.408,1.032,262.4,214.8,2.9,4.5,37.2,32.5,91.7,107.7,5.8,38.7,1.5,120.4,28.7,74.2,67,64,,2.124,8.015,20,0,111.1,106.9,158.8,125.3,6.2,6.5,47.88,0,100,23,49,56,30,60.97,74.74,48.54,47.87,37.2,103.4,210.1,6.24,6.46,,70,20
,40,45.24,45.1,41.38,41.2,81.52,81,85.78,85.1,83.99,55.66,45.18,45.37,47.16,19.81,313.9,-286.5,34.42,33.84,1.735,1.154,46.32,2.613,1.346,265.9,213.8,3.9,2.6,37.1,32.4,88,100.3,4,40.5,3.4,129.8,41.8,68.1,53,50,,0.9185,9.553,20,0,112.2,107.3,156.3,122.8,4.1,4.1,10,0,100,8,49,56,27,60.97,73.47,45.84,45.82,38.03,41.64,237.2,3.86,4.26,,70,21
,40,44.47,44.3,40.64,40.4,81.27,81.3,85.41,85.1,83.78,54.59,44.4,44.64,45.75,17.98,323.1,-295.3,33.89,33.31,2.09,1.511,46.45,2.566,1.37,265.6,212.8,3.5,3.5,36.9,32.2,88.6,101.8,4.6,40.1,3.2,131.5,43.4,68.9,52,50,,2.957,9.553,20,0,112.7,107.5,158.3,124.9,3.9,3.9,20,0,100,8,49,56,33,61.01,74.7,44.9,45,31.52,50.16,238.2,3.83,4.14,,70,21
,40,43.77,43.6,39.99,39.8,81.23,81,85.41,84.9,83.74,54.06,43.7,43.94,46.26,18.45,329,-301.1,33.84,33.26,2.109,1.525,46.24,2.574,1.366,266,214.8,3.1,2.8,36.7,32.1,87.7,100.3,3.9,39.6,2.7,131.7,44.6,68.7,53,51,,1.577,9.433,20,0,112.9,107.5,157.3,124.4,3.9,3.8,20,0,100,8,49,56,27,61.05,74.86,44.2,44.31,32.07,50.61,239.1,3.78,4.18,,70,21
,39,49.79,50.1,41.46,41.2,73.7,73.1,82.05,81.7,80.22,67.37,49.85,50.04,91.65,20.07,141.1,-69.49,74.34,74.85,1.739,2.252,65.86,3.968,0.886,263.4,214.3,4.7,6.3,36.3,31.7,88,100.8,7.5,39.4,3.1,112.4,24.4,69.1,77,74,,1.543,7.045,20,0,114,109.6,159.8,127.6,8.6,9.1,0,0,100,53.9,49.85,56,53.17,61.09,69.99,50.18,50.2,54.15,41.73,123.6,8.33,8.35,,70,22
,39,49.99,50.1,40.85,40.5,72.19,71.1,81.35,80.4,79.32,68.23,50.01,50.29,101.2,22.45,122.5,-43.68,81.79,81.94,2.473,2.623,67.98,4.231,0.8311,265,214.6,4.5,6.8,36,31.4,87.2,99.3,7.2,38.4,2.6,110.5,23.4,67.4,78,75,,-0.1097,6.952,20,0,113.6,109.2,156.3,124.2,9.3,9.6,50,0,100,85,57,56,60,61.09,68.07,50.47,50.41,77.28,59.36,87.67,9.14,9.16,,70,22
,39,48.11,47.7,41.42,40.9,71.86,71.5,78.69,78.1,76.54,61.96,48,48.2,74.99,23.66,159.9,-108.5,60.11,59.16,1.75,0.7956,53.07,3.983,0.8828,263.3,215.7,4.4,4.5,36.5,31.9,82.6,91.3,5.8,39.6,3.1,111.8,28.9,59.6,60,58,,0.2958,8.641,20,0,109.8,106.3,157.3,124.4,6.6,6.8,30,0,100,33,48,56,64.42,61.22,65.65,48.5,48.57,128,42,165.8,6.69,6.83,,70,23
,39,46.92,46.6,40.19,39.8,71.49,71.2,78.24,78.1,76.25,61.23,46.82,47.01,73.92,21.81,164.4,-112.3,60.08,59.13,1.738,0.7903,53.09,3.979,0.8837,262.7,214.2,3.3,4.5,36.5,31.9,82.6,91.3,6.4,38.9,2.6,110.7,27.9,59.6,60,58,,1.704,8.641,20,0,109.6,106.1,155.3,125.2,6.9,6.8,35,0,100,33,48,56,57.15,61.18,66.47,47.56,47.42,98.87,41.72,168.2,6.73,6.75,,70,23
,39,46.23,46.1,39.46,39.2,71.41,71.1,78.16,77.9,76.29,60.94,46.08,46.4,74,20.49,168.2,-114.7,60.38,59.07,2.832,1.519,54.96,3.863,0.9102,262.9,214,2.5,4.7,36.7,32.1,82.6,91.3,6.4,37.7,1,108.6,26.2,58.9,63,60,,2.721,8.428,20,0,109.6,106.3,158.3,125.4,6.8,6.9,40,0,100,33,48,56,50.88,61.13,66.88,47.6,47.13,85.59,67.97,170.6,6.77,6.75,,70,23
,40,45.41,45.4,41.95,41.9,71.69,71.5,75.42,75.2,73.96,54.23,45.38,45.62,41.18,16.15,218.2,-193.2,30.95,30.73,2.111,1.894,38.5,2.827,1.244,265.4,215.1,4.3,2.7,37.6,32.9,77.9,83.4,3.6,41,3.3,121.5,43.6,49.9,45,43,,1.748,10.46,20,0,108.8,105.5,157.8,123.8,3.8,3.5,15,0,100,15,48,56,54.84,61.18,66.31,46,46.03,75.55,50.67,228,3.46,3.73,,70,24
,40,44.79,44.6,41.42,41,71.69,71.4,75.42,75.4,73.92,53.45,44.69,44.96,40.94,16.51,225,-200.6,29.99,29.05,2.46,1.515,38.67,2.727,1.289,263.8,213.5,2.8,2.8,38,33.4,78.2,83.9,3.8,40.7,2.5,124,45.5,49.7,45,43,,0.1215,10.46,20,0,109.4,105.7,155.3,120.8,3.9,3.6,15,0,100,15,48,56,47.71,61.18,66.06,45.23,45.33,81.1,59.05,229.8,3.37,3.73,,70,24
,40,44.18,44.1,40.81,40.4,71.69,71.4,75.42,75.4,74,53.08,44.11,44.35,41.09,15.66,230.8,-205.4,30.04,29.46,2.1,1.518,38.69,2.73,1.288,264.8,213.8,2.5,2.4,38,33.2,77.9,82.9,4,40.5,2.4,124.5,46.3,49.7,45,43,,-0.1097,10.46,20,0,109.8,105.9,156.3,121.8,3.9,3.6,25,0,100,15,48,56,47.58,61.13,66.31,44.61,44.68,72.69,50.4,231,3.37,3.73,,70,24
,40,43.69,43.4,40.32,40.1,71.61,71.4,75.34,75,73.96,52.79,43.66,43.86,40.84,15.12,232.1,-206.4,30,29.78,1.732,1.516,38.49,2.741,1.283,263.2,213.5,2.4,2.6,37.7,33,77.6,82.9,3.8,40.1,2.1,124.2,46.9,50.2,44,42,,0.2525,10.6,20,0,110.5,106.3,155.3,121.3,3.6,3.3,25,0,100,15,48,56,47.44,61.13,66.55,44.12,44.23,66.98,41.57,229.4,3.37,3.73,,70,24
,39,50.4,50.3,41.34,40.5,66.17,65.9,74.89,75.2,72.89,65.98,50.17,50.41,95.41,21.8,75.67,-2.071,81.46,79.4,2.118,0.05897,63.37,4.52,0.7779,262.6,215.7,4.9,6.9,35.8,31.3,82.1,90.4,8.5,38.9,3.3,105.1,23,59.3,74,71,,4.269,7.328,20,0,112.7,109.4,157.8,126,9.1,9.8,50,0,100,90,57,56,77,60.23,63.56,51.82,51.23,157.2,50.82,-12.93,9.06,8.72,,70,25
,39,49.67,49.5,40.11,39.8,66.29,66.2,75.5,75.4,73.47,66.18,49.4,49.75,100.4,22.18,79.44,-1.17,85.14,82.74,3.195,0.7889,65.04,4.603,0.7639,261.7,213.9,3.8,6.9,36,31.4,82.3,90.8,8.7,36.8,0.8,103.5,21.4,59.4,76,73,,3.185,7.139,20,0,112,108.8,158.8,126.6,9.2,9.7,55,0,100,90,57,56,83,59.58,63.15,51.49,50.74,148.9,76.68,-10.88,9.56,9.21,,70,25
,39,48.4,48.3,39.13,38.9,64.69,64.7,73.66,73.3,71.66,64.63,48.05,48.61,98.28,21.84,77.16,-0.727,83.28,80.12,5.062,1.9,61.72,4.744,0.7411,263.1,215.7,4.1,6.8,35,30.5,80.1,86.9,8.1,36,0.7,101.7,21.4,56.3,72,69,,2.605,7.52,20,0,108.4,106.1,155.8,126,8.8,9.2,60,0,100,90,57,56,67,57.53,61.47,51.33,50.16,133,104.4,-10.1,9.27,8.97,,70,26
,40,48.27,48.3,39.09,39.6,64.65,65,73.49,72.2,71.54,64.46,47.92,48.44,94.61,20.88,75.76,-2.025,81.89,78.76,4.656,1.518,45.13,6.38,0.5511,256.8,213.9,2.2,3.5,37.4,32.7,75.7,79.9,4.2,37.1,0,101.7,26,46.5,52,50,,0.1217,9.553,20,0,108,105.7,155.8,121.8,7.2,8.7,30,0,100,50,48,56,53,57.37,61.39,50.92,50.04,124.5,111.7,-10.17,9.18,8.84,,70,26
,40,48.48,48.3,41.95,41.4,65.06,65.1,71.53,72,69.82,60.9,48.37,48.69,71.02,18.73,97.97,-45.69,58.47,57.52,2.846,1.894,50.66,4.058,0.8665,263.5,215.1,5.8,5.6,35.8,31.3,77.6,82.9,7.5,39.4,3.8,105.9,28.3,51.3,58,56,,2.62,8.86,20,0,107.5,105.5,156.8,124.9,6.9,6.9,20,0,100,50,48,56,53,57.24,62.25,49.12,49.1,89.8,68.3,108.8,6.53,6.47,,70,26
,40,47.29,46.8,40.03,39.4,65.92,65.9,73,72.8,71.17,61.19,47.14,47.38,77.05,19.9,108.7,-51.51,64.8,63.48,2.103,0.7894,51.34,4.438,0.7923,261.1,214.1,3.4,5.6,36,31.6,78.2,83.9,7,38.5,2.2,104.7,26.3,53,58,56,,3.043,8.86,20,0,107.7,105.3,154.8,122.7,7,7.2,30,0,100,50,48,56,60,57.24,61.92,47.76,47.79,102.1,50.47,108.6,7.26,7.08,,70,26
,40,46.92,47.2,40.68,40.7,65.22,64.8,71.49,70.9,70.15,60.57,46.94,47.26,68.66,14.67,105,-51,56.2,56.35,2.861,3.011,46.72,4.229,0.8314,263.1,216.2,5.3,4.4,35.4,30.9,75.3,79.4,6,39.1,3.5,105.3,29.8,48.3,53,51,,1.205,9.433,20,0,107.3,105.3,152.8,120.9,6.2,6.5,25,0,100,50,48,56,50,57.12,61.92,47.4,47.42,73.29,68.67,121.9,6.24,6.27,,70,26
,40,44.75,44.1,40.4,39.9,66.33,66.1,70.83,70.4,69.13,53.98,44.56,44.72,49.52,18.76,166.6,-135.8,38.86,37.19,1.372,-0.3069,39.59,3.451,1.019,264,214.2,3.9,3.4,36,31.4,73.8,77,4.4,39.4,3.2,111.1,37.3,44.9,46,44,,1.232,10.32,20,0,107.5,104.7,154.3,122.4,4.2,4.2,25,0,100,22,47,56,60,56.18,59.88,45.14,45.25,121.8,32.93,205,4.35,4.5,,70,27
,40,43.57,43.6,40.03,40.1,65.59,65,69.4,68.4,68.14,52.92,43.58,43.86,42,13.86,168,-139.9,31.4,31.54,2.457,2.604,35.25,3.132,1.123,264.8,213.1,2.9,2.8,37.2,32.5,71.2,73,2.9,39.6,2.4,114.7,43.5,40.5,40,39,,-1.38,11.04,20,0,107.7,104.7,154.3,120.3,3.6,3.5,25,0,100,22,47,56,53,55.98,60,44.04,44.14,82.63,58.96,215.1,3.54,3.81,,70,27
,40,43.61,43.6,40.23,40.1,64.81,64.5,68.5,68.1,67.32,52.55,43.62,43.9,40.54,12.92,162.7,-135,30.03,30.18,2.464,2.612,35,3.017,1.165,264.2,213.8,3.4,2.2,36.7,32.1,70.3,71.5,3,39.8,2.9,117.6,47.1,40.3,40,39,,-1.363,11.04,20,0,108,105.1,150.9,117.5,3.6,3.4,25,0,100,22,47,56,50,55.85,60.7,44.04,44.1,64.02,59.13,215.2,3.38,3.69,,70,27
,49,60.84,60.6,52.44,52,80.87,81.7,88.48,89.9,87.02,74.74,60.41,60.93,81.01,15.54,130.7,-65.18,75.79,71.88,4.708,0.798,68,3.916,0.898,255.4,216.3,7.4,5.7,44.6,39.8,95.5,115.2,8.7,50.1,5.5,121.2,26,75.2,79,76,,17.44,6.86,20,0,109.2,98.8,158.3,117.4,8.1,8.6,60,30,100,47.29,49.31,56,20,58.68,78.3,63.81,62.45,19,82.55,114.9,8.4,7.61,,55,1
,49,60.89,61.4,52.31,52.4,82.83,83.3,90.81,91.9,89.35,75.84,60.41,61.22,84.71,15.5,143.3,-74.14,76.23,72.01,7.194,2.972,71,3.777,0.931,254.7,213.4,8.6,5.8,43.8,39,97.7,119.6,8.7,49.6,5.6,124,26.3,80.6,82,79,,13.82,6.586,20,0,110.3,100.9,162.3,122.5,8.6,9,35,0,100,46,49,56,22,58.6,80.14,65.25,63.55,17.26,101.8,126.7,8.58,7.98,,55,1
,49,61.21,61.4,52.56,52.5,83.98,84.2,92.25,92.8,90.58,76.75,60.94,61.34,87.74,17.67,146.8,-76.73,77.77,75.35,3.59,1.164,73,3.746,0.939,254.7,215.7,9.2,6.2,43.3,38.5,99,122.1,8.5,49.5,6.2,126,27.1,84.1,85,81,,12.3,6.406,20,0,111.1,102.7,160.3,120.5,8.8,8.9,35,0,100,46,49,56,22,58.55,80.76,62.79,62.2,19.1,86.16,124,8.65,8.27,,55,1
,49,61.38,61.4,52.64,52.5,84.63,84.8,93.07,93.5,91.28,77.2,61.23,61.51,89.26,18.93,149.1,-78.72,78.44,77.12,2.484,1.163,75.2,3.665,0.959,254,215.5,9.2,6.5,43.3,38.5,100,124.1,8.1,49.1,5.8,127.4,27.7,86.3,88,84,,11.85,6.14,20,0,112.2,104.3,160.8,120.5,8.8,9.1,35,0,100,46,49,56,24,58.55,80.8,62.83,62.24,20.42,59.63,122.6,8.74,8.44,,55,1
,49,61.42,61.6,52.64,52.4,84.92,84.8,93.56,93.9,91.6,77.4,61.23,61.55,91.67,20.71,150.7,-79.79,78.66,76.98,2.847,1.161,76.2,3.63,0.969,254.7,215.1,9.3,6.3,43.1,38.2,100.2,124.6,8.3,49,5.9,128.5,28.3,86.4,90,86,,9.453,5.964,20,0,112.9,105.7,159.3,120.5,9.1,9.1,35,0,100,46,49,56,24,58.47,80.43,62.83,62.24,22.64,68.33,124.6,8.78,8.64,,55,1
,49,58.72,58,51.86,51.6,86.93,86,93.88,93,91.24,71.1,58.36,58.56,74.18,28.23,214.7,-168.7,61.36,58.21,1.744,-1.406,63.84,3.379,1.04,255.8,214.9,8.8,6.2,42.8,37.9,99,122.1,6.7,49,6.2,133.5,34.5,84.9,73,70,,7.192,7.424,20,0,117.8,111.8,158.3,119.5,7,6.4,26.17,0,100,25,49,56,29,58.31,75.93,58.9,58.92,38.45,41.86,186.5,6.86,6.95,,55,2
,49,56.87,56.3,50.18,49.8,86.23,85.8,93.02,92.8,90.62,69.62,56.64,56.8,72.46,25.62,224,-177.1,59.9,57.85,1.378,-0.6737,63.74,3.304,1.064,255.9,214.9,7.4,6.4,42.4,37.5,99,122.1,7.8,47.8,5.5,132.3,33.3,84.7,73,70,,7.684,7.424,20,0,118.1,112,159.8,121.4,6.8,6.5,37.18,0,100,25,49,56,25,58.27,77.52,57.51,57.29,31.93,33.06,189.8,6.69,6.79,,55,2
,49,55.69,55.5,49.16,49,86.02,85.8,92.82,92.8,90.58,68.97,55.42,55.73,72.82,23.99,231.6,-182.8,58.24,55.83,2.835,0.4252,63.63,3.218,1.093,257.2,214.2,6.9,6.2,42.1,37.2,99,122.1,7.7,47.2,5.1,131.7,33,84.4,73,70,,4.83,7.424,20,0,118.1,112.2,160.8,122.4,7.2,6.5,43.18,0,100,25,49,56,25,58.31,78.71,57.02,56.47,28.22,68.05,195.2,6.53,6.8,,55,2
,50,56.26,56.5,52.56,52.7,85.08,85.1,89.01,88.9,87.72,64.79,56.23,56.47,42.17,13.92,246.1,-217.8,33.21,32.99,2.116,1.897,44.96,2.597,1.354,257.6,215.4,8.4,3.6,44.1,39.3,92.5,109.2,5.6,50.9,6.6,144,51.5,69.7,52,50,,9.068,9.553,20,0,119.5,112.9,163.8,123.3,4,4,0,0,100,15,49,56,17.52,58.35,81.13,56.65,56.63,14.67,50.78,223.1,3.7,3.93,,55,3
,50,55.77,55.3,52.11,51.7,86.02,86.1,89.79,90.1,88.12,63.4,55.54,55.69,40.31,17.83,264.8,-242.3,32.7,30.65,1.374,-0.6729,45.15,2.547,1.381,257,214.5,7.3,3.1,44.4,39.6,93.2,110.7,6.2,50.9,6.5,144.7,51.9,71.1,52,50,,12.97,9.553,20,0,119.9,113.1,163.3,122.4,4,3.6,30,0,100,5,49,56,24,58.35,79.9,55.95,55.94,19.86,32.98,227.2,3.66,3.77,,55,3
,50,54.33,53.9,50.76,50.3,86.15,85.8,89.91,89.8,88.17,61.76,54.1,54.3,40.1,18.61,281.2,-259.7,32.17,30.11,1.751,-0.3082,44.88,2.52,1.395,255.6,215.9,6.4,3.2,44.1,39.2,93,110.2,5.5,50,6,145.8,52.4,71,51,49,,12.06,9.675,20,0,120.7,113.3,161.8,121.3,4,3.5,40,0,100,5,49,56,20,58.39,78.26,55.13,54.79,22.47,42.03,228.2,3.57,3.76,,55,3
,49,58.26,60.2,51.17,51.6,75.34,73.1,83.07,81.3,81.12,72.69,58.49,59.05,81.52,20.56,88.83,-27.88,63.97,65.97,5.076,7.071,60.23,3.734,0.9415,252.9,216.3,9.6,8.3,42.1,37.2,89.6,103.7,7.3,48.7,6.9,124,34.6,66.8,70,67,,-0.5079,7.715,20,0,122.7,116,160.3,122.4,8.2,8.5,60.81,20.54,100,100,57,56,38.11,58.31,68.02,63.32,60.52,50.8,43.48,65.09,7.09,7.73,,55,4
,49,60.27,60.8,51.29,50.9,74.11,74.4,83.4,83.8,81,74.04,59.76,60.52,97.86,25.3,73.26,-0.699,80.33,75.72,6.869,2.256,69.47,4.066,0.8648,252.7,214.6,8.7,9.2,42.1,37.2,93,110.2,10.8,47.7,5.6,118.1,25.1,73,80,77,,2.275,6.768,20,0,121.5,115.6,162.3,123.4,9.4,9.7,67.01,21.34,100,100,57,56,38.27,58.27,70.03,65.66,62.94,51.61,60.61,-8.464,8.98,9.29,,55,4
,49,60.6,60.8,50.84,50.8,75.22,75.4,85,85.1,82.6,75.19,59.84,60.73,103.4,25.4,78.32,-0.2688,87.55,80.72,7.99,1.161,72.45,4.249,0.8275,253.7,215.3,8.6,9.4,42,37.1,94.5,113.2,11,47.2,5.4,117.6,23.1,76.1,85,81,,4.554,6.406,20,0,120.7,114.9,164.7,127.3,9.7,10.2,68.22,22.15,100,100,57,56,46.43,58.27,70.56,66.19,63.39,49.57,68.44,-7.791,9.76,9.78,,55,4
,49,59.78,59.1,51.62,51.2,76.07,75.9,84.26,84.2,81.33,71.14,58.81,59.66,86.14,30.88,107.2,-51.97,72.77,64.16,7.577,-1.036,61.18,4.182,0.8407,252.5,214,8.8,7.3,42.3,37.4,91.5,107.2,8.5,48.2,6.1,119.7,28.2,69.3,70,67,,4.678,7.715,20,0,115.1,110.3,163.8,125.4,8.2,8.2,75,0,100,43.1,47.31,56,54,58.27,66.59,65.29,62.45,89.03,63.96,101.4,8.16,8.19,,55,5
,50,57.57,56.9,50.47,50.1,76.85,76.8,84.02,83.7,81.25,67.9,56.48,57.41,75.84,29.33,141.3,-94.76,63.64,53.88,8.354,-1.409,55.93,4.001,0.8788,254.1,215.2,7.4,5.8,42.3,37.7,89.9,104.2,7.4,47.7,5.1,120.7,30.8,66.2,64,61,,4.901,8.323,20,0,114.9,110.3,161.3,122.8,6.9,6.9,80,0,100,32,47,56,55,58.23,66.8,63.49,60.56,82.14,68.55,157.2,7.1,7.17,,55,5
,50,56.59,56.9,50.55,50.8,76.03,75.9,82.34,81.8,80.06,66.84,55.78,56.8,66.65,24.1,139.8,-97.24,54.17,46.97,9.101,1.898,51.3,3.713,0.947,253.8,215.5,8.6,5.6,42,37.1,87.2,99.8,6,48.2,6.3,122.2,35.3,62.6,58,56,,3.168,8.86,20,0,114.7,110.1,159.3,120.9,6.1,6.3,75,0,100,32,47,56,42,58.19,67.57,62.87,59.87,61.61,72.65,168.5,6.04,6.31,,55,5
,50,55.32,54.7,51.94,51.6,77.55,77.5,81.23,81,79.28,61.15,54.84,55.28,39.01,20.67,192.1,-173.7,30.28,26.01,3.954,-0.3088,38.97,2.732,1.287,254.2,215.5,8.1,3,43.5,38.7,84,93.8,4,50.4,6.9,134.1,50.1,55.1,45,43,,6.021,10.46,20,0,114.9,110.3,159.3,119.7,3.5,3.1,35,0,100,10,47,56,41.77,58.23,68.8,56.85,56.47,46.91,94.89,219.8,3.38,3.68,,55,6
,50,53.92,53.4,50.63,50.3,77.22,77,80.82,80.5,78.91,59.71,53.53,53.85,38.07,20.2,203,-185.1,29.29,25.8,2.827,-0.6703,38.8,2.655,1.324,253.7,213.7,6.8,3,43.3,38.5,83.5,92.8,3.7,49.6,6.1,138.7,55.2,53.6,45,43,,5.927,10.46,20,0,115.6,110.5,162.3,122.8,3.5,3.3,45,0,100,10,47,56,41.56,58.23,68.6,55.3,54.71,46.75,67.86,221.5,3.29,3.6,,55,6
,50,52.82,53,50.18,50.4,76.24,75.6,79.23,78.3,77.85,58.77,52.63,53.11,31.86,14.7,203.5,-186.3,23.75,22.06,4.338,2.643,35.06,2.382,1.476,256,216.3,7,2.7,43.3,38.5,81,88.4,2.2,49.8,6.5,141,60.3,50.1,40,39,,5.853,11.04,20,0,116.2,110.5,156.3,118.7,2.7,2.7,45,0,100,10,47,56,24.36,58.27,68.27,54.56,53.89,35.28,104.1,228.2,2.64,2.99,,55,6
,49,55.32,56.3,50.55,50.3,72.39,72,77.67,78.3,75.84,64.34,54.88,55.94,56.06,19.42,122.1,-85.47,42.69,38.8,9.45,5.562,49.21,3.05,1.153,254.8,215.1,8,5.2,42.4,37.5,83.5,92.8,7,48.7,6.3,135,51.2,54.6,54,52,,1.119,9.315,20,0,121.7,115.6,159.3,120.8,6.3,6,80,50,100,44.31,48,56,38,58.27,67.37,63.16,59.21,51.2,57.44,173.8,4.77,5.28,,55,7
,49,57.28,58.3,50.8,50.8,72.19,72,78.9,79.5,77.11,68.23,56.6,57.74,70.17,18.69,92.83,-41.35,57.92,51.85,10.15,4.082,54.15,3.761,0.9349,250.9,214.4,8.8,6.8,42,37.1,86.3,97.8,8.8,48.5,6.5,122,35.7,59.6,63,60,,4.491,8.428,20,0,121.2,115.6,160.3,122.6,7.5,7.5,80,50,100,60.86,48,56,38,58.27,67.98,65.08,61.3,46.16,64.37,110.7,6.48,6.71,,55,7
,49,59.04,59.9,50.96,50.8,71.45,70.8,79.64,79.5,77.15,70.85,58.16,59.42,86.59,26.27,66.65,-6.331,72.39,64.47,11.28,3.36,61.7,4.125,0.8524,253.8,215,9.2,8.2,41.6,36.7,87.4,100.3,8.8,47.7,6.2,116.7,29.3,63.6,72,69,,3.876,7.52,20,0,120.2,115.1,162.3,125.2,8.7,9.1,80,100,100,100,56,56,73,58.31,64.18,69.01,63.76,107.5,51.49,8.283,8.08,8.19,,55,7
,50,58.47,58.2,51.86,51.6,68.01,67.5,74.52,73.9,72.4,67.61,58.12,58.48,69.96,22.74,51.46,-4.234,59.42,56.26,3.224,0.05901,47.08,4.438,0.7923,258,215.9,10.1,5.9,41.5,36.6,79.8,86.4,5.9,48.8,7.3,115.6,36.2,49.8,54,52,,4.075,9.315,20,0,113.1,109.2,159.3,121.3,6.3,6.6,40,0,100,80,56,56,67,58.1,61.92,59.6,59.17,142.9,77.38,-24.08,6.61,6.51,,55,8
,50,57.36,57.2,50.76,50.4,67.27,66.8,73.82,73.3,71.87,66.96,57.09,57.41,70.53,21.02,52.88,-3.36,59.19,56.77,2.845,0.4262,46.81,4.446,0.7909,258.5,215,9.1,5.9,41.3,36.4,79.2,85.4,6.4,48,6.8,114.2,35,48.3,54,52,,2.794,9.315,20,0,112.7,109,158.8,119.9,6.3,6.6,50,0,100,80,56,56,67,58.1,61.8,58.82,58.19,136.5,68.28,-19.05,6.6,6.55,,55,8
,50,56.55,56.5,50.02,49.8,66.66,66.2,73.17,72.7,71.26,66.3,56.23,56.63,69.93,20.53,53.19,-3.793,58.69,55.89,3.593,0.7957,46.43,4.444,0.7912,257.9,215.9,9,5.9,40.8,35.8,78.6,84.4,5.9,47.5,6.7,113.1,34.3,48,53,51,,2.81,9.433,20,0,112.7,109,158.3,121.7,6.3,6.7,50,0,100,80,56,56,60,58.1,61.72,58.33,57.61,136.3,86.23,-13.08,6.53,6.51,,55,8
,50,56.22,56.6,50.18,50,66.21,65.9,72.18,71.7,70.68,65.81,55.99,56.39,64.29,16.15,52.38,-4.238,53.84,51.8,3.564,1.52,43.71,4.331,0.8117,258.2,214.2,9.5,5.2,40.8,35.8,76.6,81.4,5.2,48,7,112.9,36.5,46.1,50,48,,3.083,9.8,20,0,112.7,109,155.3,118.4,5.8,6.3,50,0,100,80,56,56,54,58.02,62.17,58.08,57.33,93.46,85.55,2.856,6.04,5.97,,55,8
,50,55.36,55.2,50.84,50.6,66.58,66.4,71.2,70.8,69.54,62.58,55.13,55.36,49.3,17.75,74.16,-42.61,40.43,38.38,2.109,0.05979,38.28,3.713,0.9468,255.8,214.7,9,3.6,41.8,36.9,74.4,78,4.3,49,7.4,118.5,43.9,41.7,44,42,,4.082,10.6,20,0,112,108.4,156.8,118.6,4.6,4.6,25,0,100,40,47,56,67,58.1,61.23,55.87,55.81,136.4,50.62,123.4,4.52,4.62,,55,9
,44,55.6,55.8,47.24,47.3,81.48,82.5,89.26,90.8,87.8,71.38,54.92,55.77,82.92,15.57,175,-107.7,75.34,69.22,7.652,1.534,71.27,3.717,0.946,255.9,216.1,7,5.4,40.4,35.3,96.2,116.6,8.7,44.4,4.1,120.2,24.2,81.2,84,80,,15.31,6.496,20,0,113.8,109.6,161.3,125.5,8.1,8.5,30,0,100,35,49,56,25,58.19,79.82,59.27,58.31,17.28,183.6,154.7,8.36,7.78,,55,10
,44,55.23,55.2,46.95,46.6,83.04,83.2,91.02,91.6,89.23,71.5,54.88,55.32,85.46,19.14,189.8,-123.5,74.28,71.13,3.948,0.7937,72.89,3.583,0.9813,257,215.2,6.4,5.4,40.4,35.4,97,118.1,7.6,44.3,3.9,123.7,26.5,82.7,86,82,,11.17,6.317,20,0,113.6,109.6,161.8,126,8.3,8.4,45,0,100,35,49,56,25,58.19,78.34,56.77,56.22,22.79,94.75,160.6,8.28,7.98,,55,10
,44,54.83,54.9,46.46,46.3,83.49,83.5,91.67,92.1,89.72,71.59,54.56,54.91,87.74,20.92,194.3,-127.5,75.14,72.71,3.219,0.7944,74.42,3.55,0.9904,257.2,215.5,5.8,5.4,40.3,35.3,97.5,119.1,7.2,43.9,3.6,124,26.5,83.8,88,84,,9.758,6.14,20,0,114,109.6,161.3,125.4,8.6,8.8,45,0,100,35,49,56,25,58.19,78.22,56.32,55.73,25.06,77.25,161,8.37,8.18,,55,10
,44,54.54,54.7,46.05,45.9,83.73,83.8,92.12,92.3,90.13,71.67,54.31,54.71,89.73,21.31,197.4,-129,75.81,73.77,3.567,1.522,75.3,3.54,0.9932,256.6,214.3,5.8,5.4,40.1,35.1,97.7,119.6,6.7,43.6,3.5,124.7,26.8,84,89,85,,8.352,6.052,20,0,114.2,109.8,164.2,127,8.6,8.6,50,0,100,35,49,56,25,58.19,78.51,56.24,55.53,25.17,85.61,160.7,8.49,8.39,,55,10
,44,52.61,51.7,46.01,45.3,86.52,86.3,93.31,93,90.5,64.91,51.98,52.38,72.39,29.95,272.6,-230.1,59.32,53.58,3.587,-2.146,65.06,3.206,1.097,255.7,215.5,5.3,5.7,40,35,98.7,121.6,7.1,43.9,3.9,131.2,32.2,86.1,76,73,,7.505,7.139,20,0,115.7,110.3,164.2,128.6,6.9,6.4,60,0,100,20,49,56,40,58.27,74.54,54.72,53.64,44.19,79.53,205.4,6.6,6.79,,55,11
,44,50.69,50.3,44.25,43.8,86.35,86.1,93.02,93,90.34,63.27,49.97,50.7,71.13,28.67,288.5,-246,57.65,51.2,6.506,0.0598,65.17,3.11,1.13,255.9,214.7,4.3,5,39.5,34.6,98,120.1,6.8,42.7,3.2,130.1,32.1,86.1,76,73,,7.1,7.139,20,0,116,110.5,163.3,127.7,6.7,6.5,70,0,100,20,49,56,34,58.27,75.8,55.83,53.27,39.23,61.08,210.5,6.44,6.67,,55,11
,44,49.91,50,43.8,43.8,85.9,85.6,92.37,91.9,89.93,62.7,49.19,50.12,69.27,26.17,291.6,-248.5,54.86,48.4,8.358,1.896,60.75,3.175,1.107,257.1,215.3,3.8,4.3,40,35,96.5,116.1,5.5,42.5,2.7,129.3,32.5,81.1,70,67,,4.133,7.715,20,0,115.7,110.3,160.3,124.5,6.3,6.2,70,0,100,20,49,56,30,58.31,76.09,55.5,52.95,35.32,78.47,214.4,6.11,6.47,,55,11
,44,50.16,50.6,44.45,44.6,85.21,84.8,91.3,90.8,89.15,62.74,49.6,50.53,65.51,23.16,283.6,-241.3,51.36,46.35,8.387,3.377,59.45,3.038,1.157,257.8,216,5.2,5.2,39.4,34.5,96,116.1,6.2,42.9,3.4,130.1,34.4,81.6,70,67,,4.214,7.715,20,0,115.7,110.5,161.3,126.3,5.9,6,65,0,100,20,49,56,24,58.31,76.87,55.79,53.31,29.95,81.35,215.7,5.71,6.09,,55,11
,45,50.73,50.8,44.86,45.3,85.53,86.6,91.51,90.8,89.31,63.03,50.05,50.9,63.96,23.52,281.3,-240.8,52.31,46.26,7.573,1.518,46.01,3.997,0.8796,256.9,213.9,4.4,3,41,36.1,94,112.2,4.4,43.6,2.6,130.9,36.7,76.3,51,48,,2.253,9.8,20,0,116.2,110.7,162.8,125.4,4,5.4,30,0,100,5,49,56,39,58.35,77.2,55.18,53.6,29.95,115.5,214.6,5.87,5.98,,55,12
,45,50.03,49.5,46.05,45.6,85.98,86.1,90.36,90.7,88.29,58.89,49.68,50.04,46.81,22.17,314.2,-289.6,35.72,32.56,3.212,0.05988,49.58,2.533,1.388,256.5,215,5,3,40.8,35.8,93.7,111.7,5.5,44.8,4,138.4,44.7,76.4,56,54,,6.423,9.084,20,0,116.4,110.7,162.3,125.7,4.4,3.7,25,0,100,5,49,56,26,58.39,78.22,50.71,50.69,26.84,77.09,230,3.98,4.38,,55,12
,45,48.56,48.3,44.94,45.1,85.98,85.1,89.91,88.7,88.29,57.75,48.37,48.69,42.02,17.37,326.6,-302,32.27,30.59,2.833,1.155,43.52,2.607,1.349,256.7,214.1,4.8,2.3,40.3,35.3,91,106.2,2.9,44.3,3.7,140,48.5,71.8,50,48,,6.266,9.8,20,0,116.7,110.7,161.3,124.9,3.6,3.2,30,0,100,5,49,56,19,58.39,77.69,48.95,49.06,21.6,67.99,232.6,3.62,3.93,,55,12
,45,48.56,48.5,45.23,45.3,85.04,84.9,88.81,88.5,87.31,57.54,48.54,48.77,40.06,15.97,316.7,-292.6,29.8,29.58,2.108,1.891,44.65,2.346,1.498,255.4,214.7,4.9,3,40.4,35.4,91.5,107.2,3.9,44.6,4.2,143,51.5,71.9,51,49,,6.093,9.675,20,0,117.4,110.9,161.8,125.4,3.7,3.4,30,0,100,5,49,56,19,58.39,79.49,49.03,49.06,18.17,50.58,231.5,3.33,3.77,,55,12
,44,53.23,53.9,46.05,46.3,78.7,78.1,86.19,85.6,84.64,69.33,53.37,53.56,80.34,16.54,164.2,-100.4,64.2,65.45,1.741,2.988,62.34,3.621,0.9709,257.4,214.6,7.1,6.9,39.2,34.3,92.5,109.2,7.9,43.9,4.7,122.5,29.5,74.9,72,69,,1.978,7.52,20,0,118.8,112.9,160.8,126,7.7,7.6,0,0,100,45.76,49.64,56,25.73,58.51,75.68,53.66,53.64,23.12,41.79,154.8,7.18,7.49,,55,13
,44,54.46,55,46.38,46.3,77.47,77.1,85.82,85.6,84.07,71.1,54.56,54.71,89.21,18.66,138.6,-68.07,72.58,73.47,1.381,2.266,67.56,3.777,0.9308,256.4,215.6,6.8,7.9,39.5,34.6,93.5,111.2,8.5,43.6,3.8,119.7,26.7,76.1,78,75,,2.897,6.952,20,0,118.3,112.9,161.3,125.8,8.6,8.7,0,0,100,53.9,49.85,56,28.17,58.51,74.45,54.85,54.79,28.1,33.15,120.5,8.08,8.35,,55,13
,44,55.11,55.6,46.42,46.3,76.53,75.7,85.65,84.9,83.83,72.57,55.25,55.45,97.2,19.47,119.8,-42.12,77.78,79.03,1.742,2.99,71.25,3.838,0.916,255.5,214.7,7.1,8.6,39.2,34.3,93.5,111.2,8.5,43.4,3.9,118.1,24.6,76.9,82,79,,0.8732,6.586,20,0,117.1,112,159.3,126.8,9.2,9.3,45,0,100,70,53,56,43,58.51,73.59,55.58,55.53,30.99,41.82,87.03,8.69,9.12,,55,13
,44,53.8,53.6,46.91,46.8,76.89,76,84.02,83,81.25,65.81,53.08,53.85,75.8,29.49,164.2,-117.9,62.23,55.72,6.933,0.4295,56.44,3.877,0.907,255.4,216.6,6.8,5.6,40,35,88.6,101.8,5.7,44.3,4.3,120.9,32,66.7,65,62,,3.267,8.219,20,0,113.1,109,159.8,124,7,6.8,65,0,100,30,48,56,46,57.86,65.53,58.12,56.47,92.28,100.5,168.8,6.89,7.13,,55,14
,44,52.7,52.5,45.97,45.8,76.2,75.9,83.2,82.5,80.59,64.63,51.93,52.78,74.7,27.82,170.4,-123.5,59.8,53.04,7.553,0.7868,55.91,3.761,0.9349,256.1,213.3,6.2,5.8,39.4,34.5,88.3,101.3,6.3,43.6,4.4,119.5,30.9,67.1,64,61,,1.346,8.323,20,0,113.1,108.8,161.8,122.3,6.6,6.7,70,0,100,30,48,56,46,57.82,66.88,58.25,55.49,73.69,65.65,176.4,6.73,7,,55,14
,44,52.12,52.2,45.43,45.3,76.16,75.9,83.07,82.8,80.59,64.3,51.36,52.33,73.82,26.51,173.8,-126.5,59.99,53.16,8.724,1.895,55.98,3.768,0.9332,256.1,215.2,5.7,5.8,39.4,34.5,88.6,101.8,6.8,43.2,4,118.8,30.4,66.5,64,61,,2.838,8.323,20,0,113.1,108.8,158.8,123.8,6.8,6.9,70,0,100,30,48,56,46,57.82,67.98,57.96,55.2,62.57,75.83,177.8,6.69,6.91,,55,14
,44,51.71,51.7,45.02,45.1,76.07,76,82.99,82.8,80.59,64.05,50.99,51.88,73.59,25.55,175.9,-127.9,60.31,53.81,8.031,1.536,56.3,3.766,0.9335,255.3,216.4,5.4,5.8,39.4,34.5,88.6,101.8,6.8,42.9,3.4,117.8,29.2,66.8,64,61,,3.704,8.323,20,0,113.1,108.6,159.3,124,6.6,6.8,70,0,100,30,48,56,46,57.82,68.02,57.96,54.99,60.09,64.99,177.2,6.69,6.92,,55,14
,45,50.32,49.6,46.62,46.4,77.34,77,81.31,80.8,79.4,57.75,49.89,50.33,42.48,20.45,231.7,-209.7,33.15,29.26,3.946,0.05878,40.83,2.855,1.232,256.8,215,6.3,3.2,40.1,35.1,83.8,93.3,3.4,45.3,5.2,129.6,45.8,58.8,47,45,,5.37,10.19,20,0,112.7,108,157.3,121.2,3.7,3.2,10,0,100,10,48,56,42,57.74,68.52,50.96,51.02,45.52,94.71,224.4,3.7,3.97,,55,15
,45,48.85,48.3,45.27,44.9,76.73,76.4,80.62,80.4,78.75,56.19,48.62,48.85,41.58,20,241.2,-219.6,31.99,29.94,2.108,0.05922,40.9,2.75,1.279,256.6,214.6,4.8,2.5,40.1,35.1,83.5,91.8,3.8,44.4,4.3,132.9,49.1,56.5,47,45,,4.916,10.19,20,0,112.9,108,158.3,122,3.9,3.4,20,0,100,10,48,56,35,57.74,68.19,49.24,49.3,45.91,50.58,224.8,3.58,3.89,,55,15
,45,48.44,48.8,45.97,46.3,74.81,74.6,77.79,77.6,76.54,55.74,48.54,48.81,31.86,13.39,221.8,-203.4,22.11,22.99,2.474,3.355,38.5,2.019,1.742,256,214.7,5.5,2.8,40.6,35.6,80.4,87.4,2.4,45.3,4.7,138.4,58,51.5,43,41,,3.748,10.74,20,0,113.6,108.6,156.3,120,3,2.7,10,0,100,10,48,56,19,57.78,69.01,48.99,49.02,28.62,59.37,229.5,2.47,2.98,,55,15
,44,54.66,56.1,46.87,47,71.86,70,80.04,78.9,78.22,70.19,54.68,55.24,86.91,19.41,85.15,-17.66,70.21,70.36,5.073,5.223,62.19,3.969,0.8858,254.8,216.2,7.9,7.7,39.2,34.3,86.6,98.3,7.2,44.3,5.2,116.4,29.6,64.5,72,69,,1.134,7.52,20,0,118.1,113.1,158.8,123.8,9.1,9.1,60,30,100,90,57,56,65,58.19,65.85,60.66,57.04,60.76,33.62,44.26,7.79,8.18,,55,16
,44,55.77,56,46.54,45.9,69.93,69.7,79.23,79.4,76.58,69.74,54.92,55.86,98.74,28.13,72.61,-2.01,82.89,75.32,8.37,0.7948,67.64,4.309,0.816,255,215.6,7.5,8.6,38.5,33.8,87.7,100.3,9.1,43,4.4,112.4,24.3,67,78,75,,3.44,6.952,20,0,117.1,112.9,158.8,124.1,9.7,9.9,80,30,100,90,57,56,62,58.19,63.68,62.3,59.05,122.8,61.77,-9.506,9.23,9.3,,55,16
,44,55.32,55.3,45.52,45.3,70.02,69.7,79.84,79.7,77.11,69.95,54.43,55.36,104.6,29.06,76.24,-0.7067,87.59,79.69,8.328,0.4252,69.08,4.459,0.7886,255.5,214.5,7,8.1,38.3,33.5,88,100.8,8.8,42.4,4.4,111.1,22.9,67.6,79,76,,2.525,6.86,20,0,116.4,112.2,161.3,127.3,10.2,10,80,30,100,90,57,56,62,58.19,63.68,61.97,58.72,126.8,61.46,-11.55,9.8,9.82,,55,16
,45,53.84,53.6,46.66,46.4,69.16,68.7,76.48,75.9,74.24,65.81,53.45,53.93,78.81,24.07,90.68,-35.95,64.23,60.71,4.306,0.7914,51.94,4.348,0.8086,258.1,214.7,8.1,6.2,38.3,33.5,82.1,90.4,6.2,43.8,5.5,112,29.9,56.6,59,57,,0.2399,8.75,20,0,111.1,107.5,157.3,122.8,7.2,7.2,35,0,100,55,49,56,67,58.27,62.58,55.54,55.03,134,103.3,85.31,7.18,7.32,,55,17
,45,52.74,52.5,45.64,45.3,68.34,67.9,75.58,75,73.43,64.87,52.43,52.78,77.7,23.12,91.73,-37.15,63.59,60.81,3.212,0.4262,51.69,4.326,0.8128,257.4,215,7,5.7,38.3,33.5,80.7,87.9,6.1,42.9,4.6,110.7,29.7,54.4,58,56,,0.769,8.86,20,0,110.9,107.3,155.3,121,7.2,7.2,45,0,100,55,49,56,67,58.27,62.33,54.23,53.72,136.5,77.09,86.75,7.1,7.24,,55,17
,45,51.71,51.6,44.78,44.6,67.6,67.2,74.6,73.6,72.61,64.09,51.44,51.84,75.53,21.5,91.86,-37.83,62.56,60.13,3.604,1.168,45.59,4.825,0.7288,259,216.5,5.3,4.6,39.5,34.6,78.2,83.9,3.9,42.7,3.2,109.6,31.4,49.6,52,50,,0.002207,9.553,20,0,110.7,107.1,156.8,121.3,6.6,6.8,45,0,100,55,49,56,67,58.23,62.09,53.41,52.82,133.7,86.5,89.45,6.93,7,,55,17
,45,51.8,52,45.64,45.6,66.37,66.2,72.8,72.3,71.01,63.23,51.69,52.05,68.97,19.19,83.45,-33.67,55.42,54.47,3.227,2.271,46.35,4.204,0.8363,257.6,216.1,6.7,5,38.9,34,77.3,82.4,5.6,43.6,4.7,110.5,33.4,49.6,52,50,,-0.5208,9.553,20,0,110.3,106.9,153.8,121.7,6.1,6.4,40,0,100,55,49,56,60,58.15,62.42,53.58,52.91,107.8,77.45,89.44,6.16,6.43,,55,17
,45,50.12,50.3,45.39,45.8,66.86,66.1,71.65,70.6,70.4,60.37,50.01,50.33,51.16,13.41,107.1,-69.38,42.21,41.26,2.838,1.889,39.41,3.766,0.9335,256.4,214.5,7.5,3.8,38.3,33.5,74.4,78,3,44.1,5.6,112.9,38.5,44.3,45,43,,4.421,10.46,20,0,110.1,106.9,155.8,119.1,4.5,4.5,0,0,100,32.76,47.52,56,54,58.39,61.68,50.63,50.65,97.93,68.1,157.6,4.73,4.79,,55,18
,45,49.67,49.1,45.07,44.8,66.66,66.7,71.41,71.4,69.78,58.52,49.52,49.67,50.69,17.34,120.2,-86.83,41.14,39.82,1.375,0.05976,40.05,3.611,0.9737,256.2,214.6,5.6,3.6,39.2,34.3,75,78.9,4.7,43.8,4.7,115.7,40.7,44.4,46,44,,3.62,10.32,20,0,110.1,106.9,155.3,120.5,4.6,4.5,0,0,100,26.55,47.1,56,67,58.39,61.72,49.98,50.04,125,33,171.3,4.6,4.75,,55,18
,45,48.56,48.3,45.02,44.9,66.53,66.2,70.38,69.7,68.92,56.35,48.5,48.77,41.07,15.59,134.2,-108.7,31.56,30.98,2.469,1.887,35.58,3.119,1.127,256.2,214.2,5.9,3.1,39.2,34.3,72.8,75.5,2.5,44.1,4.9,119.7,46.9,40.8,40,39,,1.499,11.04,20,0,110.3,107.1,154.3,119.2,3.6,3.2,35,0,100,23,47,56,60,58.31,61.19,49.77,49.3,130,59.26,197,3.54,3.85,,55,18
,45,48.32,48.3,44.78,44.8,66.29,66.2,70.05,69.5,68.72,55.86,48.21,48.57,40.47,14.38,138.2,-112.1,31.64,30.69,3.207,2.258,34.11,3.262,1.078,258,214.7,4.5,2.4,40.1,35.1,72.2,74,3,44.1,4,122.5,50.3,38.9,39,38,,2.138,11.2,20,0,110.9,107.3,153.8,117.4,3.3,3.7,35,0,100,23,47,56,60,58.23,61.8,49.85,49.34,96.55,76.98,200.7,3.54,3.76,,55,18
,39,50.61,50.4,42.08,41.7,80.37,80.2,88.89,88.7,86.81,68.27,50.34,50.74,90.9,22.15,198,-129.2,76.51,74.09,3.582,1.161,73.14,3.678,0.9559,256.2,215.2,4.1,4.8,37.6,32.9,93.5,111.7,5.2,40.1,2.5,119,25.5,79,85,81,,7.046,6.406,20,0,112.9,108.8,159.8,126.8,8.7,8.7,40,0,100,36,49,56,30.44,58.35,74.45,52.15,51.55,33.01,85.97,160.3,8.53,8.52,,55,19
,39,50.08,50,41.42,41,80.42,80.5,89.18,89.2,86.98,68.07,49.85,50.25,93.31,23.41,201.4,-131.5,77.3,75.26,3.568,1.522,77.01,3.529,0.9962,255.6,214.4,3.6,5.3,37.4,32.7,94.5,113.2,5.6,38.5,0.9,118.3,23.8,80,91,87,,6.315,5.877,20,0,112.7,108.8,160.8,127.3,8.8,9,40,0,100,36,49,56,33.64,58.35,74.33,51.65,51.1,35.15,85.63,160.1,8.66,8.76,,55,19
,39,49.67,49.6,40.97,40.7,80.5,80.4,89.38,89.4,87.06,67.94,49.44,49.8,94.43,24.66,203.2,-133.5,77.75,75.7,3.206,1.158,77.55,3.525,0.9975,255.1,214.6,3.3,4.9,37.2,32.5,94.3,112.7,5.1,38.2,1.1,117.6,23.6,80.2,91,87,,5.696,5.877,20,0,112.7,108.8,160.8,127.3,8.9,9.1,45,0,100,36,49,56,33.84,58.35,74.33,51.49,50.78,37.04,76.94,160.1,8.7,8.88,,55,19
,40,47.17,46.8,40.52,40.2,82.01,81.5,88.97,88.3,86.57,61.88,46.82,47.26,74.31,25.65,263.6,-215,59.38,56.24,3.934,0.7908,62.24,3.355,1.048,256.3,214.4,3,5.2,37.2,32.5,93.5,111.2,5.3,39.2,2.1,121.7,28.5,79.3,72,69,,3.735,7.52,20,0,111.3,107.3,161.8,126.6,6.8,6.7,49.22,0,100,23,49,56,43,58.55,72.77,49.2,48.44,43.29,94.41,201.6,6.65,6.96,,55,20
,40,46.14,45.9,39.74,39.6,81.27,80.8,88.07,87.5,85.79,60.82,45.79,46.23,72.62,24.36,266.9,-218.6,57.14,54,3.931,0.7902,60.93,3.297,1.066,256.5,214.2,2.3,5.2,37.1,32.4,92.7,109.7,5.7,38.2,1.1,122,29.3,77.5,70,67,,2.555,7.715,20,0,111.3,107.3,161.3,153.5,6.7,6.5,48.55,0,100,23,49,56,26,58.55,72.98,48.21,47.42,40.53,94.33,204.6,6.4,6.8,,55,20
,40,45.9,46.1,39.95,40.1,80.82,80.5,87.13,86.3,85.26,60.57,45.71,46.19,67.26,19.95,263.4,-216.1,53.44,51.75,4.323,2.633,56.59,3.32,1.059,256.1,215.5,3.7,4.7,36.7,32.1,91,106.2,5,38.9,2.4,121.7,31,74.3,65,62,,3.384,8.219,20,0,111.3,107.3,160.3,127.3,5.9,5.9,47.88,0,100,23,49,56,26,58.6,74.29,48.05,47.34,30.51,103.7,205.8,5.95,6.31,,55,20
,40,46.39,46.6,40.64,40.5,80.37,80.2,86.47,86.3,84.77,60.61,46.16,46.64,65.44,18.3,259.1,-212,51.54,49.48,4.316,2.262,56.83,3.189,1.103,257.5,215.2,4.2,4.9,36.3,31.7,91,106.2,5.9,39.4,3.1,123,32,74.3,65,62,,3.457,8.219,20,0,111.6,107.3,159.3,126.7,5.9,6.1,42.21,0,100,23,49,56,23,58.64,75.23,48.5,47.75,26.47,103.6,208.3,5.75,6.1,,55,20
,40,45.41,45.1,41.54,41.4,81.19,81,85.49,84.9,83.62,55.41,45.26,45.5,46.07,20.05,302.4,-276.4,34.31,33,2.093,0.7861,46.69,2.584,1.361,257.3,213.1,4.2,3.4,37.2,32.5,88.6,101.3,3.9,40.5,3.3,130.9,42.1,68.6,52,50,,3.28,9.553,20,0,112.7,107.7,159.8,126.1,3.9,3.7,10,0,100,8,49,56,27,57.69,72.53,45.88,45.94,32.43,50.24,229.2,3.87,4.3,,55,21
,40,44.34,44.1,40.6,40.2,81.15,81,85.45,84.9,83.66,54.31,44.28,44.51,46.3,19.26,316.3,-289.2,33.63,33.04,2.119,1.532,46.6,2.537,1.386,258.6,215.7,3,3.5,37.2,32.5,88.6,101.8,4.1,40.1,2.9,131.7,43.4,69.3,52,50,,1.252,9.553,20,0,112.9,107.7,156.3,122.5,4.1,3.9,20,0,100,8,49,56,27,57.57,73.72,44.82,44.92,28.64,50.86,231.6,3.74,4.3,,55,21
,40,43.57,43.4,39.87,39.6,81.11,80.8,85.41,84.8,83.7,53.78,43.5,43.82,45.96,18.25,320.1,-292.4,32.69,32.11,2.806,2.229,44.26,2.597,1.354,256.7,212.1,2,2.6,37.6,32.9,87.4,99.8,3.7,39.8,2.2,132.3,44.6,66.6,50,48,,-1.49,9.8,20,0,113.3,108,160.3,126.6,4,3.8,20,0,100,8,49,56,23,57.53,74.08,44,44.1,26.46,67.35,230.9,3.7,4.3,,55,21
,40,43.28,43.2,39.95,40.1,80.54,80.2,84.43,83.7,83.09,53.49,43.3,43.53,41.92,14.42,319.2,-291.7,29.89,30.04,2.115,2.264,40.78,2.578,1.364,258.8,215.4,1.9,1.8,38.2,33.4,85.5,96.3,2,39.8,1.8,132.6,47.4,62.6,47,45,,-1.025,10.19,20,0,113.6,108.2,159.3,124.8,3.5,3.1,20,0,100,8,49,56,20,57.45,74.29,43.75,43.86,20.55,50.77,234.4,3.33,3.89,,55,21
,39,49.09,49.5,40.97,40.7,73.17,72.7,81.48,81,79.73,66.59,49.19,49.39,88.9,18.69,140.6,-70.36,72.98,73.86,1.749,2.634,64.83,3.958,0.8883,256.7,215.6,4.5,7.3,36.2,31.6,88,101.3,6.7,38.9,2.9,112.9,24.9,69.7,74,72,,2.831,7.233,20,0,114.5,109.6,157.3,124.9,8.3,8.8,0,0,100,53.9,49.85,56,40.17,56.83,69.46,49.52,49.55,35.53,41.98,121.8,8.12,8.31,,55,22
,39,49.75,50.1,41.01,40.9,71.65,70.1,80.7,79.5,78.67,67.61,49.81,50,98.54,22.15,120.4,-43.98,78.22,78.74,1.744,2.259,67.02,4.104,0.8568,261.4,214.9,5.3,7.7,35.6,31.1,87.2,99.3,6.5,38.7,2.9,111.1,24.1,68,78,75,,-1.271,6.952,20,0,113.8,109.2,158.3,126.5,9.4,9.2,50,0,100,85,57,56,53,56.79,66.8,50.18,50.16,53.15,41.86,90.41,8.74,9.05,,55,22
,39,47,46.4,39.99,39.6,71.16,70.8,78.32,77.9,75.96,60.78,46.61,46.97,76.47,25.21,162.1,-110.9,62.19,58.71,3.178,-0.3043,55.39,3.948,0.8906,256.2,212.7,3.1,5.9,36.5,31.9,83.8,93.3,5.6,38,1.7,110.9,27.2,61.1,64,61,,1.931,8.323,20,0,109.8,106.5,158.3,125.7,7,6.8,35,0,100,33,48,56,47.42,55.32,63.56,48.26,47.91,73.4,76.27,163.4,7.01,7.16,,55,23
,39,45.78,45.4,39.01,38.7,70.87,70.6,77.92,77.3,75.88,60.29,45.55,45.99,75.34,21.76,166.9,-113.3,60.46,58.42,3.933,1.887,52.6,4.041,0.87,256.8,214.3,2.6,5.3,36.3,31.7,82.6,91.3,5.3,37.3,0.8,109.4,26.8,59.6,59,57,,0.1045,8.75,20,0,109.6,106.1,157.3,124.9,6.7,6.5,40,0,100,33,48,56,47.15,55.2,64.18,47.35,46.85,58.17,94.38,166.9,6.77,7.05,,55,23
,39,45.65,45.9,39.58,39.6,69.97,69.5,76.36,75.9,74.69,59.79,45.55,45.99,68.36,17.83,159.5,-109,54.26,53.31,3.934,2.985,50.3,3.793,0.927,256.9,214.4,4,5.1,35.6,31.1,81,88.4,5.4,38.4,2.8,110.5,29.3,57.3,56,54,,0.3117,9.084,20,0,109.4,106.1,155.3,123.5,6.2,6.3,35,0,100,33,48,56,40.88,55.16,64.54,47.27,46.76,45.57,94.41,171,6.07,6.39,,55,23
,40,44.43,44.1,40.85,40.5,71,70.9,74.89,74.7,73.34,53.16,44.24,44.55,41.63,16.52,216.1,-191,32.08,30.39,2.848,1.161,39.1,2.884,1.219,257,215.2,3.6,2.9,36.9,32.2,77.6,82.9,3.8,40.1,3,119.7,42.1,51.2,45,43,,3.764,10.46,20,0,108.8,105.5,155.3,121.9,3.9,3.6,20,0,100,15,48,56,41.84,55.28,64.18,44.94,45.04,44.55,68.35,220.8,3.58,3.89,,55,24
,40,43.52,43,40.03,39.8,71.08,70.8,74.97,74.9,73.47,52.26,43.38,43.65,41.56,16.05,226.7,-201.1,31.44,30.11,2.489,1.165,39.15,2.823,1.245,256.5,215.9,2.9,3,37.1,32.4,77.9,83.4,3.6,39.6,2.7,122.7,44.8,51,45,43,,2.446,10.46,20,0,109.2,105.9,154.8,121.6,4,3.2,25,0,100,15,48,56,37.71,55.32,64.5,43.92,44.02,41.94,59.73,222.4,3.49,3.89,,55,24
,40,43.28,43.4,40.36,40.4,70.18,69.5,73.58,72.8,72.36,52.01,43.3,43.61,36.14,12.92,216.5,-193.2,26,26.14,2.826,2.973,36.18,2.527,1.392,255.3,213.5,2.6,2.2,37.4,32.9,75,78.9,1.5,40.1,2.5,126,51,46.2,42,40,,0.4154,10.89,20,0,109.8,105.9,154.3,120.6,3.4,3.2,25,0,100,15,48,56,31.58,55.32,64.22,43.75,43.86,34.86,67.81,224.5,2.92,3.4,,55,24
,39,48.89,48.5,40.4,39.9,63.5,63.3,71.98,71.8,69.86,63.32,48.58,48.89,90.32,22.55,69.79,-2.017,76.32,73.52,2.854,0.05898,58,4.627,0.7599,255.8,215.7,4.4,7.7,35.4,30.9,79.5,85.9,7.5,38.4,3,104.1,24.6,54.5,66,63,,2.76,8.116,20,0,112.7,109.2,158.8,127.7,8.4,8.6,55,0,100,90,57,56,65,55.28,59.3,50.92,50,134.5,68.5,-13.69,8.49,8.48,,55,25
,39,48.27,48.2,39.62,39.4,63.34,63.1,71.9,71.5,69.9,63.23,47.88,48.4,91.4,21.29,71.26,-1.146,76.84,73.35,4.637,1.149,57.5,4.698,0.7484,256.4,213.1,3.8,7.7,35.3,30.9,78.6,84.4,7.1,37.7,2.3,102.8,24.1,54.5,66,63,,1.964,8.116,20,0,112.2,108.8,157.3,125.5,8.4,9,60,0,100,90,57,56,65,55.2,59.18,51.65,50,128.2,67.22,-7.532,8.65,8.56,,55,25
,39,48.11,48.2,39.5,39.4,63.1,62.9,71.69,71.4,69.66,63.03,47.68,48.28,91.71,21.7,70.72,-0.7083,76.62,72.76,5.374,1.516,57.2,4.709,0.7466,256,213.5,4.1,7.5,35.1,30.6,79.2,84.9,7.7,37.5,2.6,102.3,23.1,54,66,63,,1.284,8.116,20,0,111.1,108.4,158.3,126.7,8.6,9,60,0,100,90,57,56,65,54.95,58.98,51.94,50.28,129.4,77.91,-7.372,8.61,8.59,,55,25
,39,47.58,47.7,39.17,39.1,62.44,62.2,70.83,70.6,68.88,62.37,47.19,47.83,90.02,20.94,69.8,-0.7122,75.22,71.71,5.771,2.257,56.2,4.705,0.7472,257.4,214.7,3.8,7.3,35.3,30.8,77.9,83.4,7.1,37,1.7,101.1,23.4,52.1,64,61,,1.317,8.323,20,0,108.4,105.9,152.8,121.2,8.4,8.6,60,0,100,90,57,56,65,54.87,58.69,51.41,49.79,131.5,85.78,-7.044,8.41,8.39,,55,26
,39,47.62,47.7,39.21,38.9,62.4,62,70.75,70.6,68.8,62.33,47.14,47.87,89.15,20.84,69.02,-0.7081,75.02,70.79,6.487,2.251,55.6,4.744,0.7411,256.2,214.1,3.6,7,35.3,30.8,77.6,82.9,7.2,37.3,2.2,101.1,23.7,52.1,64,61,,1.895,8.323,20,0,108.2,105.7,155.3,123.5,8.3,8.8,60,0,100,90,57,56,65,54.79,58.57,51.41,49.75,132.3,94.04,-6.559,8.41,8.35,,55,26
,40,47.62,47.7,39.21,39.2,62.4,62.6,70.67,70.1,68.72,62.21,47.14,47.79,85.98,20.29,67.66,-1.967,75.2,70.96,5.77,1.524,45.73,5.783,0.608,249.6,214.6,2.5,4.3,36.7,32.1,74.4,78,4.6,37.7,1,100.9,26.9,46.5,52,50,,2.585,9.553,20,0,108,105.5,156.8,121.6,7.5,8.1,30,0,100,50,48,56,48,54.71,58.57,50.96,49.75,126.2,114.9,-12.17,8.41,8.27,,55,26
,40,47.09,47,40.81,40.5,63.96,64,70.38,70.3,68.92,59.75,46.94,47.38,68.4,15.54,97.58,-44.72,55.94,54.63,3.924,2.612,47.11,4.175,0.8422,255.5,213.8,4.9,5,35.8,31.3,75.3,79.4,5.7,39.1,3.3,104.5,29.2,48.3,53,51,,1.377,9.433,20,12,107.7,105.3,153.8,121.7,6.4,6.5,25,0,100,50,48,56,48,54.71,60.86,48.62,48.24,60.62,94.16,112.4,6.28,6.42,,55,26
,40,46.96,47,40.64,40.4,64.49,64.4,70.87,70.8,69.45,59.92,46.82,47.22,67.65,15.04,101,-48.42,56.39,55.08,3.563,2.251,46.87,4.231,0.8311,254.3,214.1,5.1,5.1,35.6,30.9,75.3,79.4,5,38.9,3.5,105.5,30,48.8,52,50,,3.062,9.553,20,12,107.5,105.1,153.8,121.7,6.3,6.5,30,0,100,50,48,56,48,54.83,61.19,48.38,47.95,56.76,85.52,115.6,6.32,6.38,,55,26
,40,45.16,44.3,40.6,39.9,66.58,66.5,71.36,71.1,69.41,54.02,44.81,45.01,50.91,20.75,163.6,-133.5,40.54,37.41,1.732,-1.397,40.44,3.524,0.9976,255.1,213.4,3.9,3.3,36.2,31.6,74.4,78,3.9,39.4,3.2,111.8,37.6,47.5,46,44,,2.22,10.32,20,0,108,104.9,155.3,122.7,4.7,4.2,25,0,100,22,47,56,73,55.2,59.06,45.51,45.58,129,41.56,196.8,4.56,4.78,,55,27
,40,43.85,44.1,40.56,40.7,65.22,64.4,68.87,67.9,67.65,52.79,43.87,44.15,38.65,12.89,157.7,-131.9,29.15,29.3,2.451,2.599,34.48,2.973,1.183,254.7,212.6,4.3,2.7,36.2,31.6,70.6,72,0.8,40.1,3.9,117.4,46.8,40.9,39,38,,0.7942,11.2,20,0,108,105.1,150.4,118.8,3.7,3.6,20,0,100,22,47,56,48,55.07,59.26,44.32,44.39,73.86,58.82,207.4,3.29,3.65,,55,27
,40,44.06,44.1,40.68,40.5,64.61,64.5,68.42,68.3,67.08,52.47,43.99,44.27,40.45,14.21,155.3,-129.1,30.08,29.5,2.467,1.885,35.33,2.994,1.174,255.1,214.1,3.6,2.9,36.9,32.2,71.2,73,3.1,40.1,3.2,119.7,48.5,41.3,40,39,,-0.7857,11.04,20,0,108.4,105.1,151.8,118.3,3.8,3.6,20,0,100,22,47,56,50,55.03,60.29,44.45,44.55,64.95,59.21,206.6,3.38,3.81,,55,27
